Brand_ID,Creator_ID,category_score,context_score,cf_score,matching_score,recommendation_grade
BR_00001,CR_YT_003,1.0,0.5,0.0,0.75,C
BR_00001,CR_YT_005,1.0,0.5,0.0,0.75,C
BR_00001,CR_YT_006,1.0,0.5,0.0,0.75,C
BR_00001,CR_YT_009,1.0,0.25,0.6,0.615,D
BR_00001,CR_YT_010,1.0,0.5,0.0,0.75,C
BR_00001,CR_YT_015,1.0,0.75,0.0,0.875,B
BR_00001,CR_YT_023,1.0,0.75,0.0,0.875,B
BR_00001,CR_YT_029,1.0,0.5,0.0,0.75,C
BR_00001,CR_YT_031,1.0,0.5,0.0,0.75,C
BR_00001,CR_YT_036,1.0,0.5,0.0,0.75,C
BR_00001,CR_YT_039,1.0,0.75,0.0,0.875,B
BR_00001,CR_YT_040,1.0,0.75,0.0,0.875,B
BR_00001,CR_YT_048,1.0,0.75,0.0,0.875,B
BR_00001,CR_YT_057,1.0,0.5,0.0,0.75,C
BR_00001,CR_YT_058,1.0,0.5,0.0,0.75,C
BR_00001,CR_YT_060,1.0,0.75,0.0,0.875,B
BR_00001,CR_YT_062,1.0,0.5,0.0,0.75,C
BR_00001,CR_YT_068,1.0,0.75,0.0,0.875,B
BR_00001,CR_YT_073,1.0,0.75,0.0,0.875,B
BR_00001,CR_YT_077,1.0,0.5,0.0,0.75,C
BR_00001,CR_YT_079,1.0,0.75,0.0,0.875,B
BR_00001,CR_YT_090,1.0,0.5,0.0,0.75,C
BR_00001,CR_YT_091,1.0,0.5,0.0,0.75,C
BR_00001,CR_YT_092,1.0,0.5,0.0,0.75,C
BR_00001,CR_YT_099,1.0,0.5,0.0,0.75,C
BR_00001,CR_YT_102,1.0,0.75,0.0,0.875,B
BR_00001,CR_YT_107,1.0,0.5,0.0,0.75,C
BR_00001,CR_YT_108,1.0,0.5,0.0,0.75,C
BR_00001,CR_YT_110,1.0,0.5,0.0,0.75,C
BR_00001,CR_YT_118,1.0,0.5,0.92,0.818,B
BR_00001,CR_YT_123,1.0,0.5,0.0,0.75,C
BR_00001,CR_YT_127,1.0,0.75,0.0,0.875,B
BR_00001,CR_YT_133,1.0,0.5,0.0,0.75,C
BR_00001,CR_YT_136,1.0,0.5,0.0,0.75,C
BR_00001,CR_YT_137,1.0,0.5,0.0,0.75,C
BR_00001,CR_YT_139,1.0,0.75,0.0,0.875,B
BR_00001,CR_YT_148,1.0,0.5,0.86,0.794,C
BR_00001,CR_YT_151,1.0,0.5,0.0,0.75,C
BR_00001,CR_YT_157,1.0,0.5,0.62,0.698,D
BR_00001,CR_YT_158,1.0,0.5,0.0,0.75,C
BR_00001,CR_YT_163,1.0,0.5,0.0,0.75,C
BR_00001,CR_YT_170,1.0,0.75,0.0,0.875,B
BR_00001,CR_YT_179,1.0,0.5,0.0,0.75,C
BR_00001,CR_YT_187,1.0,0.75,0.0,0.875,B
BR_00001,CR_YT_189,1.0,0.5,0.0,0.75,C
BR_00001,CR_YT_203,1.0,0.5,0.0,0.75,C
BR_00001,CR_YT_207,1.0,0.75,0.0,0.875,B
BR_00001,CR_YT_208,1.0,0.75,0.0,0.875,B
BR_00001,CR_YT_210,1.0,0.75,0.0,0.875,B
BR_00001,CR_YT_215,1.0,0.75,0.0,0.875,B
BR_00001,CR_YT_216,1.0,0.5,0.0,0.75,C
BR_00001,CR_YT_217,1.0,0.5,0.0,0.75,C
BR_00001,CR_YT_223,1.0,0.5,0.0,0.75,C
BR_00001,CR_YT_226,1.0,0.5,0.0,0.75,C
BR_00001,CR_YT_234,1.0,0.5,0.0,0.75,C
BR_00001,CR_YT_237,1.0,0.5,0.0,0.75,C
BR_00001,CR_YT_243,1.0,0.5,0.0,0.75,C
BR_00001,CR_YT_256,1.0,0.5,0.0,0.75,C
BR_00001,CR_YT_257,1.0,0.5,0.0,0.75,C
BR_00001,CR_YT_260,1.0,0.5,0.0,0.75,C
BR_00001,CR_YT_264,1.0,0.5,0.0,0.75,C
BR_00001,CR_YT_269,1.0,0.5,0.0,0.75,C
BR_00001,CR_YT_273,1.0,0.75,0.0,0.875,B
BR_00001,CR_YT_274,1.0,0.5,0.0,0.75,C
BR_00001,CR_YT_275,1.0,0.5,0.0,0.75,C
BR_00001,CR_YT_276,1.0,0.75,0.0,0.875,B
BR_00001,CR_YT_283,1.0,0.5,0.0,0.75,C
BR_00001,CR_YT_288,1.0,0.5,0.0,0.75,C
BR_00001,CR_YT_297,1.0,0.5,0.0,0.75,C
BR_00001,CR_YT_300,1.0,0.75,0.0,0.875,B
BR_00001,CR_TK_001,1.0,0.5,0.0,0.75,C
BR_00001,CR_TK_009,1.0,0.5,0.0,0.75,C
BR_00001,CR_TK_016,1.0,0.75,0.0,0.875,B
BR_00001,CR_TK_022,1.0,0.5,0.0,0.75,C
BR_00001,CR_TK_024,1.0,0.75,0.0,0.875,B
BR_00001,CR_TK_027,1.0,0.5,0.0,0.75,C
BR_00001,CR_TK_028,1.0,0.5,0.0,0.75,C
BR_00001,CR_TK_034,1.0,0.5,0.0,0.75,C
BR_00001,CR_TK_035,1.0,0.5,0.0,0.75,C
BR_00001,CR_TK_042,1.0,0.5,0.0,0.75,C
BR_00001,CR_TK_052,1.0,0.75,0.0,0.875,B
BR_00001,CR_TK_055,1.0,0.5,0.0,0.75,C
BR_00001,CR_TK_063,1.0,0.75,0.0,0.875,B
BR_00001,CR_TK_064,1.0,0.5,0.0,0.75,C
BR_00001,CR_TK_077,1.0,0.75,0.0,0.875,B
BR_00001,CR_TK_078,1.0,0.5,0.0,0.75,C
BR_00001,CR_TK_079,1.0,0.5,0.0,0.75,C
BR_00001,CR_TK_081,1.0,0.5,0.72,0.738,C
BR_00001,CR_TK_084,1.0,0.75,0.0,0.875,B
BR_00001,CR_TK_087,1.0,0.5,0.0,0.75,C
BR_00001,CR_TK_088,1.0,0.5,0.0,0.75,C
BR_00001,CR_TK_089,1.0,0.75,0.0,0.875,B
BR_00001,CR_TK_091,1.0,0.5,0.0,0.75,C
BR_00001,CR_TK_107,1.0,0.75,1.0,0.925,A
BR_00001,CR_TK_115,1.0,0.5,0.0,0.75,C
BR_00001,CR_TK_125,1.0,0.5,0.0,0.75,C
BR_00001,CR_TK_135,1.0,0.5,0.0,0.75,C
BR_00001,CR_TK_136,1.0,0.5,0.0,0.75,C
BR_00001,CR_TK_150,1.0,0.5,0.0,0.75,C
BR_00001,CR_TK_155,1.0,0.5,0.0,0.75,C
BR_00001,CR_TK_156,1.0,0.5,0.0,0.75,C
BR_00001,CR_TK_162,1.0,0.5,0.0,0.75,C
BR_00001,CR_TK_170,1.0,0.5,0.0,0.75,C
BR_00001,CR_TK_173,1.0,0.5,0.0,0.75,C
BR_00001,CR_TK_183,1.0,0.5,0.0,0.75,C
BR_00001,CR_TK_184,1.0,0.5,0.0,0.75,C
BR_00001,CR_TK_190,1.0,0.5,0.0,0.75,C
BR_00002,CR_YT_003,1.0,0.5,0.0,0.75,C
BR_00002,CR_YT_007,1.0,1.0,0.0,1.0,A
BR_00002,CR_YT_012,1.0,0.75,0.0,0.875,B
BR_00002,CR_YT_020,0.5,1.0,0.0,0.75,C
BR_00002,CR_YT_022,1.0,0.75,0.0,0.875,B
BR_00002,CR_YT_031,1.0,0.75,0.0,0.875,B
BR_00002,CR_YT_032,0.5,0.75,0.78,0.687,D
BR_00002,CR_YT_033,0.5,0.75,0.0,0.625,D
BR_00002,CR_YT_040,1.0,0.75,0.0,0.875,B
BR_00002,CR_YT_041,1.0,1.0,0.0,1.0,A
BR_00002,CR_YT_042,0.5,0.75,0.0,0.625,D
BR_00002,CR_YT_045,1.0,0.75,0.0,0.875,B
BR_00002,CR_YT_046,1.0,0.75,0.0,0.875,B
BR_00002,CR_YT_047,1.0,1.0,0.0,1.0,A
BR_00002,CR_YT_048,1.0,0.75,0.0,0.875,B
BR_00002,CR_YT_049,1.0,1.0,0.0,1.0,A
BR_00002,CR_YT_051,1.0,0.75,0.0,0.875,B
BR_00002,CR_YT_054,1.0,0.75,0.0,0.875,B
BR_00002,CR_YT_058,1.0,0.5,0.78,0.762,C
BR_00002,CR_YT_060,1.0,0.75,0.7,0.805,B
BR_00002,CR_YT_061,1.0,1.0,0.0,1.0,A
BR_00002,CR_YT_062,1.0,0.5,0.0,0.75,C
BR_00002,CR_YT_067,1.0,1.0,0.0,1.0,A
BR_00002,CR_YT_068,1.0,0.75,0.0,0.875,B
BR_00002,CR_YT_070,0.5,0.75,0.0,0.625,D
BR_00002,CR_YT_071,1.0,1.0,0.0,1.0,A
BR_00002,CR_YT_073,1.0,0.75,0.76,0.829,B
BR_00002,CR_YT_075,0.5,0.75,0.0,0.625,D
BR_00002,CR_YT_079,1.0,0.75,0.0,0.875,B
BR_00002,CR_YT_085,1.0,1.0,0.0,1.0,A
BR_00002,CR_YT_088,1.0,1.0,0.84,0.936,A
BR_00002,CR_YT_091,1.0,0.5,0.0,0.75,C
BR_00002,CR_YT_099,1.0,0.5,0.0,0.75,C
BR_00002,CR_YT_102,1.0,0.75,0.0,0.875,B
BR_00002,CR_YT_111,1.0,1.0,0.0,1.0,A
BR_00002,CR_YT_115,1.0,1.0,0.0,1.0,A
BR_00002,CR_YT_120,1.0,0.75,0.0,0.875,B
BR_00002,CR_YT_122,0.5,0.75,0.0,0.625,D
BR_00002,CR_YT_123,1.0,0.5,0.0,0.75,C
BR_00002,CR_YT_125,1.0,0.75,0.0,0.875,B
BR_00002,CR_YT_126,0.5,0.75,0.0,0.625,D
BR_00002,CR_YT_129,0.5,0.5,0.0,0.5,D
BR_00002,CR_YT_130,0.5,1.0,0.0,0.75,C
BR_00002,CR_YT_133,1.0,0.5,0.0,0.75,C
BR_00002,CR_YT_135,1.0,0.75,0.0,0.875,B
BR_00002,CR_YT_136,1.0,0.5,0.0,0.75,C
BR_00002,CR_YT_138,1.0,0.75,0.0,0.875,B
BR_00002,CR_YT_146,0.5,0.75,0.0,0.625,D
BR_00002,CR_YT_148,1.0,0.5,0.0,0.75,C
BR_00002,CR_YT_158,1.0,0.5,0.0,0.75,C
BR_00002,CR_YT_162,0.5,0.75,0.0,0.625,D
BR_00002,CR_YT_163,1.0,0.5,0.62,0.698,D
BR_00002,CR_YT_167,0.5,0.75,0.0,0.625,D
BR_00002,CR_YT_171,1.0,1.0,0.0,1.0,A
BR_00002,CR_YT_179,1.0,0.5,0.64,0.706,C
BR_00002,CR_YT_183,0.5,0.75,0.0,0.625,D
BR_00002,CR_YT_184,0.5,0.75,1.0,0.775,C
BR_00002,CR_YT_186,1.0,0.75,0.72,0.813,B
BR_00002,CR_YT_193,1.0,0.75,0.0,0.875,B
BR_00002,CR_YT_203,1.0,0.5,0.0,0.75,C
BR_00002,CR_YT_212,0.5,0.75,0.0,0.625,D
BR_00002,CR_YT_214,1.0,1.0,0.0,1.0,A
BR_00002,CR_YT_217,1.0,0.5,0.0,0.75,C
BR_00002,CR_YT_221,1.0,0.75,0.0,0.875,B
BR_00002,CR_YT_223,1.0,0.5,0.0,0.75,C
BR_00002,CR_YT_226,1.0,0.5,0.6923,0.7269,C
BR_00002,CR_YT_228,1.0,1.0,0.0,1.0,A
BR_00002,CR_YT_230,1.0,0.75,0.96,0.909,A
BR_00002,CR_YT_231,0.5,0.75,0.0,0.625,D
BR_00002,CR_YT_237,1.0,0.5,0.0,0.75,C
BR_00002,CR_YT_243,1.0,0.5,0.0,0.75,C
BR_00002,CR_YT_244,1.0,1.0,0.0,1.0,A
BR_00002,CR_YT_245,1.0,1.0,0.0,1.0,A
BR_00002,CR_YT_258,0.5,0.5,0.0,0.5,D
BR_00002,CR_YT_260,1.0,0.5,0.0,0.75,C
BR_00002,CR_YT_270,0.5,1.0,0.0,0.75,C
BR_00002,CR_YT_273,1.0,0.75,0.0,0.875,B
BR_00002,CR_YT_276,1.0,0.75,0.0,0.875,B
BR_00002,CR_YT_281,1.0,0.75,0.0,0.875,B
BR_00002,CR_YT_283,1.0,0.5,0.0,0.75,C
BR_00002,CR_YT_288,1.0,0.5,0.0,0.75,C
BR_00002,CR_YT_299,0.5,0.75,0.0,0.625,D
BR_00002,CR_YT_300,1.0,0.75,0.0,0.875,B
BR_00002,CR_TK_006,0.5,0.75,0.0,0.625,D
BR_00002,CR_TK_011,1.0,1.0,0.0,1.0,A
BR_00002,CR_TK_015,1.0,0.75,0.0,0.875,B
BR_00002,CR_TK_016,1.0,0.75,0.0,0.875,B
BR_00002,CR_TK_018,1.0,0.75,0.0,0.875,B
BR_00002,CR_TK_020,1.0,0.75,0.78,0.837,B
BR_00002,CR_TK_021,1.0,0.75,0.0,0.875,B
BR_00002,CR_TK_022,1.0,0.5,0.0,0.75,C
BR_00002,CR_TK_023,1.0,1.0,0.0,1.0,A
BR_00002,CR_TK_026,0.5,0.75,0.0,0.625,D
BR_00002,CR_TK_027,1.0,0.5,0.0,0.75,C
BR_00002,CR_TK_028,1.0,0.5,0.0,0.75,C
BR_00002,CR_TK_032,0.5,1.0,0.78,0.762,C
BR_00002,CR_TK_034,1.0,0.5,0.0,0.75,C
BR_00002,CR_TK_041,0.5,1.0,0.0,0.75,C
BR_00002,CR_TK_042,1.0,0.5,0.0,0.75,C
BR_00002,CR_TK_045,0.5,1.0,0.0,0.75,C
BR_00002,CR_TK_046,0.5,1.0,0.0,0.75,C
BR_00002,CR_TK_051,1.0,0.75,0.0,0.875,B
BR_00002,CR_TK_055,1.0,0.5,0.0,0.75,C
BR_00002,CR_TK_057,1.0,0.75,0.0,0.875,B
BR_00002,CR_TK_058,0.5,0.75,0.0,0.625,D
BR_00002,CR_TK_061,1.0,1.0,0.9,0.96,A
BR_00002,CR_TK_063,1.0,0.75,0.0,0.875,B
BR_00002,CR_TK_074,1.0,0.75,0.0,0.875,B
BR_00002,CR_TK_076,1.0,0.75,0.0,0.875,B
BR_00002,CR_TK_077,1.0,0.75,0.0,0.875,B
BR_00002,CR_TK_078,1.0,0.5,0.8,0.77,C
BR_00002,CR_TK_081,1.0,0.5,0.0,0.75,C
BR_00002,CR_TK_084,1.0,0.75,0.0,0.875,B
BR_00002,CR_TK_086,0.5,0.75,0.0,0.625,D
BR_00002,CR_TK_087,1.0,0.5,0.0,0.75,C
BR_00002,CR_TK_088,1.0,0.5,0.0,0.75,C
BR_00002,CR_TK_091,1.0,0.75,0.0,0.875,B
BR_00002,CR_TK_108,1.0,0.75,0.0,0.875,B
BR_00002,CR_TK_118,0.5,0.75,0.66,0.639,D
BR_00002,CR_TK_120,1.0,0.75,0.0,0.875,B
BR_00002,CR_TK_128,0.5,1.0,0.0,0.75,C
BR_00002,CR_TK_134,0.5,1.0,0.0,0.75,C
BR_00002,CR_TK_140,1.0,1.0,0.0,1.0,A
BR_00002,CR_TK_142,1.0,1.0,0.0,1.0,A
BR_00002,CR_TK_146,1.0,0.75,0.0,0.875,B
BR_00002,CR_TK_150,1.0,0.5,0.0,0.75,C
BR_00002,CR_TK_152,1.0,1.0,0.0,1.0,A
BR_00002,CR_TK_156,1.0,0.5,0.0,0.75,C
BR_00002,CR_TK_159,0.5,0.75,0.0,0.625,D
BR_00002,CR_TK_161,1.0,0.75,0.0,0.875,B
BR_00002,CR_TK_162,1.0,0.5,0.0,0.75,C
BR_00002,CR_TK_165,1.0,1.0,0.0,1.0,A
BR_00002,CR_TK_166,1.0,1.0,0.0,1.0,A
BR_00002,CR_TK_171,1.0,0.75,0.0,0.875,B
BR_00002,CR_TK_175,1.0,0.75,0.0,0.875,B
BR_00002,CR_TK_179,0.5,0.75,0.0,0.625,D
BR_00002,CR_TK_191,1.0,1.0,0.0,1.0,A
BR_00002,CR_TK_192,1.0,1.0,0.0,1.0,A
BR_00002,CR_TK_196,1.0,0.75,0.0,0.875,B
BR_00002,CR_TK_197,0.5,0.75,0.0,0.625,D
BR_00002,CR_TK_199,0.5,1.0,0.0,0.75,C
BR_00003,CR_YT_002,1.0,0.75,0.0,0.875,B
BR_00003,CR_YT_004,1.0,0.75,0.0,0.875,B
BR_00003,CR_YT_034,1.0,0.75,0.0,0.875,B
BR_00003,CR_YT_038,1.0,0.75,0.0,0.875,B
BR_00003,CR_YT_055,1.0,0.75,0.0,0.875,B
BR_00003,CR_YT_063,1.0,0.75,0.64,0.781,C
BR_00003,CR_YT_078,1.0,1.0,0.0,1.0,A
BR_00003,CR_YT_093,1.0,1.0,0.0,1.0,A
BR_00003,CR_YT_095,1.0,0.75,0.0,0.875,B
BR_00003,CR_YT_117,1.0,1.0,0.0,1.0,A
BR_00003,CR_YT_121,1.0,1.0,0.0,1.0,A
BR_00003,CR_YT_128,1.0,1.0,0.0,1.0,A
BR_00003,CR_YT_141,1.0,1.0,0.0,1.0,A
BR_00003,CR_YT_142,1.0,1.0,0.0,1.0,A
BR_00003,CR_YT_143,1.0,0.75,0.0,0.875,B
BR_00003,CR_YT_149,1.0,1.0,0.0,1.0,A
BR_00003,CR_YT_150,1.0,1.0,0.0,1.0,A
BR_00003,CR_YT_154,1.0,1.0,0.0,1.0,A
BR_00003,CR_YT_169,1.0,0.75,0.0,0.875,B
BR_00003,CR_YT_178,1.0,0.75,0.0,0.875,B
BR_00003,CR_YT_185,1.0,0.75,0.0,0.875,B
BR_00003,CR_YT_194,1.0,1.0,0.0,1.0,A
BR_00003,CR_YT_253,1.0,1.0,0.0,1.0,A
BR_00003,CR_YT_266,1.0,1.0,0.0,1.0,A
BR_00003,CR_YT_267,1.0,0.75,0.0,0.875,B
BR_00003,CR_YT_290,1.0,1.0,0.0,1.0,A
BR_00003,CR_YT_296,1.0,0.75,0.0,0.875,B
BR_00003,CR_TK_019,1.0,1.0,0.7,0.88,B
BR_00003,CR_TK_025,1.0,1.0,0.0,1.0,A
BR_00003,CR_TK_038,1.0,1.0,0.76,0.904,A
BR_00003,CR_TK_040,1.0,1.0,0.0,1.0,A
BR_00003,CR_TK_053,1.0,1.0,0.7,0.88,B
BR_00003,CR_TK_060,1.0,1.0,0.0,1.0,A
BR_00003,CR_TK_067,1.0,1.0,0.0,1.0,A
BR_00003,CR_TK_073,1.0,1.0,0.0,1.0,A
BR_00003,CR_TK_080,1.0,1.0,0.0,1.0,A
BR_00003,CR_TK_095,1.0,1.0,0.0,1.0,A
BR_00003,CR_TK_102,1.0,1.0,0.0,1.0,A
BR_00003,CR_TK_106,1.0,1.0,0.72,0.888,B
BR_00003,CR_TK_109,1.0,1.0,0.0,1.0,A
BR_00003,CR_TK_117,1.0,0.75,0.0,0.875,B
BR_00003,CR_TK_126,1.0,1.0,0.0,1.0,A
BR_00003,CR_TK_127,1.0,1.0,0.0,1.0,A
BR_00003,CR_TK_139,1.0,1.0,0.0,1.0,A
BR_00003,CR_TK_143,1.0,1.0,0.0,1.0,A
BR_00003,CR_TK_147,1.0,0.75,0.0,0.875,B
BR_00003,CR_TK_151,1.0,1.0,0.0,1.0,A
BR_00003,CR_TK_164,1.0,1.0,0.0,1.0,A
BR_00003,CR_TK_180,1.0,0.75,0.0,0.875,B
BR_00004,CR_YT_003,1.0,0.5,0.0,0.75,C
BR_00004,CR_YT_005,1.0,0.5,0.0,0.75,C
BR_00004,CR_YT_006,1.0,0.5,0.0,0.75,C
BR_00004,CR_YT_009,1.0,0.25,0.0,0.625,D
BR_00004,CR_YT_010,1.0,0.75,0.0,0.875,B
BR_00004,CR_YT_015,1.0,0.75,0.86,0.869,B
BR_00004,CR_YT_023,1.0,0.75,0.0,0.875,B
BR_00004,CR_YT_029,1.0,0.75,0.0,0.875,B
BR_00004,CR_YT_031,1.0,0.75,0.0,0.875,B
BR_00004,CR_YT_036,1.0,0.5,0.0,0.75,C
BR_00004,CR_YT_039,1.0,0.75,0.0,0.875,B
BR_00004,CR_YT_040,1.0,0.75,0.0,0.875,B
BR_00004,CR_YT_048,1.0,0.75,0.0,0.875,B
BR_00004,CR_YT_057,1.0,0.75,0.0,0.875,B
BR_00004,CR_YT_058,1.0,0.5,0.0,0.75,C
BR_00004,CR_YT_060,1.0,0.75,0.0,0.875,B
BR_00004,CR_YT_062,1.0,0.75,0.0,0.875,B
BR_00004,CR_YT_068,1.0,0.75,0.0,0.875,B
BR_00004,CR_YT_073,1.0,0.75,0.0,0.875,B
BR_00004,CR_YT_077,1.0,0.5,0.0,0.75,C
BR_00004,CR_YT_079,1.0,0.75,0.0,0.875,B
BR_00004,CR_YT_090,1.0,0.5,0.0,0.75,C
BR_00004,CR_YT_091,1.0,0.5,0.0,0.75,C
BR_00004,CR_YT_092,1.0,0.5,0.0,0.75,C
BR_00004,CR_YT_099,1.0,0.5,0.0,0.75,C
BR_00004,CR_YT_102,1.0,0.75,0.0,0.875,B
BR_00004,CR_YT_107,1.0,0.5,0.0,0.75,C
BR_00004,CR_YT_108,1.0,0.75,0.0,0.875,B
BR_00004,CR_YT_110,1.0,0.75,0.0,0.875,B
BR_00004,CR_YT_118,1.0,0.5,0.0,0.75,C
BR_00004,CR_YT_123,1.0,0.5,0.0,0.75,C
BR_00004,CR_YT_127,1.0,0.75,0.0,0.875,B
BR_00004,CR_YT_133,1.0,0.5,0.0,0.75,C
BR_00004,CR_YT_136,1.0,0.5,0.0,0.75,C
BR_00004,CR_YT_137,1.0,0.5,0.0,0.75,C
BR_00004,CR_YT_139,1.0,0.75,0.0,0.875,B
BR_00004,CR_YT_148,1.0,0.5,0.0,0.75,C
BR_00004,CR_YT_151,1.0,0.5,0.0,0.75,C
BR_00004,CR_YT_157,1.0,0.5,0.0,0.75,C
BR_00004,CR_YT_158,1.0,0.5,0.0,0.75,C
BR_00004,CR_YT_163,1.0,0.5,0.0,0.75,C
BR_00004,CR_YT_170,1.0,0.75,0.0,0.875,B
BR_00004,CR_YT_179,1.0,0.75,0.0,0.875,B
BR_00004,CR_YT_187,1.0,0.75,0.0,0.875,B
BR_00004,CR_YT_189,1.0,0.5,0.0,0.75,C
BR_00004,CR_YT_203,1.0,0.5,0.0,0.75,C
BR_00004,CR_YT_207,1.0,0.75,1.0,0.925,A
BR_00004,CR_YT_208,1.0,0.75,0.0,0.875,B
BR_00004,CR_YT_210,1.0,0.75,0.96,0.909,A
BR_00004,CR_YT_215,1.0,0.75,0.0,0.875,B
BR_00004,CR_YT_216,1.0,0.5,0.0,0.75,C
BR_00004,CR_YT_217,1.0,0.5,0.0,0.75,C
BR_00004,CR_YT_223,1.0,0.75,0.0,0.875,B
BR_00004,CR_YT_226,1.0,0.75,0.0,0.875,B
BR_00004,CR_YT_234,1.0,0.75,0.0,0.875,B
BR_00004,CR_YT_237,1.0,0.5,0.0,0.75,C
BR_00004,CR_YT_243,1.0,0.5,0.0,0.75,C
BR_00004,CR_YT_256,1.0,0.5,0.0,0.75,C
BR_00004,CR_YT_257,1.0,0.5,0.0,0.75,C
BR_00004,CR_YT_260,1.0,0.5,0.0,0.75,C
BR_00004,CR_YT_264,1.0,0.5,0.0,0.75,C
BR_00004,CR_YT_269,1.0,0.5,0.0,0.75,C
BR_00004,CR_YT_273,1.0,0.75,0.0,0.875,B
BR_00004,CR_YT_274,1.0,0.5,0.0,0.75,C
BR_00004,CR_YT_275,1.0,0.75,0.0,0.875,B
BR_00004,CR_YT_276,1.0,0.75,0.9,0.885,B
BR_00004,CR_YT_283,1.0,0.5,0.0,0.75,C
BR_00004,CR_YT_288,1.0,0.75,0.0,0.875,B
BR_00004,CR_YT_297,1.0,0.5,0.5,0.65,D
BR_00004,CR_YT_300,1.0,0.75,0.0,0.875,B
BR_00004,CR_TK_001,1.0,0.5,0.82,0.778,C
BR_00004,CR_TK_009,1.0,0.75,0.0,0.875,B
BR_00004,CR_TK_016,1.0,0.75,0.0,0.875,B
BR_00004,CR_TK_022,1.0,0.5,0.0,0.75,C
BR_00004,CR_TK_024,1.0,0.75,0.88,0.877,B
BR_00004,CR_TK_027,1.0,0.5,0.0,0.75,C
BR_00004,CR_TK_028,1.0,0.5,0.86,0.794,C
BR_00004,CR_TK_034,1.0,0.5,0.0,0.75,C
BR_00004,CR_TK_035,1.0,0.5,0.0,0.75,C
BR_00004,CR_TK_042,1.0,0.5,0.0,0.75,C
BR_00004,CR_TK_052,1.0,0.75,0.0,0.875,B
BR_00004,CR_TK_055,1.0,0.5,0.0,0.75,C
BR_00004,CR_TK_063,1.0,0.75,0.0,0.875,B
BR_00004,CR_TK_064,1.0,0.5,0.0,0.75,C
BR_00004,CR_TK_077,1.0,0.75,0.0,0.875,B
BR_00004,CR_TK_078,1.0,0.5,0.0,0.75,C
BR_00004,CR_TK_079,1.0,0.75,0.0,0.875,B
BR_00004,CR_TK_081,1.0,0.75,0.0,0.875,B
BR_00004,CR_TK_084,1.0,0.75,0.0,0.875,B
BR_00004,CR_TK_087,1.0,0.5,0.0,0.75,C
BR_00004,CR_TK_088,1.0,0.5,0.0,0.75,C
BR_00004,CR_TK_089,1.0,0.75,0.0,0.875,B
BR_00004,CR_TK_091,1.0,0.75,0.9,0.885,B
BR_00004,CR_TK_107,1.0,0.75,0.0,0.875,B
BR_00004,CR_TK_115,1.0,0.5,0.0,0.75,C
BR_00004,CR_TK_125,1.0,0.5,0.0,0.75,C
BR_00004,CR_TK_135,1.0,0.75,0.0,0.875,B
BR_00004,CR_TK_136,1.0,0.5,0.0,0.75,C
BR_00004,CR_TK_150,1.0,0.5,0.0,0.75,C
BR_00004,CR_TK_155,1.0,0.5,0.0,0.75,C
BR_00004,CR_TK_156,1.0,0.5,0.0,0.75,C
BR_00004,CR_TK_162,1.0,0.5,0.0,0.75,C
BR_00004,CR_TK_170,1.0,0.5,0.0,0.75,C
BR_00004,CR_TK_173,1.0,0.5,0.0,0.75,C
BR_00004,CR_TK_183,1.0,0.5,0.0,0.75,C
BR_00004,CR_TK_184,1.0,0.5,0.0,0.75,C
BR_00004,CR_TK_190,1.0,0.75,0.0,0.875,B
BR_00005,CR_YT_003,1.0,0.5,0.0,0.75,C
BR_00005,CR_YT_005,1.0,0.5,0.58,0.682,D
BR_00005,CR_YT_006,1.0,0.5,0.0,0.75,C
BR_00005,CR_YT_009,1.0,0.5,0.62,0.698,D
BR_00005,CR_YT_010,1.0,0.75,0.0,0.875,B
BR_00005,CR_YT_015,1.0,0.75,0.86,0.869,B
BR_00005,CR_YT_023,1.0,0.75,0.0,0.875,B
BR_00005,CR_YT_029,1.0,0.75,0.0,0.875,B
BR_00005,CR_YT_031,1.0,0.75,0.0,0.875,B
BR_00005,CR_YT_036,1.0,0.5,0.0,0.75,C
BR_00005,CR_YT_039,1.0,0.75,0.0,0.875,B
BR_00005,CR_YT_040,1.0,0.75,0.0,0.875,B
BR_00005,CR_YT_048,1.0,0.75,0.0,0.875,B
BR_00005,CR_YT_057,1.0,0.75,0.0,0.875,B
BR_00005,CR_YT_058,1.0,0.5,0.0,0.75,C
BR_00005,CR_YT_060,1.0,0.75,0.0,0.875,B
BR_00005,CR_YT_062,1.0,0.75,0.0,0.875,B
BR_00005,CR_YT_068,1.0,0.75,0.0,0.875,B
BR_00005,CR_YT_073,1.0,0.75,0.0,0.875,B
BR_00005,CR_YT_077,1.0,0.5,0.0,0.75,C
BR_00005,CR_YT_079,1.0,0.75,0.0,0.875,B
BR_00005,CR_YT_090,1.0,0.5,0.0,0.75,C
BR_00005,CR_YT_091,1.0,0.5,0.0,0.75,C
BR_00005,CR_YT_092,1.0,0.5,0.0,0.75,C
BR_00005,CR_YT_099,1.0,0.5,0.0,0.75,C
BR_00005,CR_YT_102,1.0,0.75,0.0,0.875,B
BR_00005,CR_YT_107,1.0,0.75,0.0,0.875,B
BR_00005,CR_YT_108,1.0,0.75,0.0,0.875,B
BR_00005,CR_YT_110,1.0,0.75,0.0,0.875,B
BR_00005,CR_YT_118,1.0,0.5,0.0,0.75,C
BR_00005,CR_YT_123,1.0,0.5,0.0,0.75,C
BR_00005,CR_YT_127,1.0,0.75,0.0,0.875,B
BR_00005,CR_YT_133,1.0,0.5,0.0,0.75,C
BR_00005,CR_YT_136,1.0,0.5,0.0,0.75,C
BR_00005,CR_YT_137,1.0,0.5,0.0,0.75,C
BR_00005,CR_YT_139,1.0,0.75,0.0,0.875,B
BR_00005,CR_YT_148,1.0,0.5,0.0,0.75,C
BR_00005,CR_YT_151,1.0,0.5,0.0,0.75,C
BR_00005,CR_YT_157,1.0,0.75,0.0,0.875,B
BR_00005,CR_YT_158,1.0,0.5,0.0,0.75,C
BR_00005,CR_YT_163,1.0,0.5,0.0,0.75,C
BR_00005,CR_YT_170,1.0,0.75,0.0,0.875,B
BR_00005,CR_YT_179,1.0,0.75,0.92,0.893,B
BR_00005,CR_YT_187,1.0,0.75,0.0,0.875,B
BR_00005,CR_YT_189,1.0,0.5,0.0,0.75,C
BR_00005,CR_YT_203,1.0,0.5,0.0,0.75,C
BR_00005,CR_YT_207,1.0,0.75,0.0,0.875,B
BR_00005,CR_YT_208,1.0,0.75,0.0,0.875,B
BR_00005,CR_YT_210,1.0,0.75,0.0,0.875,B
BR_00005,CR_YT_215,1.0,0.75,0.0,0.875,B
BR_00005,CR_YT_216,1.0,0.5,0.0,0.75,C
BR_00005,CR_YT_217,1.0,0.5,0.0,0.75,C
BR_00005,CR_YT_223,1.0,0.75,0.0,0.875,B
BR_00005,CR_YT_226,1.0,0.75,0.0,0.875,B
BR_00005,CR_YT_234,1.0,0.75,0.0,0.875,B
BR_00005,CR_YT_237,1.0,0.75,0.76,0.829,B
BR_00005,CR_YT_243,1.0,0.5,0.0,0.75,C
BR_00005,CR_YT_256,1.0,0.5,0.0,0.75,C
BR_00005,CR_YT_257,1.0,0.75,0.0,0.875,B
BR_00005,CR_YT_260,1.0,0.5,0.0,0.75,C
BR_00005,CR_YT_264,1.0,0.5,0.0,0.75,C
BR_00005,CR_YT_269,1.0,0.5,0.0,0.75,C
BR_00005,CR_YT_273,1.0,0.75,0.0,0.875,B
BR_00005,CR_YT_274,1.0,0.5,0.0,0.75,C
BR_00005,CR_YT_275,1.0,0.75,0.0,0.875,B
BR_00005,CR_YT_276,1.0,0.75,0.0,0.875,B
BR_00005,CR_YT_283,1.0,0.5,0.0,0.75,C
BR_00005,CR_YT_288,1.0,0.75,0.0,0.875,B
BR_00005,CR_YT_297,1.0,0.75,0.0,0.875,B
BR_00005,CR_YT_300,1.0,0.75,0.0,0.875,B
BR_00005,CR_TK_001,1.0,0.5,0.82,0.778,C
BR_00005,CR_TK_009,1.0,0.75,0.0,0.875,B
BR_00005,CR_TK_016,1.0,0.75,0.0,0.875,B
BR_00005,CR_TK_022,1.0,0.5,0.0,0.75,C
BR_00005,CR_TK_024,1.0,0.75,0.88,0.877,B
BR_00005,CR_TK_027,1.0,0.5,0.0,0.75,C
BR_00005,CR_TK_028,1.0,0.5,0.0,0.75,C
BR_00005,CR_TK_034,1.0,0.5,0.0,0.75,C
BR_00005,CR_TK_035,1.0,0.5,0.0,0.75,C
BR_00005,CR_TK_042,1.0,0.5,0.0,0.75,C
BR_00005,CR_TK_052,1.0,0.75,0.0,0.875,B
BR_00005,CR_TK_055,1.0,0.5,1.0,0.85,B
BR_00005,CR_TK_063,1.0,0.75,0.0,0.875,B
BR_00005,CR_TK_064,1.0,0.5,0.0,0.75,C
BR_00005,CR_TK_077,1.0,0.75,0.0,0.875,B
BR_00005,CR_TK_078,1.0,0.5,0.0,0.75,C
BR_00005,CR_TK_079,1.0,0.75,0.0,0.875,B
BR_00005,CR_TK_081,1.0,0.75,0.0,0.875,B
BR_00005,CR_TK_084,1.0,0.75,0.0,0.875,B
BR_00005,CR_TK_087,1.0,0.5,0.0,0.75,C
BR_00005,CR_TK_088,1.0,0.5,0.0,0.75,C
BR_00005,CR_TK_089,1.0,0.75,0.86,0.869,B
BR_00005,CR_TK_091,1.0,0.75,0.0,0.875,B
BR_00005,CR_TK_107,1.0,0.75,0.92,0.893,B
BR_00005,CR_TK_115,1.0,0.5,0.0,0.75,C
BR_00005,CR_TK_125,1.0,0.5,0.0,0.75,C
BR_00005,CR_TK_135,1.0,0.75,0.0,0.875,B
BR_00005,CR_TK_136,1.0,0.5,0.0,0.75,C
BR_00005,CR_TK_150,1.0,0.75,0.0,0.875,B
BR_00005,CR_TK_155,1.0,0.5,0.0,0.75,C
BR_00005,CR_TK_156,1.0,0.5,0.0,0.75,C
BR_00005,CR_TK_162,1.0,0.75,0.0,0.875,B
BR_00005,CR_TK_170,1.0,0.5,0.0,0.75,C
BR_00005,CR_TK_173,1.0,0.5,0.0,0.75,C
BR_00005,CR_TK_183,1.0,0.5,0.0,0.75,C
BR_00005,CR_TK_184,1.0,0.5,0.0,0.75,C
BR_00005,CR_TK_190,1.0,0.75,0.0,0.875,B
BR_00006,CR_YT_007,0.5,1.0,0.76,0.754,C
BR_00006,CR_YT_012,0.5,0.75,0.0,0.625,D
BR_00006,CR_YT_020,1.0,1.0,0.0,1.0,A
BR_00006,CR_YT_022,0.5,0.75,0.0,0.625,D
BR_00006,CR_YT_032,1.0,0.75,0.0,0.875,B
BR_00006,CR_YT_033,1.0,0.75,0.0,0.875,B
BR_00006,CR_YT_041,0.5,1.0,0.0,0.75,C
BR_00006,CR_YT_042,1.0,1.0,0.0,1.0,A
BR_00006,CR_YT_045,0.5,0.75,0.0,0.625,D
BR_00006,CR_YT_046,0.5,1.0,0.0,0.75,C
BR_00006,CR_YT_047,0.5,1.0,0.0,0.75,C
BR_00006,CR_YT_049,0.5,1.0,0.0,0.75,C
BR_00006,CR_YT_051,0.5,0.75,0.0,0.625,D
BR_00006,CR_YT_054,0.5,1.0,0.0,0.75,C
BR_00006,CR_YT_061,0.5,1.0,0.0,0.75,C
BR_00006,CR_YT_067,0.5,1.0,0.0,0.75,C
BR_00006,CR_YT_070,1.0,0.75,0.0,0.875,B
BR_00006,CR_YT_071,0.5,1.0,0.0,0.75,C
BR_00006,CR_YT_075,1.0,0.75,0.0,0.875,B
BR_00006,CR_YT_085,0.5,1.0,0.0,0.75,C
BR_00006,CR_YT_088,0.5,1.0,0.0,0.75,C
BR_00006,CR_YT_111,0.5,1.0,0.0,0.75,C
BR_00006,CR_YT_115,0.5,1.0,0.0,0.75,C
BR_00006,CR_YT_120,0.5,0.75,0.0,0.625,D
BR_00006,CR_YT_122,1.0,0.75,0.0,0.875,B
BR_00006,CR_YT_125,0.5,1.0,0.0,0.75,C
BR_00006,CR_YT_126,1.0,0.75,0.0,0.875,B
BR_00006,CR_YT_129,1.0,0.5,0.0,0.75,C
BR_00006,CR_YT_130,1.0,1.0,0.0,1.0,A
BR_00006,CR_YT_135,0.5,0.75,0.0,0.625,D
BR_00006,CR_YT_138,0.5,0.75,0.0,0.625,D
BR_00006,CR_YT_146,1.0,0.75,0.0,0.875,B
BR_00006,CR_YT_162,1.0,0.75,0.0,0.875,B
BR_00006,CR_YT_167,1.0,1.0,0.0,1.0,A
BR_00006,CR_YT_171,0.5,1.0,0.0,0.75,C
BR_00006,CR_YT_183,1.0,0.75,0.0,0.875,B
BR_00006,CR_YT_184,1.0,0.75,1.0,0.925,A
BR_00006,CR_YT_186,0.5,1.0,0.0,0.75,C
BR_00006,CR_YT_193,0.5,0.75,0.0,0.625,D
BR_00006,CR_YT_212,1.0,0.75,0.0,0.875,B
BR_00006,CR_YT_214,0.5,1.0,0.0,0.75,C
BR_00006,CR_YT_221,0.5,0.75,0.0,0.625,D
BR_00006,CR_YT_228,0.5,1.0,0.0,0.75,C
BR_00006,CR_YT_230,0.5,0.75,0.0,0.625,D
BR_00006,CR_YT_231,1.0,0.75,0.0,0.875,B
BR_00006,CR_YT_244,0.5,1.0,0.0,0.75,C
BR_00006,CR_YT_245,0.5,1.0,0.0,0.75,C
BR_00006,CR_YT_258,1.0,0.75,0.0,0.875,B
BR_00006,CR_YT_270,1.0,1.0,0.0,1.0,A
BR_00006,CR_YT_281,0.5,0.75,0.0,0.625,D
BR_00006,CR_YT_299,1.0,0.75,0.0,0.875,B
BR_00006,CR_TK_006,1.0,0.75,0.0,0.875,B
BR_00006,CR_TK_011,0.5,1.0,0.0,0.75,C
BR_00006,CR_TK_015,0.5,0.75,0.0,0.625,D
BR_00006,CR_TK_018,0.5,0.75,0.0,0.625,D
BR_00006,CR_TK_020,0.5,1.0,0.0,0.75,C
BR_00006,CR_TK_021,0.5,0.75,0.0,0.625,D
BR_00006,CR_TK_023,0.5,1.0,0.0,0.75,C
BR_00006,CR_TK_026,1.0,0.75,1.0,0.925,A
BR_00006,CR_TK_032,1.0,1.0,0.78,0.912,A
BR_00006,CR_TK_041,1.0,1.0,0.0,1.0,A
BR_00006,CR_TK_045,1.0,1.0,0.0,1.0,A
BR_00006,CR_TK_046,1.0,1.0,0.0,1.0,A
BR_00006,CR_TK_051,0.5,1.0,0.72,0.738,C
BR_00006,CR_TK_057,0.5,0.75,0.0,0.625,D
BR_00006,CR_TK_058,1.0,1.0,0.82,0.928,A
BR_00006,CR_TK_061,0.5,1.0,0.9,0.81,B
BR_00006,CR_TK_074,0.5,0.75,0.0,0.625,D
BR_00006,CR_TK_076,0.5,0.75,0.0,0.625,D
BR_00006,CR_TK_086,1.0,0.75,0.0,0.875,B
BR_00006,CR_TK_108,0.5,0.75,0.0,0.625,D
BR_00006,CR_TK_118,1.0,0.75,0.0,0.875,B
BR_00006,CR_TK_120,0.5,0.75,0.0,0.625,D
BR_00006,CR_TK_128,1.0,1.0,0.0,1.0,A
BR_00006,CR_TK_134,1.0,1.0,0.0,1.0,A
BR_00006,CR_TK_140,0.5,1.0,0.0,0.75,C
BR_00006,CR_TK_142,0.5,1.0,0.0,0.75,C
BR_00006,CR_TK_146,0.5,0.75,0.0,0.625,D
BR_00006,CR_TK_152,0.5,1.0,0.0,0.75,C
BR_00006,CR_TK_159,1.0,0.75,0.0,0.875,B
BR_00006,CR_TK_161,0.5,0.75,0.0,0.625,D
BR_00006,CR_TK_165,0.5,1.0,0.0,0.75,C
BR_00006,CR_TK_166,0.5,1.0,0.0,0.75,C
BR_00006,CR_TK_171,0.5,0.75,0.0,0.625,D
BR_00006,CR_TK_175,0.5,0.75,0.0,0.625,D
BR_00006,CR_TK_179,1.0,0.75,0.0,0.875,B
BR_00006,CR_TK_191,0.5,1.0,0.0,0.75,C
BR_00006,CR_TK_192,0.5,1.0,0.0,0.75,C
BR_00006,CR_TK_196,0.5,0.75,0.0,0.625,D
BR_00006,CR_TK_197,1.0,0.75,0.86,0.869,B
BR_00006,CR_TK_199,1.0,1.0,0.88,0.952,A
BR_00007,CR_YT_003,1.0,0.75,0.86,0.869,B
BR_00007,CR_YT_031,1.0,1.0,0.0,1.0,A
BR_00007,CR_YT_040,1.0,1.0,0.0,1.0,A
BR_00007,CR_YT_048,1.0,1.0,0.0,1.0,A
BR_00007,CR_YT_058,1.0,0.75,0.0,0.875,B
BR_00007,CR_YT_060,1.0,1.0,0.0,1.0,A
BR_00007,CR_YT_062,1.0,1.0,0.0,1.0,A
BR_00007,CR_YT_068,1.0,1.0,0.0,1.0,A
BR_00007,CR_YT_073,1.0,1.0,0.0,1.0,A
BR_00007,CR_YT_079,1.0,1.0,0.78,0.912,A
BR_00007,CR_YT_091,1.0,0.75,0.0,0.875,B
BR_00007,CR_YT_099,1.0,0.75,0.0,0.875,B
BR_00007,CR_YT_102,1.0,1.0,0.0,1.0,A
BR_00007,CR_YT_123,1.0,0.75,0.0,0.875,B
BR_00007,CR_YT_133,1.0,0.75,0.0,0.875,B
BR_00007,CR_YT_136,1.0,0.75,0.0,0.875,B
BR_00007,CR_YT_148,1.0,0.75,0.0,0.875,B
BR_00007,CR_YT_158,1.0,0.75,0.0,0.875,B
BR_00007,CR_YT_163,1.0,0.75,0.0,0.875,B
BR_00007,CR_YT_179,1.0,1.0,0.0,1.0,A
BR_00007,CR_YT_203,1.0,0.75,0.0,0.875,B
BR_00007,CR_YT_217,1.0,0.75,0.0,0.875,B
BR_00007,CR_YT_223,1.0,1.0,0.0,1.0,A
BR_00007,CR_YT_226,1.0,1.0,0.62,0.848,B
BR_00007,CR_YT_237,1.0,1.0,0.0,1.0,A
BR_00007,CR_YT_243,1.0,0.75,0.0,0.875,B
BR_00007,CR_YT_260,1.0,0.75,0.0,0.875,B
BR_00007,CR_YT_273,1.0,1.0,0.0,1.0,A
BR_00007,CR_YT_276,1.0,1.0,0.0,1.0,A
BR_00007,CR_YT_283,1.0,0.75,0.0,0.875,B
BR_00007,CR_YT_288,1.0,1.0,0.0,1.0,A
BR_00007,CR_YT_300,1.0,1.0,0.0,1.0,A
BR_00007,CR_TK_016,1.0,1.0,0.0,1.0,A
BR_00007,CR_TK_022,1.0,0.75,0.0,0.875,B
BR_00007,CR_TK_027,1.0,0.75,0.0,0.875,B
BR_00007,CR_TK_028,1.0,0.75,0.0,0.875,B
BR_00007,CR_TK_034,1.0,0.75,0.0,0.875,B
BR_00007,CR_TK_042,1.0,0.75,0.0,0.875,B
BR_00007,CR_TK_055,1.0,0.75,0.0,0.875,B
BR_00007,CR_TK_063,1.0,1.0,0.0,1.0,A
BR_00007,CR_TK_077,1.0,1.0,0.0,1.0,A
BR_00007,CR_TK_078,1.0,0.75,0.0,0.875,B
BR_00007,CR_TK_081,1.0,1.0,0.72,0.888,B
BR_00007,CR_TK_084,1.0,1.0,0.0,1.0,A
BR_00007,CR_TK_087,1.0,0.75,0.0,0.875,B
BR_00007,CR_TK_088,1.0,0.75,0.0,0.875,B
BR_00007,CR_TK_091,1.0,1.0,0.86,0.944,A
BR_00007,CR_TK_150,1.0,1.0,0.0,1.0,A
BR_00007,CR_TK_156,1.0,0.75,0.0,0.875,B
BR_00007,CR_TK_162,1.0,1.0,0.0,1.0,A
BR_00008,CR_YT_008,1.0,0.25,0.78,0.687,D
BR_00008,CR_YT_016,1.0,0.75,0.0,0.875,B
BR_00008,CR_YT_018,1.0,0.75,0.0,0.875,B
BR_00008,CR_YT_021,1.0,0.75,0.0,0.875,B
BR_00008,CR_YT_024,1.0,1.0,0.0,1.0,A
BR_00008,CR_YT_025,1.0,0.5,0.0,0.75,C
BR_00008,CR_YT_027,1.0,1.0,0.0,1.0,A
BR_00008,CR_YT_043,1.0,0.5,0.84,0.786,C
BR_00008,CR_YT_050,1.0,0.5,0.0,0.75,C
BR_00008,CR_YT_052,1.0,0.5,0.0,0.75,C
BR_00008,CR_YT_082,1.0,0.5,0.0,0.75,C
BR_00008,CR_YT_086,1.0,0.75,0.0,0.875,B
BR_00008,CR_YT_097,1.0,1.0,0.0,1.0,A
BR_00008,CR_YT_098,1.0,0.75,0.0,0.875,B
BR_00008,CR_YT_101,1.0,0.75,0.0,0.875,B
BR_00008,CR_YT_103,1.0,0.75,0.0,0.875,B
BR_00008,CR_YT_113,1.0,0.75,0.0,0.875,B
BR_00008,CR_YT_119,1.0,0.5,0.0,0.75,C
BR_00008,CR_YT_124,1.0,0.75,0.0,0.875,B
BR_00008,CR_YT_131,1.0,0.75,0.0,0.875,B
BR_00008,CR_YT_140,1.0,1.0,0.0,1.0,A
BR_00008,CR_YT_144,1.0,0.75,0.0,0.875,B
BR_00008,CR_YT_147,1.0,0.5,0.0,0.75,C
BR_00008,CR_YT_152,1.0,1.0,0.0,1.0,A
BR_00008,CR_YT_159,1.0,0.75,0.0,0.875,B
BR_00008,CR_YT_160,1.0,0.75,0.0,0.875,B
BR_00008,CR_YT_164,1.0,0.5,0.0,0.75,C
BR_00008,CR_YT_166,1.0,0.75,0.0,0.875,B
BR_00008,CR_YT_173,1.0,1.0,0.0,1.0,A
BR_00008,CR_YT_177,1.0,0.5,0.0,0.75,C
BR_00008,CR_YT_180,1.0,0.75,0.0,0.875,B
BR_00008,CR_YT_182,1.0,0.5,0.0,0.75,C
BR_00008,CR_YT_191,1.0,0.75,0.0,0.875,B
BR_00008,CR_YT_197,1.0,0.5,0.0,0.75,C
BR_00008,CR_YT_200,1.0,0.5,0.0,0.75,C
BR_00008,CR_YT_201,1.0,0.75,0.88,0.877,B
BR_00008,CR_YT_219,1.0,0.75,0.0,0.875,B
BR_00008,CR_YT_220,1.0,0.5,0.0,0.75,C
BR_00008,CR_YT_222,1.0,0.75,0.0,0.875,B
BR_00008,CR_YT_232,1.0,1.0,0.0,1.0,A
BR_00008,CR_YT_233,1.0,1.0,0.0,1.0,A
BR_00008,CR_YT_236,1.0,0.75,0.0,0.875,B
BR_00008,CR_YT_238,1.0,0.5,0.96,0.834,B
BR_00008,CR_YT_246,1.0,0.75,0.0,0.875,B
BR_00008,CR_YT_249,1.0,0.5,0.0,0.75,C
BR_00008,CR_YT_250,1.0,0.5,0.0,0.75,C
BR_00008,CR_YT_251,1.0,0.75,0.0,0.875,B
BR_00008,CR_YT_261,1.0,0.5,0.0,0.75,C
BR_00008,CR_YT_263,1.0,0.75,0.0,0.875,B
BR_00008,CR_YT_271,1.0,0.75,0.0,0.875,B
BR_00008,CR_YT_282,1.0,0.5,0.0,0.75,C
BR_00008,CR_YT_284,1.0,1.0,0.0,1.0,A
BR_00008,CR_YT_287,1.0,0.5,0.0,0.75,C
BR_00008,CR_YT_289,1.0,0.75,0.0,0.875,B
BR_00008,CR_YT_293,1.0,0.75,0.0,0.875,B
BR_00008,CR_YT_295,1.0,0.75,0.0,0.875,B
BR_00008,CR_TK_002,1.0,0.75,0.0,0.875,B
BR_00008,CR_TK_003,1.0,0.75,0.0,0.875,B
BR_00008,CR_TK_007,1.0,0.75,1.0,0.925,A
BR_00008,CR_TK_010,1.0,1.0,1.0,1.0,A
BR_00008,CR_TK_013,1.0,0.5,0.0,0.75,C
BR_00008,CR_TK_017,1.0,0.5,0.76,0.754,C
BR_00008,CR_TK_054,1.0,1.0,0.0,1.0,A
BR_00008,CR_TK_059,1.0,0.5,0.0,0.75,C
BR_00008,CR_TK_068,1.0,0.5,0.0,0.75,C
BR_00008,CR_TK_069,1.0,0.5,0.0,0.75,C
BR_00008,CR_TK_070,1.0,0.75,0.92,0.893,B
BR_00008,CR_TK_072,1.0,0.75,0.0,0.875,B
BR_00008,CR_TK_082,1.0,0.75,0.0,0.875,B
BR_00008,CR_TK_083,1.0,1.0,0.0,1.0,A
BR_00008,CR_TK_085,1.0,1.0,0.0,1.0,A
BR_00008,CR_TK_093,1.0,0.75,0.0,0.875,B
BR_00008,CR_TK_094,1.0,0.75,0.0,0.875,B
BR_00008,CR_TK_096,1.0,0.75,0.0,0.875,B
BR_00008,CR_TK_097,1.0,0.5,0.0,0.75,C
BR_00008,CR_TK_098,1.0,0.5,0.0,0.75,C
BR_00008,CR_TK_100,1.0,0.75,0.0,0.875,B
BR_00008,CR_TK_103,1.0,0.5,0.0,0.75,C
BR_00008,CR_TK_104,1.0,0.75,0.0,0.875,B
BR_00008,CR_TK_112,1.0,0.75,0.78,0.837,B
BR_00008,CR_TK_114,1.0,1.0,0.0,1.0,A
BR_00008,CR_TK_116,1.0,0.5,0.0,0.75,C
BR_00008,CR_TK_123,1.0,0.75,0.0,0.875,B
BR_00008,CR_TK_130,1.0,0.5,0.0,0.75,C
BR_00008,CR_TK_148,1.0,0.75,0.88,0.877,B
BR_00008,CR_TK_153,1.0,0.75,0.78,0.837,B
BR_00008,CR_TK_154,1.0,0.75,0.0,0.875,B
BR_00008,CR_TK_158,1.0,0.5,0.0,0.75,C
BR_00008,CR_TK_167,1.0,1.0,0.0,1.0,A
BR_00008,CR_TK_168,1.0,0.5,0.0,0.75,C
BR_00008,CR_TK_169,1.0,0.5,0.0,0.75,C
BR_00008,CR_TK_176,1.0,0.75,0.0,0.875,B
BR_00008,CR_TK_178,1.0,0.5,0.0,0.75,C
BR_00008,CR_TK_185,1.0,0.75,0.0,0.875,B
BR_00008,CR_TK_186,1.0,0.5,0.0,0.75,C
BR_00008,CR_TK_187,1.0,0.5,0.0,0.75,C
BR_00008,CR_TK_189,1.0,1.0,0.0,1.0,A
BR_00008,CR_TK_194,1.0,0.75,0.0,0.875,B
BR_00009,CR_YT_002,1.0,0.75,0.0,0.875,B
BR_00009,CR_YT_004,1.0,0.75,0.0,0.875,B
BR_00009,CR_YT_034,1.0,0.75,0.0,0.875,B
BR_00009,CR_YT_038,1.0,0.75,0.0,0.875,B
BR_00009,CR_YT_055,1.0,0.75,0.0,0.875,B
BR_00009,CR_YT_063,1.0,0.75,0.0,0.875,B
BR_00009,CR_YT_078,1.0,1.0,0.0,1.0,A
BR_00009,CR_YT_093,1.0,1.0,0.0,1.0,A
BR_00009,CR_YT_095,1.0,0.75,0.0,0.875,B
BR_00009,CR_YT_117,1.0,0.75,0.0,0.875,B
BR_00009,CR_YT_121,1.0,1.0,0.0,1.0,A
BR_00009,CR_YT_128,1.0,1.0,0.0,1.0,A
BR_00009,CR_YT_141,1.0,1.0,0.0,1.0,A
BR_00009,CR_YT_142,1.0,1.0,0.0,1.0,A
BR_00009,CR_YT_143,1.0,0.75,0.0,0.875,B
BR_00009,CR_YT_149,1.0,0.75,0.0,0.875,B
BR_00009,CR_YT_150,1.0,1.0,0.0,1.0,A
BR_00009,CR_YT_154,1.0,1.0,0.0,1.0,A
BR_00009,CR_YT_169,1.0,0.75,0.94,0.901,A
BR_00009,CR_YT_178,1.0,0.75,0.0,0.875,B
BR_00009,CR_YT_185,1.0,0.75,0.0,0.875,B
BR_00009,CR_YT_194,1.0,1.0,0.0,1.0,A
BR_00009,CR_YT_253,1.0,1.0,0.0,1.0,A
BR_00009,CR_YT_266,1.0,1.0,0.0,1.0,A
BR_00009,CR_YT_267,1.0,0.75,0.0,0.875,B
BR_00009,CR_YT_290,1.0,1.0,0.0,1.0,A
BR_00009,CR_YT_296,1.0,0.75,0.0,0.875,B
BR_00009,CR_TK_019,1.0,1.0,0.0,1.0,A
BR_00009,CR_TK_025,1.0,1.0,0.0,1.0,A
BR_00009,CR_TK_038,1.0,1.0,0.0,1.0,A
BR_00009,CR_TK_040,1.0,0.75,0.0,0.875,B
BR_00009,CR_TK_053,1.0,1.0,0.0,1.0,A
BR_00009,CR_TK_060,1.0,1.0,0.0,1.0,A
BR_00009,CR_TK_067,1.0,0.75,0.0,0.875,B
BR_00009,CR_TK_073,1.0,1.0,0.0,1.0,A
BR_00009,CR_TK_080,1.0,1.0,0.0,1.0,A
BR_00009,CR_TK_095,1.0,1.0,0.0,1.0,A
BR_00009,CR_TK_102,1.0,0.75,0.0,0.875,B
BR_00009,CR_TK_106,1.0,0.75,0.0,0.875,B
BR_00009,CR_TK_109,1.0,1.0,0.0,1.0,A
BR_00009,CR_TK_117,1.0,0.75,0.0,0.875,B
BR_00009,CR_TK_126,1.0,1.0,0.0,1.0,A
BR_00009,CR_TK_127,1.0,1.0,0.0,1.0,A
BR_00009,CR_TK_139,1.0,1.0,0.0,1.0,A
BR_00009,CR_TK_143,1.0,1.0,0.0,1.0,A
BR_00009,CR_TK_147,1.0,0.75,0.0,0.875,B
BR_00009,CR_TK_151,1.0,1.0,0.0,1.0,A
BR_00009,CR_TK_164,1.0,1.0,0.82,0.928,A
BR_00009,CR_TK_180,1.0,0.75,0.0,0.875,B
BR_00010,CR_YT_003,1.0,0.5,0.0,0.75,C
BR_00010,CR_YT_007,1.0,1.0,0.0,1.0,A
BR_00010,CR_YT_012,1.0,0.75,0.0,0.875,B
BR_00010,CR_YT_020,0.5,1.0,0.0,0.75,C
BR_00010,CR_YT_022,1.0,0.75,0.0,0.875,B
BR_00010,CR_YT_031,1.0,0.75,0.0,0.875,B
BR_00010,CR_YT_032,0.5,1.0,0.0,0.75,C
BR_00010,CR_YT_033,0.5,0.75,0.0,0.625,D
BR_00010,CR_YT_040,1.0,0.75,0.0,0.875,B
BR_00010,CR_YT_041,1.0,1.0,0.0,1.0,A
BR_00010,CR_YT_042,0.5,1.0,0.0,0.75,C
BR_00010,CR_YT_045,1.0,0.75,0.0,0.875,B
BR_00010,CR_YT_046,1.0,1.0,0.0,1.0,A
BR_00010,CR_YT_047,1.0,1.0,0.0,1.0,A
BR_00010,CR_YT_048,1.0,0.75,0.0,0.875,B
BR_00010,CR_YT_049,1.0,1.0,0.0,1.0,A
BR_00010,CR_YT_051,1.0,0.75,0.0,0.875,B
BR_00010,CR_YT_054,1.0,1.0,0.0,1.0,A
BR_00010,CR_YT_058,1.0,0.5,0.0,0.75,C
BR_00010,CR_YT_060,1.0,0.75,0.0,0.875,B
BR_00010,CR_YT_061,1.0,1.0,0.0,1.0,A
BR_00010,CR_YT_062,1.0,0.75,0.0,0.875,B
BR_00010,CR_YT_067,1.0,1.0,0.0,1.0,A
BR_00010,CR_YT_068,1.0,0.75,0.0,0.875,B
BR_00010,CR_YT_070,0.5,0.75,0.0,0.625,D
BR_00010,CR_YT_071,1.0,1.0,0.0,1.0,A
BR_00010,CR_YT_073,1.0,0.75,0.0,0.875,B
BR_00010,CR_YT_075,0.5,1.0,0.9124,0.815,B
BR_00010,CR_YT_079,1.0,0.75,0.0,0.875,B
BR_00010,CR_YT_085,1.0,1.0,0.0,1.0,A
BR_00010,CR_YT_088,1.0,1.0,0.0,1.0,A
BR_00010,CR_YT_091,1.0,0.5,0.0,0.75,C
BR_00010,CR_YT_099,1.0,0.5,0.0,0.75,C
BR_00010,CR_YT_102,1.0,0.75,0.9517,0.9057,A
BR_00010,CR_YT_111,1.0,1.0,0.0,1.0,A
BR_00010,CR_YT_115,1.0,1.0,0.0,1.0,A
BR_00010,CR_YT_120,1.0,0.75,0.0,0.875,B
BR_00010,CR_YT_122,0.5,0.75,0.0,0.625,D
BR_00010,CR_YT_123,1.0,0.5,0.0,0.75,C
BR_00010,CR_YT_125,1.0,1.0,0.0,1.0,A
BR_00010,CR_YT_126,0.5,1.0,0.0,0.75,C
BR_00010,CR_YT_129,0.5,0.5,0.0,0.5,D
BR_00010,CR_YT_130,0.5,1.0,0.0,0.75,C
BR_00010,CR_YT_133,1.0,0.5,0.0,0.75,C
BR_00010,CR_YT_135,1.0,0.75,0.0,0.875,B
BR_00010,CR_YT_136,1.0,0.5,0.0,0.75,C
BR_00010,CR_YT_138,1.0,1.0,0.0,1.0,A
BR_00010,CR_YT_146,0.5,1.0,0.0,0.75,C
BR_00010,CR_YT_148,1.0,0.5,0.0,0.75,C
BR_00010,CR_YT_158,1.0,0.5,0.0,0.75,C
BR_00010,CR_YT_162,0.5,0.75,0.0,0.625,D
BR_00010,CR_YT_163,1.0,0.75,0.0,0.875,B
BR_00010,CR_YT_167,0.5,1.0,0.0,0.75,C
BR_00010,CR_YT_171,1.0,1.0,0.0,1.0,A
BR_00010,CR_YT_179,1.0,0.75,0.0,0.875,B
BR_00010,CR_YT_183,0.5,1.0,0.0,0.75,C
BR_00010,CR_YT_184,0.5,1.0,0.0,0.75,C
BR_00010,CR_YT_186,1.0,1.0,0.0,1.0,A
BR_00010,CR_YT_193,1.0,0.75,0.0,0.875,B
BR_00010,CR_YT_203,1.0,0.5,0.4,0.61,D
BR_00010,CR_YT_212,0.5,0.75,0.0,0.625,D
BR_00010,CR_YT_214,1.0,1.0,0.0,1.0,A
BR_00010,CR_YT_217,1.0,0.75,0.0,0.875,B
BR_00010,CR_YT_221,1.0,1.0,0.0,1.0,A
BR_00010,CR_YT_223,1.0,0.75,0.0,0.875,B
BR_00010,CR_YT_226,1.0,0.75,0.0,0.875,B
BR_00010,CR_YT_228,1.0,1.0,0.0,1.0,A
BR_00010,CR_YT_230,1.0,0.75,0.0,0.875,B
BR_00010,CR_YT_231,0.5,0.75,0.0,0.625,D
BR_00010,CR_YT_237,1.0,0.75,0.76,0.829,B
BR_00010,CR_YT_243,1.0,0.5,0.0,0.75,C
BR_00010,CR_YT_244,1.0,1.0,0.8,0.92,A
BR_00010,CR_YT_245,1.0,1.0,0.0,1.0,A
BR_00010,CR_YT_258,0.5,0.75,0.0,0.625,D
BR_00010,CR_YT_260,1.0,0.5,0.0,0.75,C
BR_00010,CR_YT_270,0.5,1.0,0.0,0.75,C
BR_00010,CR_YT_273,1.0,0.75,0.0,0.875,B
BR_00010,CR_YT_276,1.0,0.75,0.0,0.875,B
BR_00010,CR_YT_281,1.0,1.0,0.0,1.0,A
BR_00010,CR_YT_283,1.0,0.5,0.0,0.75,C
BR_00010,CR_YT_288,1.0,0.75,0.0,0.875,B
BR_00010,CR_YT_299,0.5,0.75,1.0,0.775,C
BR_00010,CR_YT_300,1.0,0.75,0.94,0.901,A
BR_00010,CR_TK_006,0.5,0.75,0.0,0.625,D
BR_00010,CR_TK_011,1.0,1.0,0.0,1.0,A
BR_00010,CR_TK_015,1.0,0.75,0.0,0.875,B
BR_00010,CR_TK_016,1.0,0.75,0.0,0.875,B
BR_00010,CR_TK_018,1.0,1.0,0.0,1.0,A
BR_00010,CR_TK_020,1.0,1.0,0.0,1.0,A
BR_00010,CR_TK_021,1.0,0.75,0.0,0.875,B
BR_00010,CR_TK_022,1.0,0.5,0.82,0.778,C
BR_00010,CR_TK_023,1.0,1.0,0.0,1.0,A
BR_00010,CR_TK_026,0.5,1.0,0.0,0.75,C
BR_00010,CR_TK_027,1.0,0.5,0.0,0.75,C
BR_00010,CR_TK_028,1.0,0.5,0.0,0.75,C
BR_00010,CR_TK_032,0.5,1.0,0.0,0.75,C
BR_00010,CR_TK_034,1.0,0.5,0.0,0.75,C
BR_00010,CR_TK_041,0.5,1.0,0.0,0.75,C
BR_00010,CR_TK_042,1.0,0.75,0.0,0.875,B
BR_00010,CR_TK_045,0.5,1.0,0.0,0.75,C
BR_00010,CR_TK_046,0.5,1.0,0.0,0.75,C
BR_00010,CR_TK_051,1.0,1.0,0.72,0.888,B
BR_00010,CR_TK_055,1.0,0.5,1.0,0.85,B
BR_00010,CR_TK_057,1.0,0.75,0.82,0.853,B
BR_00010,CR_TK_058,0.5,1.0,0.0,0.75,C
BR_00010,CR_TK_061,1.0,1.0,0.0,1.0,A
BR_00010,CR_TK_063,1.0,0.75,0.0,0.875,B
BR_00010,CR_TK_074,1.0,0.75,0.52,0.733,C
BR_00010,CR_TK_076,1.0,0.75,0.0,0.875,B
BR_00010,CR_TK_077,1.0,0.75,0.8,0.845,B
BR_00010,CR_TK_078,1.0,0.5,0.0,0.75,C
BR_00010,CR_TK_081,1.0,0.75,0.0,0.875,B
BR_00010,CR_TK_084,1.0,0.75,0.0,0.875,B
BR_00010,CR_TK_086,0.5,0.75,0.0,0.625,D
BR_00010,CR_TK_087,1.0,0.5,0.0,0.75,C
BR_00010,CR_TK_088,1.0,0.5,0.0,0.75,C
BR_00010,CR_TK_091,1.0,0.75,0.0,0.875,B
BR_00010,CR_TK_108,1.0,0.75,0.0,0.875,B
BR_00010,CR_TK_118,0.5,0.75,0.0,0.625,D
BR_00010,CR_TK_120,1.0,0.75,0.0,0.875,B
BR_00010,CR_TK_128,0.5,1.0,0.0,0.75,C
BR_00010,CR_TK_134,0.5,1.0,0.0,0.75,C
BR_00010,CR_TK_140,1.0,1.0,0.0,1.0,A
BR_00010,CR_TK_142,1.0,1.0,0.0,1.0,A
BR_00010,CR_TK_146,1.0,0.75,0.78,0.837,B
BR_00010,CR_TK_150,1.0,0.75,0.0,0.875,B
BR_00010,CR_TK_152,1.0,1.0,0.0,1.0,A
BR_00010,CR_TK_156,1.0,0.5,0.0,0.75,C
BR_00010,CR_TK_159,0.5,0.75,0.0,0.625,D
BR_00010,CR_TK_161,1.0,0.75,0.0,0.875,B
BR_00010,CR_TK_162,1.0,0.75,0.0,0.875,B
BR_00010,CR_TK_165,1.0,1.0,0.0,1.0,A
BR_00010,CR_TK_166,1.0,1.0,0.88,0.952,A
BR_00010,CR_TK_171,1.0,1.0,0.0,1.0,A
BR_00010,CR_TK_175,1.0,0.75,0.0,0.875,B
BR_00010,CR_TK_179,0.5,0.75,0.0,0.625,D
BR_00010,CR_TK_191,1.0,1.0,0.0,1.0,A
BR_00010,CR_TK_192,1.0,1.0,0.0,1.0,A
BR_00010,CR_TK_196,1.0,0.75,0.0,0.875,B
BR_00010,CR_TK_197,0.5,0.75,0.0,0.625,D
BR_00010,CR_TK_199,0.5,1.0,0.0,0.75,C
BR_00011,CR_YT_003,1.0,0.75,1.0,0.925,A
BR_00011,CR_YT_005,1.0,0.75,0.0,0.875,B
BR_00011,CR_YT_006,1.0,0.5,0.72,0.738,C
BR_00011,CR_YT_009,1.0,0.5,0.0,0.75,C
BR_00011,CR_YT_010,1.0,0.75,0.0,0.875,B
BR_00011,CR_YT_015,1.0,0.75,0.86,0.869,B
BR_00011,CR_YT_023,1.0,0.75,0.0,0.875,B
BR_00011,CR_YT_029,1.0,0.75,0.0,0.875,B
BR_00011,CR_YT_031,1.0,0.75,0.0,0.875,B
BR_00011,CR_YT_036,1.0,0.5,0.0,0.75,C
BR_00011,CR_YT_039,1.0,0.75,0.0,0.875,B
BR_00011,CR_YT_040,1.0,0.75,1.0,0.925,A
BR_00011,CR_YT_048,1.0,0.75,0.0,0.875,B
BR_00011,CR_YT_057,1.0,0.75,0.0,0.875,B
BR_00011,CR_YT_058,1.0,0.75,0.0,0.875,B
BR_00011,CR_YT_060,1.0,0.75,0.0,0.875,B
BR_00011,CR_YT_062,1.0,0.75,0.0,0.875,B
BR_00011,CR_YT_068,1.0,0.75,0.0,0.875,B
BR_00011,CR_YT_073,1.0,0.75,0.0,0.875,B
BR_00011,CR_YT_077,1.0,0.75,0.0,0.875,B
BR_00011,CR_YT_079,1.0,0.75,0.0,0.875,B
BR_00011,CR_YT_090,1.0,0.5,0.0,0.75,C
BR_00011,CR_YT_091,1.0,0.75,0.0,0.875,B
BR_00011,CR_YT_092,1.0,0.75,0.0,0.875,B
BR_00011,CR_YT_099,1.0,0.75,0.0,0.875,B
BR_00011,CR_YT_102,1.0,0.75,0.0,0.875,B
BR_00011,CR_YT_107,1.0,0.75,0.0,0.875,B
BR_00011,CR_YT_108,1.0,0.75,0.0,0.875,B
BR_00011,CR_YT_110,1.0,0.75,0.0,0.875,B
BR_00011,CR_YT_118,1.0,0.75,0.0,0.875,B
BR_00011,CR_YT_123,1.0,0.75,0.0,0.875,B
BR_00011,CR_YT_127,1.0,0.75,0.0,0.875,B
BR_00011,CR_YT_133,1.0,0.75,0.0,0.875,B
BR_00011,CR_YT_136,1.0,0.5,0.0,0.75,C
BR_00011,CR_YT_137,1.0,0.5,0.0,0.75,C
BR_00011,CR_YT_139,1.0,0.75,0.0,0.875,B
BR_00011,CR_YT_148,1.0,0.75,0.0,0.875,B
BR_00011,CR_YT_151,1.0,0.75,0.0,0.875,B
BR_00011,CR_YT_157,1.0,0.75,0.0,0.875,B
BR_00011,CR_YT_158,1.0,0.75,0.0,0.875,B
BR_00011,CR_YT_163,1.0,0.75,0.0,0.875,B
BR_00011,CR_YT_170,1.0,0.75,0.0,0.875,B
BR_00011,CR_YT_179,1.0,0.75,0.0,0.875,B
BR_00011,CR_YT_187,1.0,0.75,0.0,0.875,B
BR_00011,CR_YT_189,1.0,0.75,0.8408,0.8613,B
BR_00011,CR_YT_203,1.0,0.75,0.0,0.875,B
BR_00011,CR_YT_207,1.0,0.75,0.0,0.875,B
BR_00011,CR_YT_208,1.0,0.75,1.0,0.925,A
BR_00011,CR_YT_210,1.0,0.75,0.0,0.875,B
BR_00011,CR_YT_215,1.0,0.75,0.0,0.875,B
BR_00011,CR_YT_216,1.0,0.5,0.0,0.75,C
BR_00011,CR_YT_217,1.0,0.75,0.0,0.875,B
BR_00011,CR_YT_223,1.0,0.75,0.0,0.875,B
BR_00011,CR_YT_226,1.0,0.75,0.0,0.875,B
BR_00011,CR_YT_234,1.0,0.75,0.0,0.875,B
BR_00011,CR_YT_237,1.0,0.75,0.0,0.875,B
BR_00011,CR_YT_243,1.0,0.75,0.0,0.875,B
BR_00011,CR_YT_256,1.0,0.75,0.0,0.875,B
BR_00011,CR_YT_257,1.0,0.75,0.0,0.875,B
BR_00011,CR_YT_260,1.0,0.5,0.0,0.75,C
BR_00011,CR_YT_264,1.0,0.5,0.0,0.75,C
BR_00011,CR_YT_269,1.0,0.75,0.0,0.875,B
BR_00011,CR_YT_273,1.0,0.75,0.0,0.875,B
BR_00011,CR_YT_274,1.0,0.75,0.0,0.875,B
BR_00011,CR_YT_275,1.0,0.75,0.0,0.875,B
BR_00011,CR_YT_276,1.0,0.75,0.0,0.875,B
BR_00011,CR_YT_283,1.0,0.75,0.0,0.875,B
BR_00011,CR_YT_288,1.0,0.75,0.0,0.875,B
BR_00011,CR_YT_297,1.0,0.75,0.0,0.875,B
BR_00011,CR_YT_300,1.0,0.75,0.0,0.875,B
BR_00011,CR_TK_001,1.0,0.75,0.7834,0.8384,B
BR_00011,CR_TK_009,1.0,0.75,0.0,0.875,B
BR_00011,CR_TK_016,1.0,0.75,0.0,0.875,B
BR_00011,CR_TK_022,1.0,0.75,0.0,0.875,B
BR_00011,CR_TK_024,1.0,0.75,0.88,0.877,B
BR_00011,CR_TK_027,1.0,0.75,0.0,0.875,B
BR_00011,CR_TK_028,1.0,0.75,0.0,0.875,B
BR_00011,CR_TK_034,1.0,0.5,0.0,0.75,C
BR_00011,CR_TK_035,1.0,0.75,0.0,0.875,B
BR_00011,CR_TK_042,1.0,0.75,0.0,0.875,B
BR_00011,CR_TK_052,1.0,0.75,0.92,0.893,B
BR_00011,CR_TK_055,1.0,0.75,0.0,0.875,B
BR_00011,CR_TK_063,1.0,0.75,0.0,0.875,B
BR_00011,CR_TK_064,1.0,0.75,0.0,0.875,B
BR_00011,CR_TK_077,1.0,0.75,0.0,0.875,B
BR_00011,CR_TK_078,1.0,0.75,0.0,0.875,B
BR_00011,CR_TK_079,1.0,0.75,0.0,0.875,B
BR_00011,CR_TK_081,1.0,0.75,0.0,0.875,B
BR_00011,CR_TK_084,1.0,0.75,0.0,0.875,B
BR_00011,CR_TK_087,1.0,0.75,0.0,0.875,B
BR_00011,CR_TK_088,1.0,0.75,0.0,0.875,B
BR_00011,CR_TK_089,1.0,0.75,0.0,0.875,B
BR_00011,CR_TK_091,1.0,0.75,0.0,0.875,B
BR_00011,CR_TK_107,1.0,0.75,0.0,0.875,B
BR_00011,CR_TK_115,1.0,0.75,0.0,0.875,B
BR_00011,CR_TK_125,1.0,0.75,0.0,0.875,B
BR_00011,CR_TK_135,1.0,0.75,0.0,0.875,B
BR_00011,CR_TK_136,1.0,0.75,0.0,0.875,B
BR_00011,CR_TK_150,1.0,0.75,0.0,0.875,B
BR_00011,CR_TK_155,1.0,0.75,0.0,0.875,B
BR_00011,CR_TK_156,1.0,0.75,0.0,0.875,B
BR_00011,CR_TK_162,1.0,0.75,0.0,0.875,B
BR_00011,CR_TK_170,1.0,0.5,0.0,0.75,C
BR_00011,CR_TK_173,1.0,0.75,0.0,0.875,B
BR_00011,CR_TK_183,1.0,0.5,0.0,0.75,C
BR_00011,CR_TK_184,1.0,0.5,0.78,0.762,C
BR_00011,CR_TK_190,1.0,0.75,0.88,0.877,B
BR_00012,CR_YT_003,1.0,0.75,0.0,0.875,B
BR_00012,CR_YT_005,1.0,0.75,0.0,0.875,B
BR_00012,CR_YT_006,1.0,0.75,0.0,0.875,B
BR_00012,CR_YT_009,1.0,0.5,0.0,0.75,C
BR_00012,CR_YT_010,1.0,0.75,0.0,0.875,B
BR_00012,CR_YT_015,1.0,0.75,0.0,0.875,B
BR_00012,CR_YT_023,1.0,0.75,0.7,0.805,B
BR_00012,CR_YT_029,1.0,0.75,0.0,0.875,B
BR_00012,CR_YT_031,1.0,0.75,0.0,0.875,B
BR_00012,CR_YT_036,1.0,0.75,0.0,0.875,B
BR_00012,CR_YT_039,1.0,0.75,0.0,0.875,B
BR_00012,CR_YT_040,1.0,0.75,0.0,0.875,B
BR_00012,CR_YT_048,1.0,0.75,0.0,0.875,B
BR_00012,CR_YT_057,1.0,0.75,0.0,0.875,B
BR_00012,CR_YT_058,1.0,0.75,0.0,0.875,B
BR_00012,CR_YT_060,1.0,0.75,0.0,0.875,B
BR_00012,CR_YT_062,1.0,0.75,0.0,0.875,B
BR_00012,CR_YT_068,1.0,0.75,0.82,0.853,B
BR_00012,CR_YT_073,1.0,0.75,0.84,0.861,B
BR_00012,CR_YT_077,1.0,0.75,0.0,0.875,B
BR_00012,CR_YT_079,1.0,0.75,0.0,0.875,B
BR_00012,CR_YT_090,1.0,0.75,0.0,0.875,B
BR_00012,CR_YT_091,1.0,0.75,0.0,0.875,B
BR_00012,CR_YT_092,1.0,0.75,0.0,0.875,B
BR_00012,CR_YT_099,1.0,0.75,0.0,0.875,B
BR_00012,CR_YT_102,1.0,0.75,0.0,0.875,B
BR_00012,CR_YT_107,1.0,0.75,0.0,0.875,B
BR_00012,CR_YT_108,1.0,0.75,0.0,0.875,B
BR_00012,CR_YT_110,1.0,0.75,0.0,0.875,B
BR_00012,CR_YT_118,1.0,0.75,0.0,0.875,B
BR_00012,CR_YT_123,1.0,0.75,0.0,0.875,B
BR_00012,CR_YT_127,1.0,0.75,0.0,0.875,B
BR_00012,CR_YT_133,1.0,0.75,0.0,0.875,B
BR_00012,CR_YT_136,1.0,0.75,0.0,0.875,B
BR_00012,CR_YT_137,1.0,0.75,0.0,0.875,B
BR_00012,CR_YT_139,1.0,0.75,0.0,0.875,B
BR_00012,CR_YT_148,1.0,0.75,0.84,0.861,B
BR_00012,CR_YT_151,1.0,0.75,0.0,0.875,B
BR_00012,CR_YT_157,1.0,0.75,0.0,0.875,B
BR_00012,CR_YT_158,1.0,0.75,0.0,0.875,B
BR_00012,CR_YT_163,1.0,0.75,0.0,0.875,B
BR_00012,CR_YT_170,1.0,0.75,0.0,0.875,B
BR_00012,CR_YT_179,1.0,0.75,0.0,0.875,B
BR_00012,CR_YT_187,1.0,0.75,0.0,0.875,B
BR_00012,CR_YT_189,1.0,0.75,0.0,0.875,B
BR_00012,CR_YT_203,1.0,0.75,0.0,0.875,B
BR_00012,CR_YT_207,1.0,0.75,0.0,0.875,B
BR_00012,CR_YT_208,1.0,0.75,0.78,0.837,B
BR_00012,CR_YT_210,1.0,0.75,0.0,0.875,B
BR_00012,CR_YT_215,1.0,0.75,0.0,0.875,B
BR_00012,CR_YT_216,1.0,0.75,0.0,0.875,B
BR_00012,CR_YT_217,1.0,0.75,0.0,0.875,B
BR_00012,CR_YT_223,1.0,0.75,0.0,0.875,B
BR_00012,CR_YT_226,1.0,0.75,0.0,0.875,B
BR_00012,CR_YT_234,1.0,0.75,0.0,0.875,B
BR_00012,CR_YT_237,1.0,0.75,0.0,0.875,B
BR_00012,CR_YT_243,1.0,0.75,0.0,0.875,B
BR_00012,CR_YT_256,1.0,0.75,0.0,0.875,B
BR_00012,CR_YT_257,1.0,0.75,0.0,0.875,B
BR_00012,CR_YT_260,1.0,0.75,0.0,0.875,B
BR_00012,CR_YT_264,1.0,0.75,0.0,0.875,B
BR_00012,CR_YT_269,1.0,0.75,0.0,0.875,B
BR_00012,CR_YT_273,1.0,0.75,0.0,0.875,B
BR_00012,CR_YT_274,1.0,0.75,0.0,0.875,B
BR_00012,CR_YT_275,1.0,0.75,0.0,0.875,B
BR_00012,CR_YT_276,1.0,0.75,0.0,0.875,B
BR_00012,CR_YT_283,1.0,0.75,0.0,0.875,B
BR_00012,CR_YT_288,1.0,0.75,0.0,0.875,B
BR_00012,CR_YT_297,1.0,0.75,0.0,0.875,B
BR_00012,CR_YT_300,1.0,0.75,1.0,0.925,A
BR_00012,CR_TK_001,1.0,0.75,0.0,0.875,B
BR_00012,CR_TK_009,1.0,0.75,0.0,0.875,B
BR_00012,CR_TK_016,1.0,0.75,0.86,0.869,B
BR_00012,CR_TK_022,1.0,0.75,0.0,0.875,B
BR_00012,CR_TK_024,1.0,0.75,0.0,0.875,B
BR_00012,CR_TK_027,1.0,0.75,0.0,0.875,B
BR_00012,CR_TK_028,1.0,0.75,0.0,0.875,B
BR_00012,CR_TK_034,1.0,0.5,0.0,0.75,C
BR_00012,CR_TK_035,1.0,0.75,0.0,0.875,B
BR_00012,CR_TK_042,1.0,0.75,0.0,0.875,B
BR_00012,CR_TK_052,1.0,0.75,0.0,0.875,B
BR_00012,CR_TK_055,1.0,0.75,0.0,0.875,B
BR_00012,CR_TK_063,1.0,0.75,0.0,0.875,B
BR_00012,CR_TK_064,1.0,0.75,0.0,0.875,B
BR_00012,CR_TK_077,1.0,0.75,0.86,0.869,B
BR_00012,CR_TK_078,1.0,0.75,0.0,0.875,B
BR_00012,CR_TK_079,1.0,0.75,0.0,0.875,B
BR_00012,CR_TK_081,1.0,0.75,0.0,0.875,B
BR_00012,CR_TK_084,1.0,0.75,0.66,0.789,C
BR_00012,CR_TK_087,1.0,0.75,0.0,0.875,B
BR_00012,CR_TK_088,1.0,0.75,0.0,0.875,B
BR_00012,CR_TK_089,1.0,0.75,0.0,0.875,B
BR_00012,CR_TK_091,1.0,0.75,0.0,0.875,B
BR_00012,CR_TK_107,1.0,0.75,0.0,0.875,B
BR_00012,CR_TK_115,1.0,0.75,0.0,0.875,B
BR_00012,CR_TK_125,1.0,0.75,0.0,0.875,B
BR_00012,CR_TK_135,1.0,0.75,0.0,0.875,B
BR_00012,CR_TK_136,1.0,0.75,0.0,0.875,B
BR_00012,CR_TK_150,1.0,0.75,0.0,0.875,B
BR_00012,CR_TK_155,1.0,0.75,0.68,0.797,C
BR_00012,CR_TK_156,1.0,0.75,0.0,0.875,B
BR_00012,CR_TK_162,1.0,0.75,0.0,0.875,B
BR_00012,CR_TK_170,1.0,0.75,0.0,0.875,B
BR_00012,CR_TK_173,1.0,0.75,0.0,0.875,B
BR_00012,CR_TK_183,1.0,0.75,0.0,0.875,B
BR_00012,CR_TK_184,1.0,0.75,0.0,0.875,B
BR_00012,CR_TK_190,1.0,0.75,0.0,0.875,B
BR_00013,CR_YT_003,1.0,1.0,0.0,1.0,A
BR_00013,CR_YT_011,1.0,1.0,0.0,1.0,A
BR_00013,CR_YT_014,1.0,1.0,0.0,1.0,A
BR_00013,CR_YT_026,1.0,1.0,0.0,1.0,A
BR_00013,CR_YT_031,1.0,1.0,0.0,1.0,A
BR_00013,CR_YT_035,1.0,1.0,0.56,0.824,B
BR_00013,CR_YT_040,1.0,1.0,0.0,1.0,A
BR_00013,CR_YT_048,1.0,1.0,0.0,1.0,A
BR_00013,CR_YT_058,1.0,1.0,0.0,1.0,A
BR_00013,CR_YT_060,1.0,1.0,0.0,1.0,A
BR_00013,CR_YT_062,1.0,1.0,0.0,1.0,A
BR_00013,CR_YT_068,1.0,1.0,0.0,1.0,A
BR_00013,CR_YT_069,1.0,1.0,0.0,1.0,A
BR_00013,CR_YT_073,1.0,1.0,0.0,1.0,A
BR_00013,CR_YT_076,1.0,0.75,0.0,0.875,B
BR_00013,CR_YT_079,1.0,1.0,0.0,1.0,A
BR_00013,CR_YT_084,1.0,1.0,0.0,1.0,A
BR_00013,CR_YT_091,1.0,1.0,0.0,1.0,A
BR_00013,CR_YT_094,1.0,1.0,0.0,1.0,A
BR_00013,CR_YT_096,1.0,1.0,0.0,1.0,A
BR_00013,CR_YT_099,1.0,1.0,0.0,1.0,A
BR_00013,CR_YT_102,1.0,1.0,0.0,1.0,A
BR_00013,CR_YT_112,1.0,0.75,0.0,0.875,B
BR_00013,CR_YT_114,1.0,1.0,0.0,1.0,A
BR_00013,CR_YT_123,1.0,0.75,0.0,0.875,B
BR_00013,CR_YT_133,1.0,1.0,0.0,1.0,A
BR_00013,CR_YT_136,1.0,0.75,0.82,0.853,B
BR_00013,CR_YT_145,1.0,1.0,0.0,1.0,A
BR_00013,CR_YT_148,1.0,1.0,0.0,1.0,A
BR_00013,CR_YT_155,1.0,1.0,0.0,1.0,A
BR_00013,CR_YT_158,1.0,1.0,0.0,1.0,A
BR_00013,CR_YT_163,1.0,1.0,0.74,0.896,B
BR_00013,CR_YT_165,1.0,1.0,0.0,1.0,A
BR_00013,CR_YT_175,1.0,0.75,0.0,0.875,B
BR_00013,CR_YT_176,1.0,1.0,0.0,1.0,A
BR_00013,CR_YT_179,1.0,1.0,0.0,1.0,A
BR_00013,CR_YT_188,1.0,0.75,0.0,0.875,B
BR_00013,CR_YT_190,1.0,0.75,0.0,0.875,B
BR_00013,CR_YT_192,1.0,1.0,0.0,1.0,A
BR_00013,CR_YT_203,1.0,1.0,0.0,1.0,A
BR_00013,CR_YT_204,1.0,1.0,0.0,1.0,A
BR_00013,CR_YT_205,1.0,1.0,0.0,1.0,A
BR_00013,CR_YT_209,1.0,0.75,0.0,0.875,B
BR_00013,CR_YT_211,1.0,1.0,0.0,1.0,A
BR_00013,CR_YT_217,1.0,1.0,0.0,1.0,A
BR_00013,CR_YT_218,1.0,0.75,0.0,0.875,B
BR_00013,CR_YT_223,1.0,1.0,0.64,0.856,B
BR_00013,CR_YT_226,1.0,1.0,0.0,1.0,A
BR_00013,CR_YT_235,1.0,0.75,0.0,0.875,B
BR_00013,CR_YT_237,1.0,1.0,0.0,1.0,A
BR_00013,CR_YT_243,1.0,0.75,0.0,0.875,B
BR_00013,CR_YT_247,1.0,1.0,0.0,1.0,A
BR_00013,CR_YT_260,1.0,0.75,0.0,0.875,B
BR_00013,CR_YT_262,1.0,1.0,0.0,1.0,A
BR_00013,CR_YT_265,1.0,1.0,0.0,1.0,A
BR_00013,CR_YT_273,1.0,1.0,0.0,1.0,A
BR_00013,CR_YT_276,1.0,1.0,0.9,0.96,A
BR_00013,CR_YT_283,1.0,0.75,0.0,0.875,B
BR_00013,CR_YT_288,1.0,1.0,0.0,1.0,A
BR_00013,CR_YT_291,1.0,1.0,0.0,1.0,A
BR_00013,CR_YT_298,1.0,0.75,0.0,0.875,B
BR_00013,CR_YT_300,1.0,1.0,0.0,1.0,A
BR_00013,CR_TK_005,1.0,1.0,0.0,1.0,A
BR_00013,CR_TK_016,1.0,1.0,0.0,1.0,A
BR_00013,CR_TK_022,1.0,0.75,0.0,0.875,B
BR_00013,CR_TK_027,1.0,1.0,0.0,1.0,A
BR_00013,CR_TK_028,1.0,0.75,0.0,0.875,B
BR_00013,CR_TK_029,1.0,1.0,0.8,0.92,A
BR_00013,CR_TK_033,1.0,1.0,0.52,0.808,B
BR_00013,CR_TK_034,1.0,0.75,0.0,0.875,B
BR_00013,CR_TK_037,1.0,1.0,0.0,1.0,A
BR_00013,CR_TK_042,1.0,1.0,0.0,1.0,A
BR_00013,CR_TK_043,1.0,1.0,0.0,1.0,A
BR_00013,CR_TK_047,1.0,1.0,0.0,1.0,A
BR_00013,CR_TK_055,1.0,1.0,0.0,1.0,A
BR_00013,CR_TK_063,1.0,1.0,0.0,1.0,A
BR_00013,CR_TK_071,1.0,1.0,0.0,1.0,A
BR_00013,CR_TK_077,1.0,1.0,0.0,1.0,A
BR_00013,CR_TK_078,1.0,1.0,0.0,1.0,A
BR_00013,CR_TK_081,1.0,1.0,0.0,1.0,A
BR_00013,CR_TK_084,1.0,1.0,0.0,1.0,A
BR_00013,CR_TK_087,1.0,1.0,0.0,1.0,A
BR_00013,CR_TK_088,1.0,1.0,0.0,1.0,A
BR_00013,CR_TK_090,1.0,1.0,0.0,1.0,A
BR_00013,CR_TK_091,1.0,1.0,0.0,1.0,A
BR_00013,CR_TK_101,1.0,1.0,0.0,1.0,A
BR_00013,CR_TK_111,1.0,1.0,0.0,1.0,A
BR_00013,CR_TK_121,1.0,1.0,0.0,1.0,A
BR_00013,CR_TK_131,1.0,1.0,0.0,1.0,A
BR_00013,CR_TK_132,1.0,1.0,0.84,0.936,A
BR_00013,CR_TK_149,1.0,1.0,0.0,1.0,A
BR_00013,CR_TK_150,1.0,1.0,0.0,1.0,A
BR_00013,CR_TK_156,1.0,1.0,0.0,1.0,A
BR_00013,CR_TK_162,1.0,1.0,0.0,1.0,A
BR_00013,CR_TK_177,1.0,0.75,0.0,0.875,B
BR_00013,CR_TK_188,1.0,1.0,0.0,1.0,A
BR_00014,CR_YT_002,1.0,0.75,0.0,0.875,B
BR_00014,CR_YT_004,1.0,0.75,0.0,0.875,B
BR_00014,CR_YT_034,1.0,0.5,0.0,0.75,C
BR_00014,CR_YT_038,1.0,0.75,0.0,0.875,B
BR_00014,CR_YT_055,1.0,0.75,0.0,0.875,B
BR_00014,CR_YT_063,1.0,0.75,0.0,0.875,B
BR_00014,CR_YT_078,1.0,0.75,0.0,0.875,B
BR_00014,CR_YT_093,1.0,0.75,0.0,0.875,B
BR_00014,CR_YT_095,1.0,0.75,1.0,0.925,A
BR_00014,CR_YT_117,1.0,0.75,0.0,0.875,B
BR_00014,CR_YT_121,1.0,0.75,0.0,0.875,B
BR_00014,CR_YT_128,1.0,0.75,0.0,0.875,B
BR_00014,CR_YT_141,1.0,1.0,0.0,1.0,A
BR_00014,CR_YT_142,1.0,0.75,0.0,0.875,B
BR_00014,CR_YT_143,1.0,0.75,0.0,0.875,B
BR_00014,CR_YT_149,1.0,0.75,0.0,0.875,B
BR_00014,CR_YT_150,1.0,1.0,0.0,1.0,A
BR_00014,CR_YT_154,1.0,0.75,0.0,0.875,B
BR_00014,CR_YT_169,1.0,0.75,0.0,0.875,B
BR_00014,CR_YT_178,1.0,0.75,0.0,0.875,B
BR_00014,CR_YT_185,1.0,0.75,0.0,0.875,B
BR_00014,CR_YT_194,1.0,0.75,0.0,0.875,B
BR_00014,CR_YT_253,1.0,0.75,0.0,0.875,B
BR_00014,CR_YT_266,1.0,0.75,0.0,0.875,B
BR_00014,CR_YT_267,1.0,0.75,0.0,0.875,B
BR_00014,CR_YT_290,1.0,1.0,0.0,1.0,A
BR_00014,CR_YT_296,1.0,0.75,0.0,0.875,B
BR_00014,CR_TK_019,1.0,0.75,0.0,0.875,B
BR_00014,CR_TK_025,1.0,1.0,0.0,1.0,A
BR_00014,CR_TK_038,1.0,0.75,0.0,0.875,B
BR_00014,CR_TK_040,1.0,0.75,0.76,0.829,B
BR_00014,CR_TK_053,1.0,0.75,0.0,0.875,B
BR_00014,CR_TK_060,1.0,1.0,0.0,1.0,A
BR_00014,CR_TK_067,1.0,0.75,0.0,0.875,B
BR_00014,CR_TK_073,1.0,1.0,0.0,1.0,A
BR_00014,CR_TK_080,1.0,1.0,0.0,1.0,A
BR_00014,CR_TK_095,1.0,0.75,0.0,0.875,B
BR_00014,CR_TK_102,1.0,0.75,0.0,0.875,B
BR_00014,CR_TK_106,1.0,0.75,0.0,0.875,B
BR_00014,CR_TK_109,1.0,1.0,0.0,1.0,A
BR_00014,CR_TK_117,1.0,0.75,0.0,0.875,B
BR_00014,CR_TK_126,1.0,1.0,0.0,1.0,A
BR_00014,CR_TK_127,1.0,0.75,0.0,0.875,B
BR_00014,CR_TK_139,1.0,0.75,0.0,0.875,B
BR_00014,CR_TK_143,1.0,0.75,0.0,0.875,B
BR_00014,CR_TK_147,1.0,0.75,0.0,0.875,B
BR_00014,CR_TK_151,1.0,1.0,0.0,1.0,A
BR_00014,CR_TK_164,1.0,0.75,0.0,0.875,B
BR_00014,CR_TK_180,1.0,0.75,0.0,0.875,B
BR_00015,CR_YT_008,1.0,0.5,0.0,0.75,C
BR_00015,CR_YT_016,1.0,0.5,0.0,0.75,C
BR_00015,CR_YT_018,1.0,0.5,0.0,0.75,C
BR_00015,CR_YT_021,1.0,0.5,0.0,0.75,C
BR_00015,CR_YT_024,1.0,0.75,0.0,0.875,B
BR_00015,CR_YT_025,1.0,1.0,0.0,1.0,A
BR_00015,CR_YT_027,1.0,0.75,0.0,0.875,B
BR_00015,CR_YT_043,1.0,1.0,0.0,1.0,A
BR_00015,CR_YT_050,1.0,1.0,0.0,1.0,A
BR_00015,CR_YT_052,1.0,1.0,0.0,1.0,A
BR_00015,CR_YT_082,1.0,0.75,0.0,0.875,B
BR_00015,CR_YT_086,1.0,0.5,0.0,0.75,C
BR_00015,CR_YT_097,1.0,0.75,0.0,0.875,B
BR_00015,CR_YT_098,1.0,0.75,0.0,0.875,B
BR_00015,CR_YT_101,1.0,0.5,0.0,0.75,C
BR_00015,CR_YT_103,1.0,0.5,0.0,0.75,C
BR_00015,CR_YT_113,1.0,1.0,0.0,1.0,A
BR_00015,CR_YT_119,1.0,0.75,0.0,0.875,B
BR_00015,CR_YT_124,1.0,1.0,0.9,0.96,A
BR_00015,CR_YT_131,1.0,1.0,0.0,1.0,A
BR_00015,CR_YT_140,1.0,0.75,0.0,0.875,B
BR_00015,CR_YT_144,1.0,0.5,0.0,0.75,C
BR_00015,CR_YT_147,1.0,0.75,0.0,0.875,B
BR_00015,CR_YT_152,1.0,0.75,0.0,0.875,B
BR_00015,CR_YT_159,1.0,0.5,0.0,0.75,C
BR_00015,CR_YT_160,1.0,1.0,0.0,1.0,A
BR_00015,CR_YT_164,1.0,1.0,0.0,1.0,A
BR_00015,CR_YT_166,1.0,1.0,0.0,1.0,A
BR_00015,CR_YT_173,1.0,0.75,0.0,0.875,B
BR_00015,CR_YT_177,1.0,0.75,0.0,0.875,B
BR_00015,CR_YT_180,1.0,1.0,0.0,1.0,A
BR_00015,CR_YT_182,1.0,0.75,0.0,0.875,B
BR_00015,CR_YT_191,1.0,1.0,0.0,1.0,A
BR_00015,CR_YT_197,1.0,0.25,0.0,0.625,D
BR_00015,CR_YT_200,1.0,0.75,0.0,0.875,B
BR_00015,CR_YT_201,1.0,0.75,0.0,0.875,B
BR_00015,CR_YT_219,1.0,1.0,0.0,1.0,A
BR_00015,CR_YT_220,1.0,0.75,0.0,0.875,B
BR_00015,CR_YT_222,1.0,1.0,0.0,1.0,A
BR_00015,CR_YT_232,1.0,0.75,0.0,0.875,B
BR_00015,CR_YT_233,1.0,0.75,0.0,0.875,B
BR_00015,CR_YT_236,1.0,1.0,0.0,1.0,A
BR_00015,CR_YT_238,1.0,1.0,0.0,1.0,A
BR_00015,CR_YT_246,1.0,1.0,0.0,1.0,A
BR_00015,CR_YT_249,1.0,0.75,0.0,0.875,B
BR_00015,CR_YT_250,1.0,0.75,0.0,0.875,B
BR_00015,CR_YT_251,1.0,0.75,0.86,0.869,B
BR_00015,CR_YT_261,1.0,1.0,0.0,1.0,A
BR_00015,CR_YT_263,1.0,0.5,0.0,0.75,C
BR_00015,CR_YT_271,1.0,0.75,0.0,0.875,B
BR_00015,CR_YT_282,1.0,0.75,0.0,0.875,B
BR_00015,CR_YT_284,1.0,0.75,0.0,0.875,B
BR_00015,CR_YT_287,1.0,0.75,0.0,0.875,B
BR_00015,CR_YT_289,1.0,0.75,0.0,0.875,B
BR_00015,CR_YT_293,1.0,1.0,0.8,0.92,A
BR_00015,CR_YT_295,1.0,1.0,0.0,1.0,A
BR_00015,CR_TK_002,1.0,0.75,0.0,0.875,B
BR_00015,CR_TK_003,1.0,1.0,0.0,1.0,A
BR_00015,CR_TK_007,1.0,0.75,0.0,0.875,B
BR_00015,CR_TK_010,1.0,0.75,0.0,0.875,B
BR_00015,CR_TK_013,1.0,1.0,0.0,1.0,A
BR_00015,CR_TK_017,1.0,1.0,0.0,1.0,A
BR_00015,CR_TK_054,1.0,0.75,0.0,0.875,B
BR_00015,CR_TK_059,1.0,1.0,0.0,1.0,A
BR_00015,CR_TK_068,1.0,1.0,0.0,1.0,A
BR_00015,CR_TK_069,1.0,1.0,0.82,0.928,A
BR_00015,CR_TK_070,1.0,1.0,0.0,1.0,A
BR_00015,CR_TK_072,1.0,1.0,0.0,1.0,A
BR_00015,CR_TK_082,1.0,0.75,0.0,0.875,B
BR_00015,CR_TK_083,1.0,0.75,0.0,0.875,B
BR_00015,CR_TK_085,1.0,0.75,0.0,0.875,B
BR_00015,CR_TK_093,1.0,0.75,0.0,0.875,B
BR_00015,CR_TK_094,1.0,0.75,0.0,0.875,B
BR_00015,CR_TK_096,1.0,1.0,0.0,1.0,A
BR_00015,CR_TK_097,1.0,1.0,0.0,1.0,A
BR_00015,CR_TK_098,1.0,0.5,0.0,0.75,C
BR_00015,CR_TK_100,1.0,0.5,0.0,0.75,C
BR_00015,CR_TK_103,1.0,0.75,0.0,0.875,B
BR_00015,CR_TK_104,1.0,1.0,0.0,1.0,A
BR_00015,CR_TK_112,1.0,1.0,0.0,1.0,A
BR_00015,CR_TK_114,1.0,0.75,0.0,0.875,B
BR_00015,CR_TK_116,1.0,0.5,0.0,0.75,C
BR_00015,CR_TK_123,1.0,0.75,0.0,0.875,B
BR_00015,CR_TK_130,1.0,1.0,0.0,1.0,A
BR_00015,CR_TK_148,1.0,1.0,0.0,1.0,A
BR_00015,CR_TK_153,1.0,0.75,0.0,0.875,B
BR_00015,CR_TK_154,1.0,0.75,0.0,0.875,B
BR_00015,CR_TK_158,1.0,0.75,0.0,0.875,B
BR_00015,CR_TK_167,1.0,0.75,0.0,0.875,B
BR_00015,CR_TK_168,1.0,1.0,0.0,1.0,A
BR_00015,CR_TK_169,1.0,0.75,0.0,0.875,B
BR_00015,CR_TK_176,1.0,0.5,0.0,0.75,C
BR_00015,CR_TK_178,1.0,0.75,0.0,0.875,B
BR_00015,CR_TK_185,1.0,1.0,0.0,1.0,A
BR_00015,CR_TK_186,1.0,0.75,0.0,0.875,B
BR_00015,CR_TK_187,1.0,1.0,0.0,1.0,A
BR_00015,CR_TK_189,1.0,0.75,0.0,0.875,B
BR_00015,CR_TK_194,1.0,0.75,0.0,0.875,B
BR_00016,CR_YT_003,1.0,0.75,0.0,0.875,B
BR_00016,CR_YT_011,1.0,1.0,0.0,1.0,A
BR_00016,CR_YT_014,1.0,0.75,0.0,0.875,B
BR_00016,CR_YT_026,1.0,1.0,0.0,1.0,A
BR_00016,CR_YT_031,1.0,1.0,0.0,1.0,A
BR_00016,CR_YT_035,1.0,1.0,0.0,1.0,A
BR_00016,CR_YT_040,1.0,1.0,0.0,1.0,A
BR_00016,CR_YT_048,1.0,1.0,0.0,1.0,A
BR_00016,CR_YT_058,1.0,0.75,0.0,0.875,B
BR_00016,CR_YT_060,1.0,1.0,0.0,1.0,A
BR_00016,CR_YT_062,1.0,1.0,0.0,1.0,A
BR_00016,CR_YT_068,1.0,1.0,0.0,1.0,A
BR_00016,CR_YT_069,1.0,1.0,0.0,1.0,A
BR_00016,CR_YT_073,1.0,1.0,0.0,1.0,A
BR_00016,CR_YT_076,1.0,0.75,0.0,0.875,B
BR_00016,CR_YT_079,1.0,1.0,0.0,1.0,A
BR_00016,CR_YT_084,1.0,1.0,0.0,1.0,A
BR_00016,CR_YT_091,1.0,0.75,0.0,0.875,B
BR_00016,CR_YT_094,1.0,1.0,0.0,1.0,A
BR_00016,CR_YT_096,1.0,0.75,0.0,0.875,B
BR_00016,CR_YT_099,1.0,0.75,0.0,0.875,B
BR_00016,CR_YT_102,1.0,1.0,0.0,1.0,A
BR_00016,CR_YT_112,1.0,0.75,0.0,0.875,B
BR_00016,CR_YT_114,1.0,1.0,0.0,1.0,A
BR_00016,CR_YT_123,1.0,0.75,0.74,0.821,B
BR_00016,CR_YT_133,1.0,0.75,0.0,0.875,B
BR_00016,CR_YT_136,1.0,0.75,0.0,0.875,B
BR_00016,CR_YT_145,1.0,1.0,0.0,1.0,A
BR_00016,CR_YT_148,1.0,0.75,0.0,0.875,B
BR_00016,CR_YT_155,1.0,1.0,0.0,1.0,A
BR_00016,CR_YT_158,1.0,0.75,0.0,0.875,B
BR_00016,CR_YT_163,1.0,1.0,0.0,1.0,A
BR_00016,CR_YT_165,1.0,0.75,0.0,0.875,B
BR_00016,CR_YT_175,1.0,0.75,0.0,0.875,B
BR_00016,CR_YT_176,1.0,1.0,0.0,1.0,A
BR_00016,CR_YT_179,1.0,1.0,0.0,1.0,A
BR_00016,CR_YT_188,1.0,0.75,0.0,0.875,B
BR_00016,CR_YT_190,1.0,0.75,0.0,0.875,B
BR_00016,CR_YT_192,1.0,1.0,0.0,1.0,A
BR_00016,CR_YT_203,1.0,0.75,0.0,0.875,B
BR_00016,CR_YT_204,1.0,1.0,0.0,1.0,A
BR_00016,CR_YT_205,1.0,1.0,0.0,1.0,A
BR_00016,CR_YT_209,1.0,0.75,0.0,0.875,B
BR_00016,CR_YT_211,1.0,1.0,0.0,1.0,A
BR_00016,CR_YT_217,1.0,1.0,0.0,1.0,A
BR_00016,CR_YT_218,1.0,0.75,0.0,0.875,B
BR_00016,CR_YT_223,1.0,1.0,0.0,1.0,A
BR_00016,CR_YT_226,1.0,1.0,0.0,1.0,A
BR_00016,CR_YT_235,1.0,0.5,0.0,0.75,C
BR_00016,CR_YT_237,1.0,1.0,0.0,1.0,A
BR_00016,CR_YT_243,1.0,0.75,0.0,0.875,B
BR_00016,CR_YT_247,1.0,1.0,0.0,1.0,A
BR_00016,CR_YT_260,1.0,0.75,0.0,0.875,B
BR_00016,CR_YT_262,1.0,1.0,0.0,1.0,A
BR_00016,CR_YT_265,1.0,1.0,0.0,1.0,A
BR_00016,CR_YT_273,1.0,1.0,0.84,0.936,A
BR_00016,CR_YT_276,1.0,1.0,0.9,0.96,A
BR_00016,CR_YT_283,1.0,0.75,0.0,0.875,B
BR_00016,CR_YT_288,1.0,1.0,0.0,1.0,A
BR_00016,CR_YT_291,1.0,0.75,0.0,0.875,B
BR_00016,CR_YT_298,1.0,0.75,0.0,0.875,B
BR_00016,CR_YT_300,1.0,1.0,0.0,1.0,A
BR_00016,CR_TK_005,1.0,0.75,0.0,0.875,B
BR_00016,CR_TK_016,1.0,1.0,0.0,1.0,A
BR_00016,CR_TK_022,1.0,0.75,0.0,0.875,B
BR_00016,CR_TK_027,1.0,0.75,0.0,0.875,B
BR_00016,CR_TK_028,1.0,0.75,0.0,0.875,B
BR_00016,CR_TK_029,1.0,1.0,0.0,1.0,A
BR_00016,CR_TK_033,1.0,1.0,0.0,1.0,A
BR_00016,CR_TK_034,1.0,0.75,0.0,0.875,B
BR_00016,CR_TK_037,1.0,1.0,0.0,1.0,A
BR_00016,CR_TK_042,1.0,1.0,0.0,1.0,A
BR_00016,CR_TK_043,1.0,0.75,0.0,0.875,B
BR_00016,CR_TK_047,1.0,1.0,0.0,1.0,A
BR_00016,CR_TK_055,1.0,0.75,0.0,0.875,B
BR_00016,CR_TK_063,1.0,1.0,0.0,1.0,A
BR_00016,CR_TK_071,1.0,0.75,0.0,0.875,B
BR_00016,CR_TK_077,1.0,1.0,0.0,1.0,A
BR_00016,CR_TK_078,1.0,0.75,0.0,0.875,B
BR_00016,CR_TK_081,1.0,1.0,0.0,1.0,A
BR_00016,CR_TK_084,1.0,1.0,0.0,1.0,A
BR_00016,CR_TK_087,1.0,0.75,0.0,0.875,B
BR_00016,CR_TK_088,1.0,0.75,0.98,0.917,A
BR_00016,CR_TK_090,1.0,1.0,0.58,0.832,B
BR_00016,CR_TK_091,1.0,1.0,0.0,1.0,A
BR_00016,CR_TK_101,1.0,1.0,0.0,1.0,A
BR_00016,CR_TK_111,1.0,1.0,0.0,1.0,A
BR_00016,CR_TK_121,1.0,0.75,0.0,0.875,B
BR_00016,CR_TK_131,1.0,1.0,0.0,1.0,A
BR_00016,CR_TK_132,1.0,0.75,0.0,0.875,B
BR_00016,CR_TK_149,1.0,1.0,0.0,1.0,A
BR_00016,CR_TK_150,1.0,1.0,0.0,1.0,A
BR_00016,CR_TK_156,1.0,0.75,0.0,0.875,B
BR_00016,CR_TK_162,1.0,1.0,0.0,1.0,A
BR_00016,CR_TK_177,1.0,0.75,0.0,0.875,B
BR_00016,CR_TK_188,1.0,1.0,0.0,1.0,A
BR_00017,CR_YT_003,1.0,1.0,0.0,1.0,A
BR_00017,CR_YT_011,1.0,1.0,0.0,1.0,A
BR_00017,CR_YT_014,1.0,1.0,0.0,1.0,A
BR_00017,CR_YT_026,1.0,1.0,0.9,0.96,A
BR_00017,CR_YT_031,1.0,1.0,0.0,1.0,A
BR_00017,CR_YT_035,1.0,1.0,0.0,1.0,A
BR_00017,CR_YT_040,1.0,1.0,0.0,1.0,A
BR_00017,CR_YT_048,1.0,1.0,0.0,1.0,A
BR_00017,CR_YT_058,1.0,1.0,0.0,1.0,A
BR_00017,CR_YT_060,1.0,1.0,0.0,1.0,A
BR_00017,CR_YT_062,1.0,1.0,0.0,1.0,A
BR_00017,CR_YT_068,1.0,1.0,0.0,1.0,A
BR_00017,CR_YT_069,1.0,1.0,0.0,1.0,A
BR_00017,CR_YT_073,1.0,1.0,0.0,1.0,A
BR_00017,CR_YT_076,1.0,1.0,0.0,1.0,A
BR_00017,CR_YT_079,1.0,1.0,0.0,1.0,A
BR_00017,CR_YT_084,1.0,1.0,0.0,1.0,A
BR_00017,CR_YT_091,1.0,1.0,0.0,1.0,A
BR_00017,CR_YT_094,1.0,1.0,0.88,0.952,A
BR_00017,CR_YT_096,1.0,1.0,0.74,0.896,B
BR_00017,CR_YT_099,1.0,1.0,0.68,0.872,B
BR_00017,CR_YT_102,1.0,1.0,0.82,0.928,A
BR_00017,CR_YT_112,1.0,1.0,0.0,1.0,A
BR_00017,CR_YT_114,1.0,1.0,0.0,1.0,A
BR_00017,CR_YT_123,1.0,1.0,0.74,0.896,B
BR_00017,CR_YT_133,1.0,1.0,0.0,1.0,A
BR_00017,CR_YT_136,1.0,1.0,0.0,1.0,A
BR_00017,CR_YT_145,1.0,1.0,0.0,1.0,A
BR_00017,CR_YT_148,1.0,1.0,0.0,1.0,A
BR_00017,CR_YT_155,1.0,1.0,0.0,1.0,A
BR_00017,CR_YT_158,1.0,1.0,0.0,1.0,A
BR_00017,CR_YT_163,1.0,1.0,0.0,1.0,A
BR_00017,CR_YT_165,1.0,1.0,0.0,1.0,A
BR_00017,CR_YT_175,1.0,1.0,0.0,1.0,A
BR_00017,CR_YT_176,1.0,1.0,0.0,1.0,A
BR_00017,CR_YT_179,1.0,1.0,0.0,1.0,A
BR_00017,CR_YT_188,1.0,1.0,0.0,1.0,A
BR_00017,CR_YT_190,1.0,1.0,0.0,1.0,A
BR_00017,CR_YT_192,1.0,1.0,0.0,1.0,A
BR_00017,CR_YT_203,1.0,1.0,0.0,1.0,A
BR_00017,CR_YT_204,1.0,1.0,0.0,1.0,A
BR_00017,CR_YT_205,1.0,1.0,0.0,1.0,A
BR_00017,CR_YT_209,1.0,1.0,0.0,1.0,A
BR_00017,CR_YT_211,1.0,1.0,0.0,1.0,A
BR_00017,CR_YT_217,1.0,1.0,0.0,1.0,A
BR_00017,CR_YT_218,1.0,1.0,0.0,1.0,A
BR_00017,CR_YT_223,1.0,1.0,0.0,1.0,A
BR_00017,CR_YT_226,1.0,1.0,0.0,1.0,A
BR_00017,CR_YT_235,1.0,0.75,0.0,0.875,B
BR_00017,CR_YT_237,1.0,1.0,0.0,1.0,A
BR_00017,CR_YT_243,1.0,1.0,0.0,1.0,A
BR_00017,CR_YT_247,1.0,1.0,0.0,1.0,A
BR_00017,CR_YT_260,1.0,1.0,0.0,1.0,A
BR_00017,CR_YT_262,1.0,1.0,0.0,1.0,A
BR_00017,CR_YT_265,1.0,1.0,0.0,1.0,A
BR_00017,CR_YT_273,1.0,1.0,0.0,1.0,A
BR_00017,CR_YT_276,1.0,1.0,0.0,1.0,A
BR_00017,CR_YT_283,1.0,1.0,0.0,1.0,A
BR_00017,CR_YT_288,1.0,1.0,0.0,1.0,A
BR_00017,CR_YT_291,1.0,1.0,0.0,1.0,A
BR_00017,CR_YT_298,1.0,1.0,0.0,1.0,A
BR_00017,CR_YT_300,1.0,1.0,0.0,1.0,A
BR_00017,CR_TK_005,1.0,1.0,0.0,1.0,A
BR_00017,CR_TK_016,1.0,1.0,0.0,1.0,A
BR_00017,CR_TK_022,1.0,1.0,0.0,1.0,A
BR_00017,CR_TK_027,1.0,1.0,0.0,1.0,A
BR_00017,CR_TK_028,1.0,1.0,0.0,1.0,A
BR_00017,CR_TK_029,1.0,1.0,0.0,1.0,A
BR_00017,CR_TK_033,1.0,1.0,0.0,1.0,A
BR_00017,CR_TK_034,1.0,0.75,0.0,0.875,B
BR_00017,CR_TK_037,1.0,1.0,0.0,1.0,A
BR_00017,CR_TK_042,1.0,1.0,0.0,1.0,A
BR_00017,CR_TK_043,1.0,1.0,0.0,1.0,A
BR_00017,CR_TK_047,1.0,1.0,0.0,1.0,A
BR_00017,CR_TK_055,1.0,1.0,0.0,1.0,A
BR_00017,CR_TK_063,1.0,1.0,0.0,1.0,A
BR_00017,CR_TK_071,1.0,1.0,0.0,1.0,A
BR_00017,CR_TK_077,1.0,1.0,0.0,1.0,A
BR_00017,CR_TK_078,1.0,1.0,0.0,1.0,A
BR_00017,CR_TK_081,1.0,1.0,0.0,1.0,A
BR_00017,CR_TK_084,1.0,1.0,0.0,1.0,A
BR_00017,CR_TK_087,1.0,1.0,0.0,1.0,A
BR_00017,CR_TK_088,1.0,1.0,0.0,1.0,A
BR_00017,CR_TK_090,1.0,1.0,0.58,0.832,B
BR_00017,CR_TK_091,1.0,1.0,0.0,1.0,A
BR_00017,CR_TK_101,1.0,1.0,0.0,1.0,A
BR_00017,CR_TK_111,1.0,1.0,0.0,1.0,A
BR_00017,CR_TK_121,1.0,1.0,0.0,1.0,A
BR_00017,CR_TK_131,1.0,1.0,0.0,1.0,A
BR_00017,CR_TK_132,1.0,1.0,0.0,1.0,A
BR_00017,CR_TK_149,1.0,1.0,0.0,1.0,A
BR_00017,CR_TK_150,1.0,1.0,0.0,1.0,A
BR_00017,CR_TK_156,1.0,1.0,0.0,1.0,A
BR_00017,CR_TK_162,1.0,1.0,0.0,1.0,A
BR_00017,CR_TK_177,1.0,1.0,0.0,1.0,A
BR_00017,CR_TK_188,1.0,1.0,0.0,1.0,A
BR_00018,CR_YT_003,1.0,0.5,0.86,0.794,C
BR_00018,CR_YT_005,1.0,0.75,0.0,0.875,B
BR_00018,CR_YT_006,1.0,0.75,0.0,0.875,B
BR_00018,CR_YT_009,1.0,0.5,0.0,0.75,C
BR_00018,CR_YT_010,1.0,0.75,0.0,0.875,B
BR_00018,CR_YT_015,1.0,0.75,0.0,0.875,B
BR_00018,CR_YT_023,1.0,1.0,0.0,1.0,A
BR_00018,CR_YT_029,1.0,0.75,0.0,0.875,B
BR_00018,CR_YT_031,1.0,0.5,0.0,0.75,C
BR_00018,CR_YT_036,1.0,0.75,0.84,0.861,B
BR_00018,CR_YT_039,1.0,1.0,0.0,1.0,A
BR_00018,CR_YT_040,1.0,0.5,0.0,0.75,C
BR_00018,CR_YT_048,1.0,0.75,0.0,0.875,B
BR_00018,CR_YT_057,1.0,0.75,0.0,0.875,B
BR_00018,CR_YT_058,1.0,0.5,0.0,0.75,C
BR_00018,CR_YT_060,1.0,0.75,0.0,0.875,B
BR_00018,CR_YT_062,1.0,0.5,0.72,0.738,C
BR_00018,CR_YT_068,1.0,0.5,0.0,0.75,C
BR_00018,CR_YT_073,1.0,0.75,0.0,0.875,B
BR_00018,CR_YT_077,1.0,0.75,0.0,0.875,B
BR_00018,CR_YT_079,1.0,0.75,0.0,0.875,B
BR_00018,CR_YT_090,1.0,0.75,0.0,0.875,B
BR_00018,CR_YT_091,1.0,0.5,0.0,0.75,C
BR_00018,CR_YT_092,1.0,0.75,0.0,0.875,B
BR_00018,CR_YT_099,1.0,0.5,0.0,0.75,C
BR_00018,CR_YT_102,1.0,0.75,0.0,0.875,B
BR_00018,CR_YT_107,1.0,0.75,0.0,0.875,B
BR_00018,CR_YT_108,1.0,0.75,0.0,0.875,B
BR_00018,CR_YT_110,1.0,0.75,0.0,0.875,B
BR_00018,CR_YT_118,1.0,0.75,0.0,0.875,B
BR_00018,CR_YT_123,1.0,0.5,0.78,0.762,C
BR_00018,CR_YT_127,1.0,1.0,0.0,1.0,A
BR_00018,CR_YT_133,1.0,0.5,0.0,0.75,C
BR_00018,CR_YT_136,1.0,0.5,0.0,0.75,C
BR_00018,CR_YT_137,1.0,0.75,0.0,0.875,B
BR_00018,CR_YT_139,1.0,0.75,0.0,0.875,B
BR_00018,CR_YT_148,1.0,0.5,0.84,0.786,C
BR_00018,CR_YT_151,1.0,0.75,0.72,0.813,B
BR_00018,CR_YT_157,1.0,0.75,0.0,0.875,B
BR_00018,CR_YT_158,1.0,0.5,0.0,0.75,C
BR_00018,CR_YT_163,1.0,0.5,0.0,0.75,C
BR_00018,CR_YT_170,1.0,0.75,0.0,0.875,B
BR_00018,CR_YT_179,1.0,0.5,0.0,0.75,C
BR_00018,CR_YT_187,1.0,1.0,0.0,1.0,A
BR_00018,CR_YT_189,1.0,0.75,0.0,0.875,B
BR_00018,CR_YT_203,1.0,0.5,0.0,0.75,C
BR_00018,CR_YT_207,1.0,1.0,0.0,1.0,A
BR_00018,CR_YT_208,1.0,1.0,0.0,1.0,A
BR_00018,CR_YT_210,1.0,0.75,0.0,0.875,B
BR_00018,CR_YT_215,1.0,1.0,0.0,1.0,A
BR_00018,CR_YT_216,1.0,0.75,0.0,0.875,B
BR_00018,CR_YT_217,1.0,0.5,0.0,0.75,C
BR_00018,CR_YT_223,1.0,0.5,0.0,0.75,C
BR_00018,CR_YT_226,1.0,0.5,0.0,0.75,C
BR_00018,CR_YT_234,1.0,0.75,0.0,0.875,B
BR_00018,CR_YT_237,1.0,0.5,0.0,0.75,C
BR_00018,CR_YT_243,1.0,0.5,0.0,0.75,C
BR_00018,CR_YT_256,1.0,0.75,0.0,0.875,B
BR_00018,CR_YT_257,1.0,0.75,0.0,0.875,B
BR_00018,CR_YT_260,1.0,0.5,0.0,0.75,C
BR_00018,CR_YT_264,1.0,0.75,0.0,0.875,B
BR_00018,CR_YT_269,1.0,0.75,0.0,0.875,B
BR_00018,CR_YT_273,1.0,0.75,0.0,0.875,B
BR_00018,CR_YT_274,1.0,0.75,0.0,0.875,B
BR_00018,CR_YT_275,1.0,0.75,0.0,0.875,B
BR_00018,CR_YT_276,1.0,0.5,0.0,0.75,C
BR_00018,CR_YT_283,1.0,0.5,0.0,0.75,C
BR_00018,CR_YT_288,1.0,0.5,0.0,0.75,C
BR_00018,CR_YT_297,1.0,0.75,0.0,0.875,B
BR_00018,CR_YT_300,1.0,0.75,0.0,0.875,B
BR_00018,CR_TK_001,1.0,0.75,0.0,0.875,B
BR_00018,CR_TK_009,1.0,0.75,0.0,0.875,B
BR_00018,CR_TK_016,1.0,0.75,0.0,0.875,B
BR_00018,CR_TK_022,1.0,0.5,0.0,0.75,C
BR_00018,CR_TK_024,1.0,1.0,0.0,1.0,A
BR_00018,CR_TK_027,1.0,0.5,0.0,0.75,C
BR_00018,CR_TK_028,1.0,0.5,0.0,0.75,C
BR_00018,CR_TK_034,1.0,0.5,0.0,0.75,C
BR_00018,CR_TK_035,1.0,0.75,0.74,0.821,B
BR_00018,CR_TK_042,1.0,0.5,0.0,0.75,C
BR_00018,CR_TK_052,1.0,0.75,0.0,0.875,B
BR_00018,CR_TK_055,1.0,0.5,0.0,0.75,C
BR_00018,CR_TK_063,1.0,0.5,0.0,0.75,C
BR_00018,CR_TK_064,1.0,0.75,0.0,0.875,B
BR_00018,CR_TK_077,1.0,0.75,0.86,0.869,B
BR_00018,CR_TK_078,1.0,0.5,0.0,0.75,C
BR_00018,CR_TK_079,1.0,0.75,0.0,0.875,B
BR_00018,CR_TK_081,1.0,0.5,0.0,0.75,C
BR_00018,CR_TK_084,1.0,0.5,0.7869,0.7648,C
BR_00018,CR_TK_087,1.0,0.5,0.0,0.75,C
BR_00018,CR_TK_088,1.0,0.5,0.0,0.75,C
BR_00018,CR_TK_089,1.0,1.0,0.88,0.952,A
BR_00018,CR_TK_091,1.0,0.5,0.0,0.75,C
BR_00018,CR_TK_107,1.0,1.0,0.0,1.0,A
BR_00018,CR_TK_115,1.0,0.75,0.0,0.875,B
BR_00018,CR_TK_125,1.0,0.75,0.0,0.875,B
BR_00018,CR_TK_135,1.0,0.75,0.0,0.875,B
BR_00018,CR_TK_136,1.0,0.75,0.0,0.875,B
BR_00018,CR_TK_150,1.0,0.5,0.0,0.75,C
BR_00018,CR_TK_155,1.0,0.75,0.68,0.797,C
BR_00018,CR_TK_156,1.0,0.5,0.0,0.75,C
BR_00018,CR_TK_162,1.0,0.5,0.0,0.75,C
BR_00018,CR_TK_170,1.0,0.75,0.0,0.875,B
BR_00018,CR_TK_173,1.0,0.75,0.0,0.875,B
BR_00018,CR_TK_183,1.0,0.75,0.0,0.875,B
BR_00018,CR_TK_184,1.0,0.75,0.0,0.875,B
BR_00018,CR_TK_190,1.0,0.75,0.0,0.875,B
BR_00019,CR_YT_007,0.5,1.0,0.0,0.75,C
BR_00019,CR_YT_012,0.5,0.75,0.0,0.625,D
BR_00019,CR_YT_020,1.0,1.0,0.0,1.0,A
BR_00019,CR_YT_022,0.5,0.75,0.0,0.625,D
BR_00019,CR_YT_032,1.0,0.75,0.0,0.875,B
BR_00019,CR_YT_033,1.0,0.75,0.0,0.875,B
BR_00019,CR_YT_041,0.5,1.0,0.0,0.75,C
BR_00019,CR_YT_042,1.0,1.0,0.0,1.0,A
BR_00019,CR_YT_045,0.5,0.75,0.0,0.625,D
BR_00019,CR_YT_046,0.5,1.0,0.0,0.75,C
BR_00019,CR_YT_047,0.5,1.0,0.0,0.75,C
BR_00019,CR_YT_049,0.5,1.0,0.0,0.75,C
BR_00019,CR_YT_051,0.5,0.75,0.0,0.625,D
BR_00019,CR_YT_054,0.5,1.0,0.0,0.75,C
BR_00019,CR_YT_061,0.5,1.0,0.0,0.75,C
BR_00019,CR_YT_067,0.5,1.0,0.0,0.75,C
BR_00019,CR_YT_070,1.0,0.75,0.0,0.875,B
BR_00019,CR_YT_071,0.5,1.0,0.78,0.762,C
BR_00019,CR_YT_075,1.0,0.75,0.0,0.875,B
BR_00019,CR_YT_085,0.5,1.0,0.0,0.75,C
BR_00019,CR_YT_088,0.5,1.0,0.0,0.75,C
BR_00019,CR_YT_111,0.5,1.0,0.0,0.75,C
BR_00019,CR_YT_115,0.5,1.0,0.0,0.75,C
BR_00019,CR_YT_120,0.5,0.75,0.0,0.625,D
BR_00019,CR_YT_122,1.0,0.75,0.0,0.875,B
BR_00019,CR_YT_125,0.5,1.0,0.0,0.75,C
BR_00019,CR_YT_126,1.0,0.75,0.0,0.875,B
BR_00019,CR_YT_129,1.0,0.5,0.0,0.75,C
BR_00019,CR_YT_130,1.0,1.0,0.0,1.0,A
BR_00019,CR_YT_135,0.5,0.75,0.0,0.625,D
BR_00019,CR_YT_138,0.5,0.75,0.0,0.625,D
BR_00019,CR_YT_146,1.0,1.0,0.0,1.0,A
BR_00019,CR_YT_162,1.0,0.75,0.0,0.875,B
BR_00019,CR_YT_167,1.0,1.0,0.0,1.0,A
BR_00019,CR_YT_171,0.5,1.0,0.0,0.75,C
BR_00019,CR_YT_183,1.0,1.0,0.0,1.0,A
BR_00019,CR_YT_184,1.0,1.0,0.0,1.0,A
BR_00019,CR_YT_186,0.5,1.0,0.0,0.75,C
BR_00019,CR_YT_193,0.5,0.75,0.0,0.625,D
BR_00019,CR_YT_212,1.0,0.75,1.0,0.925,A
BR_00019,CR_YT_214,0.5,1.0,0.0,0.75,C
BR_00019,CR_YT_221,0.5,0.75,0.0,0.625,D
BR_00019,CR_YT_228,0.5,1.0,0.0,0.75,C
BR_00019,CR_YT_230,0.5,0.75,0.0,0.625,D
BR_00019,CR_YT_231,1.0,0.75,0.0,0.875,B
BR_00019,CR_YT_244,0.5,1.0,0.0,0.75,C
BR_00019,CR_YT_245,0.5,1.0,0.0,0.75,C
BR_00019,CR_YT_258,1.0,0.75,0.46,0.709,C
BR_00019,CR_YT_270,1.0,1.0,0.0,1.0,A
BR_00019,CR_YT_281,0.5,1.0,0.0,0.75,C
BR_00019,CR_YT_299,1.0,0.75,0.0,0.875,B
BR_00019,CR_TK_006,1.0,0.75,0.0,0.875,B
BR_00019,CR_TK_011,0.5,1.0,0.0,0.75,C
BR_00019,CR_TK_015,0.5,0.75,0.0,0.625,D
BR_00019,CR_TK_018,0.5,0.75,0.0,0.625,D
BR_00019,CR_TK_020,0.5,1.0,0.78,0.762,C
BR_00019,CR_TK_021,0.5,0.75,0.0,0.625,D
BR_00019,CR_TK_023,0.5,1.0,0.0,0.75,C
BR_00019,CR_TK_026,1.0,1.0,0.0,1.0,A
BR_00019,CR_TK_032,1.0,1.0,0.0,1.0,A
BR_00019,CR_TK_041,1.0,1.0,0.0,1.0,A
BR_00019,CR_TK_045,1.0,1.0,0.0,1.0,A
BR_00019,CR_TK_046,1.0,1.0,0.0,1.0,A
BR_00019,CR_TK_051,0.5,1.0,0.0,0.75,C
BR_00019,CR_TK_057,0.5,0.75,0.0,0.625,D
BR_00019,CR_TK_058,1.0,1.0,0.0,1.0,A
BR_00019,CR_TK_061,0.5,1.0,0.0,0.75,C
BR_00019,CR_TK_074,0.5,0.75,0.0,0.625,D
BR_00019,CR_TK_076,0.5,0.75,0.0,0.625,D
BR_00019,CR_TK_086,1.0,0.75,0.0,0.875,B
BR_00019,CR_TK_108,0.5,0.75,0.0,0.625,D
BR_00019,CR_TK_118,1.0,0.75,0.7006,0.8052,B
BR_00019,CR_TK_120,0.5,0.75,0.0,0.625,D
BR_00019,CR_TK_128,1.0,1.0,0.0,1.0,A
BR_00019,CR_TK_134,1.0,1.0,0.0,1.0,A
BR_00019,CR_TK_140,0.5,1.0,0.84,0.786,C
BR_00019,CR_TK_142,0.5,1.0,0.0,0.75,C
BR_00019,CR_TK_146,0.5,0.75,0.0,0.625,D
BR_00019,CR_TK_152,0.5,1.0,0.0,0.75,C
BR_00019,CR_TK_159,1.0,0.75,0.0,0.875,B
BR_00019,CR_TK_161,0.5,0.75,0.0,0.625,D
BR_00019,CR_TK_165,0.5,1.0,0.0,0.75,C
BR_00019,CR_TK_166,0.5,1.0,0.0,0.75,C
BR_00019,CR_TK_171,0.5,0.75,0.0,0.625,D
BR_00019,CR_TK_175,0.5,0.75,0.0,0.625,D
BR_00019,CR_TK_179,1.0,0.75,0.0,0.875,B
BR_00019,CR_TK_191,0.5,1.0,0.0,0.75,C
BR_00019,CR_TK_192,0.5,1.0,0.0,0.75,C
BR_00019,CR_TK_196,0.5,0.75,0.0,0.625,D
BR_00019,CR_TK_197,1.0,0.75,0.0,0.875,B
BR_00019,CR_TK_199,1.0,1.0,0.0,1.0,A
BR_00020,CR_YT_003,1.0,0.5,1.0,0.85,B
BR_00020,CR_YT_005,1.0,0.5,0.0,0.75,C
BR_00020,CR_YT_006,1.0,0.5,0.0,0.75,C
BR_00020,CR_YT_009,1.0,0.5,0.0,0.75,C
BR_00020,CR_YT_010,1.0,0.75,0.0,0.875,B
BR_00020,CR_YT_015,1.0,0.75,0.58,0.757,C
BR_00020,CR_YT_023,1.0,0.75,0.0,0.875,B
BR_00020,CR_YT_029,1.0,0.75,0.0,0.875,B
BR_00020,CR_YT_031,1.0,0.75,0.0,0.875,B
BR_00020,CR_YT_036,1.0,0.5,0.0,0.75,C
BR_00020,CR_YT_039,1.0,0.75,0.0,0.875,B
BR_00020,CR_YT_040,1.0,0.75,0.98,0.917,A
BR_00020,CR_YT_048,1.0,0.75,0.0,0.875,B
BR_00020,CR_YT_057,1.0,0.75,0.82,0.853,B
BR_00020,CR_YT_058,1.0,0.75,0.0,0.875,B
BR_00020,CR_YT_060,1.0,0.75,0.0,0.875,B
BR_00020,CR_YT_062,1.0,0.75,0.0,0.875,B
BR_00020,CR_YT_068,1.0,0.75,0.0,0.875,B
BR_00020,CR_YT_073,1.0,0.75,0.0,0.875,B
BR_00020,CR_YT_077,1.0,0.5,0.0,0.75,C
BR_00020,CR_YT_079,1.0,0.75,0.0,0.875,B
BR_00020,CR_YT_090,1.0,0.5,0.0,0.75,C
BR_00020,CR_YT_091,1.0,0.5,0.0,0.75,C
BR_00020,CR_YT_092,1.0,0.75,0.0,0.875,B
BR_00020,CR_YT_099,1.0,0.5,0.0,0.75,C
BR_00020,CR_YT_102,1.0,0.75,0.0,0.875,B
BR_00020,CR_YT_107,1.0,0.75,0.0,0.875,B
BR_00020,CR_YT_108,1.0,0.75,0.0,0.875,B
BR_00020,CR_YT_110,1.0,0.75,0.0,0.875,B
BR_00020,CR_YT_118,1.0,0.75,0.0,0.875,B
BR_00020,CR_YT_123,1.0,0.5,0.0,0.75,C
BR_00020,CR_YT_127,1.0,0.75,0.0,0.875,B
BR_00020,CR_YT_133,1.0,0.5,0.0,0.75,C
BR_00020,CR_YT_136,1.0,0.5,0.8,0.77,C
BR_00020,CR_YT_137,1.0,0.5,0.0,0.75,C
BR_00020,CR_YT_139,1.0,0.75,0.7372,0.8199,B
BR_00020,CR_YT_148,1.0,0.75,0.0,0.875,B
BR_00020,CR_YT_151,1.0,0.5,0.0,0.75,C
BR_00020,CR_YT_157,1.0,0.75,0.0,0.875,B
BR_00020,CR_YT_158,1.0,0.75,0.0,0.875,B
BR_00020,CR_YT_163,1.0,0.75,0.0,0.875,B
BR_00020,CR_YT_170,1.0,0.75,0.78,0.837,B
BR_00020,CR_YT_179,1.0,0.75,0.0,0.875,B
BR_00020,CR_YT_187,1.0,0.75,0.0,0.875,B
BR_00020,CR_YT_189,1.0,0.5,0.0,0.75,C
BR_00020,CR_YT_203,1.0,0.75,0.0,0.875,B
BR_00020,CR_YT_207,1.0,0.75,0.0,0.875,B
BR_00020,CR_YT_208,1.0,0.75,0.0,0.875,B
BR_00020,CR_YT_210,1.0,0.75,0.0,0.875,B
BR_00020,CR_YT_215,1.0,0.75,0.0,0.875,B
BR_00020,CR_YT_216,1.0,0.5,0.0,0.75,C
BR_00020,CR_YT_217,1.0,0.75,0.0,0.875,B
BR_00020,CR_YT_223,1.0,0.75,0.0,0.875,B
BR_00020,CR_YT_226,1.0,0.75,0.0,0.875,B
BR_00020,CR_YT_234,1.0,0.75,0.0,0.875,B
BR_00020,CR_YT_237,1.0,0.75,0.0,0.875,B
BR_00020,CR_YT_243,1.0,0.5,0.0,0.75,C
BR_00020,CR_YT_256,1.0,0.75,0.0,0.875,B
BR_00020,CR_YT_257,1.0,0.75,0.0,0.875,B
BR_00020,CR_YT_260,1.0,0.5,0.0,0.75,C
BR_00020,CR_YT_264,1.0,0.5,0.0,0.75,C
BR_00020,CR_YT_269,1.0,0.75,0.0,0.875,B
BR_00020,CR_YT_273,1.0,0.75,0.0,0.875,B
BR_00020,CR_YT_274,1.0,0.75,0.0,0.875,B
BR_00020,CR_YT_275,1.0,0.75,0.0,0.875,B
BR_00020,CR_YT_276,1.0,0.75,0.82,0.853,B
BR_00020,CR_YT_283,1.0,0.5,0.0,0.75,C
BR_00020,CR_YT_288,1.0,0.75,0.0,0.875,B
BR_00020,CR_YT_297,1.0,0.75,0.0,0.875,B
BR_00020,CR_YT_300,1.0,0.75,0.0,0.875,B
BR_00020,CR_TK_001,1.0,0.75,0.0,0.875,B
BR_00020,CR_TK_009,1.0,0.75,0.0,0.875,B
BR_00020,CR_TK_016,1.0,0.75,0.0,0.875,B
BR_00020,CR_TK_022,1.0,0.5,0.0,0.75,C
BR_00020,CR_TK_024,1.0,0.75,0.0,0.875,B
BR_00020,CR_TK_027,1.0,0.5,0.0,0.75,C
BR_00020,CR_TK_028,1.0,0.5,0.0,0.75,C
BR_00020,CR_TK_034,1.0,0.5,0.0,0.75,C
BR_00020,CR_TK_035,1.0,0.75,0.0,0.875,B
BR_00020,CR_TK_042,1.0,0.75,0.0,0.875,B
BR_00020,CR_TK_052,1.0,0.75,0.0,0.875,B
BR_00020,CR_TK_055,1.0,0.75,0.0,0.875,B
BR_00020,CR_TK_063,1.0,0.75,0.0,0.875,B
BR_00020,CR_TK_064,1.0,0.5,0.0,0.75,C
BR_00020,CR_TK_077,1.0,0.75,0.0,0.875,B
BR_00020,CR_TK_078,1.0,0.75,0.0,0.875,B
BR_00020,CR_TK_079,1.0,0.75,0.0,0.875,B
BR_00020,CR_TK_081,1.0,0.75,0.0,0.875,B
BR_00020,CR_TK_084,1.0,0.75,0.0,0.875,B
BR_00020,CR_TK_087,1.0,0.5,0.0,0.75,C
BR_00020,CR_TK_088,1.0,0.75,1.0,0.925,A
BR_00020,CR_TK_089,1.0,0.75,0.0,0.875,B
BR_00020,CR_TK_091,1.0,0.75,0.0,0.875,B
BR_00020,CR_TK_107,1.0,0.75,0.0,0.875,B
BR_00020,CR_TK_115,1.0,0.5,0.0,0.75,C
BR_00020,CR_TK_125,1.0,0.5,0.0,0.75,C
BR_00020,CR_TK_135,1.0,0.75,0.0,0.875,B
BR_00020,CR_TK_136,1.0,0.5,0.0,0.75,C
BR_00020,CR_TK_150,1.0,0.75,0.0,0.875,B
BR_00020,CR_TK_155,1.0,0.5,0.0,0.75,C
BR_00020,CR_TK_156,1.0,0.5,0.0,0.75,C
BR_00020,CR_TK_162,1.0,0.75,0.0,0.875,B
BR_00020,CR_TK_170,1.0,0.5,0.0,0.75,C
BR_00020,CR_TK_173,1.0,0.5,0.0,0.75,C
BR_00020,CR_TK_183,1.0,0.5,0.0,0.75,C
BR_00020,CR_TK_184,1.0,0.5,0.0,0.75,C
BR_00020,CR_TK_190,1.0,0.75,0.0,0.875,B
BR_00021,CR_YT_003,1.0,0.75,0.0,0.875,B
BR_00021,CR_YT_005,1.0,1.0,0.0,1.0,A
BR_00021,CR_YT_006,1.0,0.75,0.0,0.875,B
BR_00021,CR_YT_009,1.0,0.75,0.0,0.875,B
BR_00021,CR_YT_010,1.0,1.0,0.0,1.0,A
BR_00021,CR_YT_015,1.0,1.0,0.0,1.0,A
BR_00021,CR_YT_023,1.0,1.0,0.0,1.0,A
BR_00021,CR_YT_029,1.0,1.0,0.0,1.0,A
BR_00021,CR_YT_031,1.0,0.75,0.0,0.875,B
BR_00021,CR_YT_036,1.0,0.75,0.0,0.875,B
BR_00021,CR_YT_039,1.0,1.0,0.0,1.0,A
BR_00021,CR_YT_040,1.0,0.75,0.0,0.875,B
BR_00021,CR_YT_048,1.0,0.75,0.0,0.875,B
BR_00021,CR_YT_057,1.0,1.0,0.0,1.0,A
BR_00021,CR_YT_058,1.0,0.75,0.78,0.837,B
BR_00021,CR_YT_060,1.0,0.75,0.0,0.875,B
BR_00021,CR_YT_062,1.0,0.75,0.0,0.875,B
BR_00021,CR_YT_068,1.0,0.75,0.0,0.875,B
BR_00021,CR_YT_073,1.0,0.75,0.0,0.875,B
BR_00021,CR_YT_077,1.0,1.0,0.0,1.0,A
BR_00021,CR_YT_079,1.0,0.75,0.0,0.875,B
BR_00021,CR_YT_090,1.0,0.75,0.0,0.875,B
BR_00021,CR_YT_091,1.0,0.75,0.0,0.875,B
BR_00021,CR_YT_092,1.0,1.0,0.0,1.0,A
BR_00021,CR_YT_099,1.0,0.75,0.0,0.875,B
BR_00021,CR_YT_102,1.0,0.75,0.82,0.853,B
BR_00021,CR_YT_107,1.0,1.0,0.0,1.0,A
BR_00021,CR_YT_108,1.0,1.0,0.0,1.0,A
BR_00021,CR_YT_110,1.0,1.0,0.0,1.0,A
BR_00021,CR_YT_118,1.0,1.0,0.0,1.0,A
BR_00021,CR_YT_123,1.0,0.5,0.74,0.746,C
BR_00021,CR_YT_127,1.0,1.0,0.0,1.0,A
BR_00021,CR_YT_133,1.0,0.75,0.0,0.875,B
BR_00021,CR_YT_136,1.0,0.5,0.0,0.75,C
BR_00021,CR_YT_137,1.0,0.75,0.0,0.875,B
BR_00021,CR_YT_139,1.0,1.0,0.0,1.0,A
BR_00021,CR_YT_148,1.0,0.75,0.0,0.875,B
BR_00021,CR_YT_151,1.0,1.0,0.0,1.0,A
BR_00021,CR_YT_157,1.0,1.0,0.0,1.0,A
BR_00021,CR_YT_158,1.0,0.75,0.0,0.875,B
BR_00021,CR_YT_163,1.0,0.75,0.0,0.875,B
BR_00021,CR_YT_170,1.0,1.0,0.0,1.0,A
BR_00021,CR_YT_179,1.0,0.75,0.0,0.875,B
BR_00021,CR_YT_187,1.0,1.0,0.0,1.0,A
BR_00021,CR_YT_189,1.0,1.0,0.0,1.0,A
BR_00021,CR_YT_203,1.0,0.75,0.0,0.875,B
BR_00021,CR_YT_207,1.0,1.0,0.0,1.0,A
BR_00021,CR_YT_208,1.0,1.0,0.0,1.0,A
BR_00021,CR_YT_210,1.0,1.0,0.0,1.0,A
BR_00021,CR_YT_215,1.0,1.0,0.0,1.0,A
BR_00021,CR_YT_216,1.0,0.75,0.0,0.875,B
BR_00021,CR_YT_217,1.0,0.75,0.0,0.875,B
BR_00021,CR_YT_223,1.0,0.75,0.0,0.875,B
BR_00021,CR_YT_226,1.0,0.75,0.0,0.875,B
BR_00021,CR_YT_234,1.0,1.0,0.0,1.0,A
BR_00021,CR_YT_237,1.0,0.75,0.0,0.875,B
BR_00021,CR_YT_243,1.0,0.5,0.0,0.75,C
BR_00021,CR_YT_256,1.0,1.0,0.0,1.0,A
BR_00021,CR_YT_257,1.0,1.0,0.0,1.0,A
BR_00021,CR_YT_260,1.0,0.5,0.0,0.75,C
BR_00021,CR_YT_264,1.0,0.75,0.0,0.875,B
BR_00021,CR_YT_269,1.0,1.0,0.0,1.0,A
BR_00021,CR_YT_273,1.0,0.75,0.0,0.875,B
BR_00021,CR_YT_274,1.0,1.0,0.0,1.0,A
BR_00021,CR_YT_275,1.0,1.0,0.0,1.0,A
BR_00021,CR_YT_276,1.0,0.75,0.0,0.875,B
BR_00021,CR_YT_283,1.0,0.5,0.0,0.75,C
BR_00021,CR_YT_288,1.0,0.75,0.0,0.875,B
BR_00021,CR_YT_297,1.0,1.0,0.0,1.0,A
BR_00021,CR_YT_300,1.0,0.75,0.0,0.875,B
BR_00021,CR_TK_001,1.0,1.0,0.96,0.984,A
BR_00021,CR_TK_009,1.0,1.0,0.0,1.0,A
BR_00021,CR_TK_016,1.0,0.75,0.0,0.875,B
BR_00021,CR_TK_022,1.0,0.5,0.0,0.75,C
BR_00021,CR_TK_024,1.0,1.0,0.0,1.0,A
BR_00021,CR_TK_027,1.0,0.75,0.0,0.875,B
BR_00021,CR_TK_028,1.0,0.5,0.0,0.75,C
BR_00021,CR_TK_034,1.0,0.5,0.0,0.75,C
BR_00021,CR_TK_035,1.0,1.0,0.0,1.0,A
BR_00021,CR_TK_042,1.0,0.75,0.0,0.875,B
BR_00021,CR_TK_052,1.0,1.0,0.0,1.0,A
BR_00021,CR_TK_055,1.0,0.75,0.0,0.875,B
BR_00021,CR_TK_063,1.0,0.75,0.0,0.875,B
BR_00021,CR_TK_064,1.0,1.0,0.0,1.0,A
BR_00021,CR_TK_077,1.0,0.75,0.0,0.875,B
BR_00021,CR_TK_078,1.0,0.75,0.0,0.875,B
BR_00021,CR_TK_079,1.0,1.0,0.0,1.0,A
BR_00021,CR_TK_081,1.0,0.75,0.0,0.875,B
BR_00021,CR_TK_084,1.0,0.75,0.0,0.875,B
BR_00021,CR_TK_087,1.0,0.75,0.0,0.875,B
BR_00021,CR_TK_088,1.0,0.75,1.0,0.925,A
BR_00021,CR_TK_089,1.0,1.0,0.0,1.0,A
BR_00021,CR_TK_091,1.0,0.75,0.0,0.875,B
BR_00021,CR_TK_107,1.0,1.0,1.0,1.0,A
BR_00021,CR_TK_115,1.0,1.0,0.0,1.0,A
BR_00021,CR_TK_125,1.0,1.0,0.0,1.0,A
BR_00021,CR_TK_135,1.0,1.0,0.0,1.0,A
BR_00021,CR_TK_136,1.0,1.0,0.0,1.0,A
BR_00021,CR_TK_150,1.0,0.75,0.0,0.875,B
BR_00021,CR_TK_155,1.0,1.0,0.0,1.0,A
BR_00021,CR_TK_156,1.0,0.75,0.0,0.875,B
BR_00021,CR_TK_162,1.0,0.75,0.0,0.875,B
BR_00021,CR_TK_170,1.0,0.75,0.0,0.875,B
BR_00021,CR_TK_173,1.0,1.0,0.0,1.0,A
BR_00021,CR_TK_183,1.0,0.75,0.0,0.875,B
BR_00021,CR_TK_184,1.0,0.75,0.0,0.875,B
BR_00021,CR_TK_190,1.0,1.0,0.0,1.0,A
BR_00022,CR_YT_008,1.0,0.5,0.0,0.75,C
BR_00022,CR_YT_016,1.0,0.5,0.0,0.75,C
BR_00022,CR_YT_018,1.0,0.5,0.0,0.75,C
BR_00022,CR_YT_021,1.0,0.5,0.0,0.75,C
BR_00022,CR_YT_024,1.0,0.75,0.0,0.875,B
BR_00022,CR_YT_025,1.0,0.75,0.0,0.875,B
BR_00022,CR_YT_027,1.0,0.75,0.0,0.875,B
BR_00022,CR_YT_043,1.0,0.75,0.0,0.875,B
BR_00022,CR_YT_050,1.0,0.75,0.0,0.875,B
BR_00022,CR_YT_052,1.0,0.75,0.0,0.875,B
BR_00022,CR_YT_082,1.0,0.75,0.0,0.875,B
BR_00022,CR_YT_086,1.0,0.5,0.0,0.75,C
BR_00022,CR_YT_097,1.0,0.75,0.0,0.875,B
BR_00022,CR_YT_098,1.0,0.5,0.0,0.75,C
BR_00022,CR_YT_101,1.0,0.5,0.0,0.75,C
BR_00022,CR_YT_103,1.0,0.5,0.0,0.75,C
BR_00022,CR_YT_113,1.0,0.75,0.0,0.875,B
BR_00022,CR_YT_119,1.0,0.75,0.0,0.875,B
BR_00022,CR_YT_124,1.0,0.75,0.0,0.875,B
BR_00022,CR_YT_131,1.0,1.0,0.0,1.0,A
BR_00022,CR_YT_140,1.0,0.75,1.0,0.925,A
BR_00022,CR_YT_144,1.0,0.5,0.0,0.75,C
BR_00022,CR_YT_147,1.0,0.75,0.0,0.875,B
BR_00022,CR_YT_152,1.0,0.75,0.0,0.875,B
BR_00022,CR_YT_159,1.0,0.5,0.0,0.75,C
BR_00022,CR_YT_160,1.0,0.75,0.0,0.875,B
BR_00022,CR_YT_164,1.0,0.75,0.0,0.875,B
BR_00022,CR_YT_166,1.0,1.0,0.0,1.0,A
BR_00022,CR_YT_173,1.0,0.75,0.0,0.875,B
BR_00022,CR_YT_177,1.0,0.75,0.0,0.875,B
BR_00022,CR_YT_180,1.0,1.0,0.0,1.0,A
BR_00022,CR_YT_182,1.0,0.75,0.0,0.875,B
BR_00022,CR_YT_191,1.0,1.0,0.0,1.0,A
BR_00022,CR_YT_197,1.0,0.25,0.0,0.625,D
BR_00022,CR_YT_200,1.0,0.75,0.0,0.875,B
BR_00022,CR_YT_201,1.0,0.5,0.0,0.75,C
BR_00022,CR_YT_219,1.0,0.75,0.0,0.875,B
BR_00022,CR_YT_220,1.0,0.75,0.0,0.875,B
BR_00022,CR_YT_222,1.0,1.0,0.0,1.0,A
BR_00022,CR_YT_232,1.0,0.75,0.7,0.805,B
BR_00022,CR_YT_233,1.0,0.75,0.0,0.875,B
BR_00022,CR_YT_236,1.0,1.0,0.0,1.0,A
BR_00022,CR_YT_238,1.0,0.75,0.0,0.875,B
BR_00022,CR_YT_246,1.0,1.0,0.0,1.0,A
BR_00022,CR_YT_249,1.0,0.75,0.0,0.875,B
BR_00022,CR_YT_250,1.0,0.75,0.0,0.875,B
BR_00022,CR_YT_251,1.0,0.5,0.0,0.75,C
BR_00022,CR_YT_261,1.0,0.75,0.0,0.875,B
BR_00022,CR_YT_263,1.0,0.5,0.0,0.75,C
BR_00022,CR_YT_271,1.0,0.5,0.0,0.75,C
BR_00022,CR_YT_282,1.0,0.75,0.0,0.875,B
BR_00022,CR_YT_284,1.0,0.5,0.0,0.75,C
BR_00022,CR_YT_287,1.0,0.75,0.0,0.875,B
BR_00022,CR_YT_289,1.0,0.5,0.0,0.75,C
BR_00022,CR_YT_293,1.0,0.75,0.0,0.875,B
BR_00022,CR_YT_295,1.0,1.0,0.0,1.0,A
BR_00022,CR_TK_002,1.0,0.5,0.0,0.75,C
BR_00022,CR_TK_003,1.0,1.0,0.0,1.0,A
BR_00022,CR_TK_007,1.0,0.5,0.0,0.75,C
BR_00022,CR_TK_010,1.0,0.5,0.0,0.75,C
BR_00022,CR_TK_013,1.0,0.75,0.0,0.875,B
BR_00022,CR_TK_017,1.0,0.75,0.82,0.853,B
BR_00022,CR_TK_054,1.0,0.5,0.0,0.75,C
BR_00022,CR_TK_059,1.0,0.75,0.0,0.875,B
BR_00022,CR_TK_068,1.0,0.75,0.0,0.875,B
BR_00022,CR_TK_069,1.0,0.75,0.0,0.875,B
BR_00022,CR_TK_070,1.0,1.0,0.0,1.0,A
BR_00022,CR_TK_072,1.0,1.0,0.0,1.0,A
BR_00022,CR_TK_082,1.0,0.5,0.0,0.75,C
BR_00022,CR_TK_083,1.0,0.75,0.0,0.875,B
BR_00022,CR_TK_085,1.0,0.75,0.0,0.875,B
BR_00022,CR_TK_093,1.0,0.5,0.0,0.75,C
BR_00022,CR_TK_094,1.0,0.5,0.0,0.75,C
BR_00022,CR_TK_096,1.0,1.0,0.0,1.0,A
BR_00022,CR_TK_097,1.0,0.75,0.0,0.875,B
BR_00022,CR_TK_098,1.0,0.25,0.62,0.623,D
BR_00022,CR_TK_100,1.0,0.5,0.0,0.75,C
BR_00022,CR_TK_103,1.0,0.75,0.0,0.875,B
BR_00022,CR_TK_104,1.0,1.0,0.0,1.0,A
BR_00022,CR_TK_112,1.0,0.75,0.0,0.875,B
BR_00022,CR_TK_114,1.0,0.75,0.0,0.875,B
BR_00022,CR_TK_116,1.0,0.25,0.0,0.625,D
BR_00022,CR_TK_123,1.0,0.5,0.0,0.75,C
BR_00022,CR_TK_130,1.0,0.75,0.0,0.875,B
BR_00022,CR_TK_148,1.0,1.0,0.0,1.0,A
BR_00022,CR_TK_153,1.0,0.5,0.78,0.762,C
BR_00022,CR_TK_154,1.0,0.5,0.9,0.81,B
BR_00022,CR_TK_158,1.0,0.75,0.0,0.875,B
BR_00022,CR_TK_167,1.0,0.5,0.0,0.75,C
BR_00022,CR_TK_168,1.0,0.75,0.0,0.875,B
BR_00022,CR_TK_169,1.0,0.75,0.0,0.875,B
BR_00022,CR_TK_176,1.0,0.5,0.0,0.75,C
BR_00022,CR_TK_178,1.0,0.75,0.0,0.875,B
BR_00022,CR_TK_185,1.0,1.0,0.0,1.0,A
BR_00022,CR_TK_186,1.0,0.75,0.0,0.875,B
BR_00022,CR_TK_187,1.0,0.75,0.0,0.875,B
BR_00022,CR_TK_189,1.0,0.75,0.0,0.875,B
BR_00022,CR_TK_194,1.0,0.5,0.0,0.75,C
BR_00023,CR_YT_003,1.0,0.75,0.86,0.869,B
BR_00023,CR_YT_005,1.0,1.0,0.0,1.0,A
BR_00023,CR_YT_006,1.0,1.0,0.0,1.0,A
BR_00023,CR_YT_009,1.0,0.75,0.0,0.875,B
BR_00023,CR_YT_010,1.0,1.0,0.0,1.0,A
BR_00023,CR_YT_015,1.0,1.0,0.0,1.0,A
BR_00023,CR_YT_023,1.0,1.0,0.0,1.0,A
BR_00023,CR_YT_029,1.0,1.0,0.0,1.0,A
BR_00023,CR_YT_031,1.0,0.75,0.0,0.875,B
BR_00023,CR_YT_036,1.0,1.0,0.84,0.936,A
BR_00023,CR_YT_039,1.0,1.0,0.0,1.0,A
BR_00023,CR_YT_040,1.0,0.75,0.0,0.875,B
BR_00023,CR_YT_048,1.0,0.75,0.0,0.875,B
BR_00023,CR_YT_057,1.0,1.0,0.0,1.0,A
BR_00023,CR_YT_058,1.0,0.75,0.0,0.875,B
BR_00023,CR_YT_060,1.0,0.75,0.0,0.875,B
BR_00023,CR_YT_062,1.0,0.75,0.0,0.875,B
BR_00023,CR_YT_068,1.0,0.75,0.0,0.875,B
BR_00023,CR_YT_073,1.0,0.75,0.0,0.875,B
BR_00023,CR_YT_077,1.0,1.0,0.0,1.0,A
BR_00023,CR_YT_079,1.0,0.75,0.0,0.875,B
BR_00023,CR_YT_090,1.0,0.75,0.0,0.875,B
BR_00023,CR_YT_091,1.0,0.75,0.0,0.875,B
BR_00023,CR_YT_092,1.0,1.0,0.0,1.0,A
BR_00023,CR_YT_099,1.0,0.75,0.0,0.875,B
BR_00023,CR_YT_102,1.0,0.75,0.92,0.893,B
BR_00023,CR_YT_107,1.0,1.0,0.0,1.0,A
BR_00023,CR_YT_108,1.0,1.0,0.0,1.0,A
BR_00023,CR_YT_110,1.0,1.0,0.0,1.0,A
BR_00023,CR_YT_118,1.0,1.0,0.0,1.0,A
BR_00023,CR_YT_123,1.0,0.75,0.0,0.875,B
BR_00023,CR_YT_127,1.0,1.0,0.0,1.0,A
BR_00023,CR_YT_133,1.0,0.75,0.0,0.875,B
BR_00023,CR_YT_136,1.0,0.5,0.0,0.75,C
BR_00023,CR_YT_137,1.0,1.0,0.0,1.0,A
BR_00023,CR_YT_139,1.0,1.0,0.0,1.0,A
BR_00023,CR_YT_148,1.0,0.75,0.86,0.869,B
BR_00023,CR_YT_151,1.0,1.0,0.72,0.888,B
BR_00023,CR_YT_157,1.0,1.0,0.0,1.0,A
BR_00023,CR_YT_158,1.0,0.75,0.0,0.875,B
BR_00023,CR_YT_163,1.0,0.75,0.0,0.875,B
BR_00023,CR_YT_170,1.0,1.0,0.0,1.0,A
BR_00023,CR_YT_179,1.0,0.75,0.0,0.875,B
BR_00023,CR_YT_187,1.0,1.0,0.0,1.0,A
BR_00023,CR_YT_189,1.0,1.0,0.0,1.0,A
BR_00023,CR_YT_203,1.0,0.75,0.0,0.875,B
BR_00023,CR_YT_207,1.0,1.0,0.0,1.0,A
BR_00023,CR_YT_208,1.0,1.0,0.0,1.0,A
BR_00023,CR_YT_210,1.0,1.0,0.0,1.0,A
BR_00023,CR_YT_215,1.0,1.0,0.0,1.0,A
BR_00023,CR_YT_216,1.0,1.0,0.0,1.0,A
BR_00023,CR_YT_217,1.0,0.75,0.0,0.875,B
BR_00023,CR_YT_223,1.0,0.75,0.0,0.875,B
BR_00023,CR_YT_226,1.0,0.75,0.0,0.875,B
BR_00023,CR_YT_234,1.0,1.0,0.0,1.0,A
BR_00023,CR_YT_237,1.0,0.75,0.0,0.875,B
BR_00023,CR_YT_243,1.0,0.75,0.0,0.875,B
BR_00023,CR_YT_256,1.0,1.0,0.0,1.0,A
BR_00023,CR_YT_257,1.0,1.0,0.0,1.0,A
BR_00023,CR_YT_260,1.0,0.5,0.0,0.75,C
BR_00023,CR_YT_264,1.0,0.75,0.0,0.875,B
BR_00023,CR_YT_269,1.0,1.0,0.0,1.0,A
BR_00023,CR_YT_273,1.0,0.75,0.0,0.875,B
BR_00023,CR_YT_274,1.0,1.0,0.0,1.0,A
BR_00023,CR_YT_275,1.0,1.0,0.0,1.0,A
BR_00023,CR_YT_276,1.0,0.75,0.0,0.875,B
BR_00023,CR_YT_283,1.0,0.75,0.0,0.875,B
BR_00023,CR_YT_288,1.0,0.75,0.0,0.875,B
BR_00023,CR_YT_297,1.0,1.0,0.0,1.0,A
BR_00023,CR_YT_300,1.0,0.75,0.0,0.875,B
BR_00023,CR_TK_001,1.0,1.0,0.0,1.0,A
BR_00023,CR_TK_009,1.0,1.0,0.0,1.0,A
BR_00023,CR_TK_016,1.0,0.75,0.0,0.875,B
BR_00023,CR_TK_022,1.0,0.75,0.0,0.875,B
BR_00023,CR_TK_024,1.0,1.0,0.0,1.0,A
BR_00023,CR_TK_027,1.0,0.75,0.0,0.875,B
BR_00023,CR_TK_028,1.0,0.75,0.0,0.875,B
BR_00023,CR_TK_034,1.0,0.5,0.0,0.75,C
BR_00023,CR_TK_035,1.0,1.0,0.74,0.896,B
BR_00023,CR_TK_042,1.0,0.75,0.0,0.875,B
BR_00023,CR_TK_052,1.0,1.0,0.0,1.0,A
BR_00023,CR_TK_055,1.0,0.75,0.0,0.875,B
BR_00023,CR_TK_063,1.0,0.75,0.0,0.875,B
BR_00023,CR_TK_064,1.0,1.0,0.0,1.0,A
BR_00023,CR_TK_077,1.0,0.75,0.0,0.875,B
BR_00023,CR_TK_078,1.0,0.75,0.0,0.875,B
BR_00023,CR_TK_079,1.0,1.0,0.0,1.0,A
BR_00023,CR_TK_081,1.0,0.75,0.0,0.875,B
BR_00023,CR_TK_084,1.0,0.75,0.0,0.875,B
BR_00023,CR_TK_087,1.0,0.75,0.0,0.875,B
BR_00023,CR_TK_088,1.0,0.75,0.0,0.875,B
BR_00023,CR_TK_089,1.0,1.0,0.88,0.952,A
BR_00023,CR_TK_091,1.0,0.75,0.0,0.875,B
BR_00023,CR_TK_107,1.0,1.0,0.0,1.0,A
BR_00023,CR_TK_115,1.0,1.0,0.0,1.0,A
BR_00023,CR_TK_125,1.0,1.0,0.0,1.0,A
BR_00023,CR_TK_135,1.0,1.0,0.76,0.904,A
BR_00023,CR_TK_136,1.0,1.0,0.0,1.0,A
BR_00023,CR_TK_150,1.0,0.75,0.0,0.875,B
BR_00023,CR_TK_155,1.0,1.0,0.0,1.0,A
BR_00023,CR_TK_156,1.0,0.75,0.0,0.875,B
BR_00023,CR_TK_162,1.0,0.75,0.0,0.875,B
BR_00023,CR_TK_170,1.0,0.75,0.0,0.875,B
BR_00023,CR_TK_173,1.0,1.0,0.0,1.0,A
BR_00023,CR_TK_183,1.0,1.0,0.0,1.0,A
BR_00023,CR_TK_184,1.0,1.0,0.0,1.0,A
BR_00023,CR_TK_190,1.0,1.0,0.0,1.0,A
BR_00024,CR_YT_001,1.0,1.0,0.0,1.0,A
BR_00024,CR_YT_013,1.0,0.75,0.74,0.821,B
BR_00024,CR_YT_019,1.0,1.0,1.0,1.0,A
BR_00024,CR_YT_044,1.0,0.75,0.0,0.875,B
BR_00024,CR_YT_053,1.0,0.75,0.0,0.875,B
BR_00024,CR_YT_064,1.0,0.75,0.86,0.869,B
BR_00024,CR_YT_065,1.0,0.75,0.0,0.875,B
BR_00024,CR_YT_080,1.0,0.75,0.0,0.875,B
BR_00024,CR_YT_081,1.0,0.75,0.0,0.875,B
BR_00024,CR_YT_083,1.0,0.75,0.0,0.875,B
BR_00024,CR_YT_087,1.0,0.75,0.0,0.875,B
BR_00024,CR_YT_104,1.0,0.75,0.0,0.875,B
BR_00024,CR_YT_106,1.0,1.0,0.0,1.0,A
BR_00024,CR_YT_109,1.0,0.75,0.0,0.875,B
BR_00024,CR_YT_134,1.0,0.75,0.0,0.875,B
BR_00024,CR_YT_161,1.0,1.0,0.48,0.792,C
BR_00024,CR_YT_172,1.0,0.75,0.0,0.875,B
BR_00024,CR_YT_195,1.0,0.5,0.0,0.75,C
BR_00024,CR_YT_202,1.0,0.75,0.0,0.875,B
BR_00024,CR_YT_225,1.0,0.75,0.0,0.875,B
BR_00024,CR_YT_227,1.0,0.75,0.0,0.875,B
BR_00024,CR_YT_229,1.0,0.75,0.0,0.875,B
BR_00024,CR_YT_241,1.0,0.75,0.8,0.845,B
BR_00024,CR_YT_252,1.0,0.75,0.0,0.875,B
BR_00024,CR_YT_255,1.0,0.75,0.0,0.875,B
BR_00024,CR_YT_277,1.0,0.75,0.0,0.875,B
BR_00024,CR_YT_278,1.0,0.75,0.0,0.875,B
BR_00024,CR_YT_279,1.0,0.75,0.0,0.875,B
BR_00024,CR_YT_285,1.0,0.75,0.0,0.875,B
BR_00024,CR_YT_294,1.0,1.0,0.0,1.0,A
BR_00024,CR_TK_008,1.0,0.75,0.0,0.875,B
BR_00024,CR_TK_012,1.0,1.0,0.0,1.0,A
BR_00024,CR_TK_014,1.0,1.0,0.0,1.0,A
BR_00024,CR_TK_030,1.0,0.75,0.0,0.875,B
BR_00024,CR_TK_048,1.0,0.75,0.72,0.813,B
BR_00024,CR_TK_050,1.0,0.75,0.0,0.875,B
BR_00024,CR_TK_065,1.0,0.75,0.0,0.875,B
BR_00024,CR_TK_092,1.0,0.75,0.0,0.875,B
BR_00024,CR_TK_099,1.0,0.75,0.0,0.875,B
BR_00024,CR_TK_110,1.0,1.0,0.0,1.0,A
BR_00024,CR_TK_113,1.0,0.75,0.0,0.875,B
BR_00024,CR_TK_124,1.0,0.75,0.0,0.875,B
BR_00024,CR_TK_133,1.0,0.75,0.0,0.875,B
BR_00024,CR_TK_137,1.0,0.5,0.52,0.658,D
BR_00024,CR_TK_141,1.0,1.0,0.96,0.984,A
BR_00024,CR_TK_145,1.0,0.75,0.0,0.875,B
BR_00024,CR_TK_157,1.0,0.75,0.0,0.875,B
BR_00024,CR_TK_160,1.0,0.75,0.0,0.875,B
BR_00024,CR_TK_181,1.0,0.75,0.0,0.875,B
BR_00024,CR_TK_195,1.0,0.75,0.0,0.875,B
BR_00024,CR_TK_198,1.0,0.75,0.0,0.875,B
BR_00024,CR_TK_200,1.0,0.75,0.0,0.875,B
BR_00025,CR_YT_008,1.0,0.25,0.6,0.615,D
BR_00025,CR_YT_016,1.0,0.75,0.0,0.875,B
BR_00025,CR_YT_018,1.0,0.75,0.0,0.875,B
BR_00025,CR_YT_021,1.0,0.75,0.0,0.875,B
BR_00025,CR_YT_024,1.0,0.75,0.0,0.875,B
BR_00025,CR_YT_025,1.0,0.5,0.0,0.75,C
BR_00025,CR_YT_027,1.0,0.75,0.0,0.875,B
BR_00025,CR_YT_043,1.0,0.5,0.0,0.75,C
BR_00025,CR_YT_050,1.0,0.5,0.74,0.746,C
BR_00025,CR_YT_052,1.0,0.5,0.0,0.75,C
BR_00025,CR_YT_082,1.0,0.5,0.0,0.75,C
BR_00025,CR_YT_086,1.0,0.75,0.7496,0.8248,B
BR_00025,CR_YT_097,1.0,0.75,0.0,0.875,B
BR_00025,CR_YT_098,1.0,0.75,0.0,0.875,B
BR_00025,CR_YT_101,1.0,0.75,0.0,0.875,B
BR_00025,CR_YT_103,1.0,0.75,0.0,0.875,B
BR_00025,CR_YT_113,1.0,0.5,0.0,0.75,C
BR_00025,CR_YT_119,1.0,0.5,0.9,0.81,B
BR_00025,CR_YT_124,1.0,0.5,0.0,0.75,C
BR_00025,CR_YT_131,1.0,0.75,0.0,0.875,B
BR_00025,CR_YT_140,1.0,1.0,0.0,1.0,A
BR_00025,CR_YT_144,1.0,0.75,0.0,0.875,B
BR_00025,CR_YT_147,1.0,0.5,0.0,0.75,C
BR_00025,CR_YT_152,1.0,1.0,0.0,1.0,A
BR_00025,CR_YT_159,1.0,0.75,0.0,0.875,B
BR_00025,CR_YT_160,1.0,0.5,0.0,0.75,C
BR_00025,CR_YT_164,1.0,0.5,0.0,0.75,C
BR_00025,CR_YT_166,1.0,0.5,0.0,0.75,C
BR_00025,CR_YT_173,1.0,0.75,0.86,0.869,B
BR_00025,CR_YT_177,1.0,0.5,0.0,0.75,C
BR_00025,CR_YT_180,1.0,0.5,0.0,0.75,C
BR_00025,CR_YT_182,1.0,0.5,0.0,0.75,C
BR_00025,CR_YT_191,1.0,0.5,0.0,0.75,C
BR_00025,CR_YT_197,1.0,0.5,0.0,0.75,C
BR_00025,CR_YT_200,1.0,0.5,0.0,0.75,C
BR_00025,CR_YT_201,1.0,0.75,0.0,0.875,B
BR_00025,CR_YT_219,1.0,0.5,0.0,0.75,C
BR_00025,CR_YT_220,1.0,0.5,0.0,0.75,C
BR_00025,CR_YT_222,1.0,0.5,0.0,0.75,C
BR_00025,CR_YT_232,1.0,0.75,0.0,0.875,B
BR_00025,CR_YT_233,1.0,0.75,0.0,0.875,B
BR_00025,CR_YT_236,1.0,0.5,0.0,0.75,C
BR_00025,CR_YT_238,1.0,0.5,0.0,0.75,C
BR_00025,CR_YT_246,1.0,0.5,0.9042,0.8117,B
BR_00025,CR_YT_249,1.0,0.25,0.0,0.625,D
BR_00025,CR_YT_250,1.0,0.5,0.0,0.75,C
BR_00025,CR_YT_251,1.0,0.75,0.0,0.875,B
BR_00025,CR_YT_261,1.0,0.5,0.0,0.75,C
BR_00025,CR_YT_263,1.0,0.75,0.0,0.875,B
BR_00025,CR_YT_271,1.0,0.75,0.0,0.875,B
BR_00025,CR_YT_282,1.0,0.25,0.0,0.625,D
BR_00025,CR_YT_284,1.0,0.75,0.74,0.821,B
BR_00025,CR_YT_287,1.0,0.5,0.74,0.746,C
BR_00025,CR_YT_289,1.0,0.75,0.0,0.875,B
BR_00025,CR_YT_293,1.0,0.5,0.0,0.75,C
BR_00025,CR_YT_295,1.0,0.75,0.0,0.875,B
BR_00025,CR_TK_002,1.0,0.75,0.0,0.875,B
BR_00025,CR_TK_003,1.0,0.75,0.0,0.875,B
BR_00025,CR_TK_007,1.0,0.75,0.0,0.875,B
BR_00025,CR_TK_010,1.0,0.75,0.0,0.875,B
BR_00025,CR_TK_013,1.0,0.5,0.0,0.75,C
BR_00025,CR_TK_017,1.0,0.5,0.0,0.75,C
BR_00025,CR_TK_054,1.0,0.75,0.0,0.875,B
BR_00025,CR_TK_059,1.0,0.5,0.0,0.75,C
BR_00025,CR_TK_068,1.0,0.5,0.0,0.75,C
BR_00025,CR_TK_069,1.0,0.5,0.0,0.75,C
BR_00025,CR_TK_070,1.0,0.75,0.0,0.875,B
BR_00025,CR_TK_072,1.0,0.5,0.0,0.75,C
BR_00025,CR_TK_082,1.0,0.75,0.0,0.875,B
BR_00025,CR_TK_083,1.0,0.75,0.0,0.875,B
BR_00025,CR_TK_085,1.0,0.75,0.0,0.875,B
BR_00025,CR_TK_093,1.0,0.75,0.0,0.875,B
BR_00025,CR_TK_094,1.0,0.75,0.0,0.875,B
BR_00025,CR_TK_096,1.0,0.5,0.7927,0.7671,C
BR_00025,CR_TK_097,1.0,0.5,0.0,0.75,C
BR_00025,CR_TK_098,1.0,0.5,0.0,0.75,C
BR_00025,CR_TK_100,1.0,0.75,0.0,0.875,B
BR_00025,CR_TK_103,1.0,0.5,0.0,0.75,C
BR_00025,CR_TK_104,1.0,0.5,0.8,0.77,C
BR_00025,CR_TK_112,1.0,0.5,0.0,0.75,C
BR_00025,CR_TK_114,1.0,1.0,0.0,1.0,A
BR_00025,CR_TK_116,1.0,0.5,0.0,0.75,C
BR_00025,CR_TK_123,1.0,0.75,0.0,0.875,B
BR_00025,CR_TK_130,1.0,0.5,0.0,0.75,C
BR_00025,CR_TK_148,1.0,0.5,0.0,0.75,C
BR_00025,CR_TK_153,1.0,0.75,0.0,0.875,B
BR_00025,CR_TK_154,1.0,0.75,0.0,0.875,B
BR_00025,CR_TK_158,1.0,0.5,0.0,0.75,C
BR_00025,CR_TK_167,1.0,0.75,0.0,0.875,B
BR_00025,CR_TK_168,1.0,0.5,0.0,0.75,C
BR_00025,CR_TK_169,1.0,0.5,0.0,0.75,C
BR_00025,CR_TK_176,1.0,0.75,0.0,0.875,B
BR_00025,CR_TK_178,1.0,0.5,0.0,0.75,C
BR_00025,CR_TK_185,1.0,0.75,0.0,0.875,B
BR_00025,CR_TK_186,1.0,0.5,0.0,0.75,C
BR_00025,CR_TK_187,1.0,0.5,0.0,0.75,C
BR_00025,CR_TK_189,1.0,0.75,0.0,0.875,B
BR_00025,CR_TK_194,1.0,0.75,0.0,0.875,B
BR_00026,CR_YT_003,1.0,0.5,0.0,0.75,C
BR_00026,CR_YT_007,1.0,1.0,0.0,1.0,A
BR_00026,CR_YT_012,1.0,0.75,0.0,0.875,B
BR_00026,CR_YT_020,0.5,1.0,0.0,0.75,C
BR_00026,CR_YT_022,1.0,0.75,0.0,0.875,B
BR_00026,CR_YT_031,1.0,0.75,0.0,0.875,B
BR_00026,CR_YT_032,0.5,0.75,0.0,0.625,D
BR_00026,CR_YT_033,0.5,0.75,0.86,0.719,C
BR_00026,CR_YT_040,1.0,0.75,0.0,0.875,B
BR_00026,CR_YT_041,1.0,1.0,0.0,1.0,A
BR_00026,CR_YT_042,0.5,1.0,0.0,0.75,C
BR_00026,CR_YT_045,1.0,0.75,0.0,0.875,B
BR_00026,CR_YT_046,1.0,1.0,0.0,1.0,A
BR_00026,CR_YT_047,1.0,1.0,0.0,1.0,A
BR_00026,CR_YT_048,1.0,0.75,0.0,0.875,B
BR_00026,CR_YT_049,1.0,1.0,0.0,1.0,A
BR_00026,CR_YT_051,1.0,0.75,0.0,0.875,B
BR_00026,CR_YT_054,1.0,1.0,0.0,1.0,A
BR_00026,CR_YT_058,1.0,0.5,0.0,0.75,C
BR_00026,CR_YT_060,1.0,0.75,0.0,0.875,B
BR_00026,CR_YT_061,1.0,1.0,0.0,1.0,A
BR_00026,CR_YT_062,1.0,0.75,0.0,0.875,B
BR_00026,CR_YT_067,1.0,1.0,0.0,1.0,A
BR_00026,CR_YT_068,1.0,0.75,0.0,0.875,B
BR_00026,CR_YT_070,0.5,0.75,0.0,0.625,D
BR_00026,CR_YT_071,1.0,1.0,0.72,0.888,B
BR_00026,CR_YT_073,1.0,0.75,0.0,0.875,B
BR_00026,CR_YT_075,0.5,0.75,0.0,0.625,D
BR_00026,CR_YT_079,1.0,0.75,0.0,0.875,B
BR_00026,CR_YT_085,1.0,1.0,0.0,1.0,A
BR_00026,CR_YT_088,1.0,1.0,0.0,1.0,A
BR_00026,CR_YT_091,1.0,0.5,0.0,0.75,C
BR_00026,CR_YT_099,1.0,0.5,0.0,0.75,C
BR_00026,CR_YT_102,1.0,0.75,0.0,0.875,B
BR_00026,CR_YT_111,1.0,1.0,0.0,1.0,A
BR_00026,CR_YT_115,1.0,1.0,0.0,1.0,A
BR_00026,CR_YT_120,1.0,0.75,0.0,0.875,B
BR_00026,CR_YT_122,0.5,0.75,0.0,0.625,D
BR_00026,CR_YT_123,1.0,0.5,0.0,0.75,C
BR_00026,CR_YT_125,1.0,1.0,0.0,1.0,A
BR_00026,CR_YT_126,0.5,0.75,0.0,0.625,D
BR_00026,CR_YT_129,0.5,0.5,0.0,0.5,D
BR_00026,CR_YT_130,0.5,1.0,0.0,0.75,C
BR_00026,CR_YT_133,1.0,0.5,0.0,0.75,C
BR_00026,CR_YT_135,1.0,0.75,0.0,0.875,B
BR_00026,CR_YT_136,1.0,0.5,0.0,0.75,C
BR_00026,CR_YT_138,1.0,0.75,0.0,0.875,B
BR_00026,CR_YT_146,0.5,1.0,0.0,0.75,C
BR_00026,CR_YT_148,1.0,0.5,0.0,0.75,C
BR_00026,CR_YT_158,1.0,0.5,0.0,0.75,C
BR_00026,CR_YT_162,0.5,0.75,0.0,0.625,D
BR_00026,CR_YT_163,1.0,0.5,0.0,0.75,C
BR_00026,CR_YT_167,0.5,1.0,0.0,0.75,C
BR_00026,CR_YT_171,1.0,1.0,0.0,1.0,A
BR_00026,CR_YT_179,1.0,0.75,0.0,0.875,B
BR_00026,CR_YT_183,0.5,1.0,0.0,0.75,C
BR_00026,CR_YT_184,0.5,1.0,0.0,0.75,C
BR_00026,CR_YT_186,1.0,1.0,0.0,1.0,A
BR_00026,CR_YT_193,1.0,0.75,0.0,0.875,B
BR_00026,CR_YT_203,1.0,0.5,0.0,0.75,C
BR_00026,CR_YT_212,0.5,0.75,0.0,0.625,D
BR_00026,CR_YT_214,1.0,1.0,0.0,1.0,A
BR_00026,CR_YT_217,1.0,0.5,0.0,0.75,C
BR_00026,CR_YT_221,1.0,0.75,0.0,0.875,B
BR_00026,CR_YT_223,1.0,0.75,0.0,0.875,B
BR_00026,CR_YT_226,1.0,0.75,0.0,0.875,B
BR_00026,CR_YT_228,1.0,1.0,0.0,1.0,A
BR_00026,CR_YT_230,1.0,0.75,0.0,0.875,B
BR_00026,CR_YT_231,0.5,0.75,0.0,0.625,D
BR_00026,CR_YT_237,1.0,0.75,0.0,0.875,B
BR_00026,CR_YT_243,1.0,0.5,0.0,0.75,C
BR_00026,CR_YT_244,1.0,1.0,0.0,1.0,A
BR_00026,CR_YT_245,1.0,1.0,0.7115,0.8846,B
BR_00026,CR_YT_258,0.5,0.75,0.0,0.625,D
BR_00026,CR_YT_260,1.0,0.5,0.0,0.75,C
BR_00026,CR_YT_270,0.5,1.0,0.0,0.75,C
BR_00026,CR_YT_273,1.0,0.75,0.0,0.875,B
BR_00026,CR_YT_276,1.0,0.75,0.0,0.875,B
BR_00026,CR_YT_281,1.0,1.0,0.0,1.0,A
BR_00026,CR_YT_283,1.0,0.5,0.0,0.75,C
BR_00026,CR_YT_288,1.0,0.75,0.0,0.875,B
BR_00026,CR_YT_299,0.5,0.75,1.0,0.775,C
BR_00026,CR_YT_300,1.0,0.75,0.0,0.875,B
BR_00026,CR_TK_006,0.5,0.75,0.0,0.625,D
BR_00026,CR_TK_011,1.0,1.0,0.0,1.0,A
BR_00026,CR_TK_015,1.0,0.75,0.0,0.875,B
BR_00026,CR_TK_016,1.0,0.75,0.0,0.875,B
BR_00026,CR_TK_018,1.0,0.75,0.0,0.875,B
BR_00026,CR_TK_020,1.0,1.0,0.0,1.0,A
BR_00026,CR_TK_021,1.0,0.75,0.0,0.875,B
BR_00026,CR_TK_022,1.0,0.5,0.0,0.75,C
BR_00026,CR_TK_023,1.0,1.0,0.0,1.0,A
BR_00026,CR_TK_026,0.5,1.0,0.0,0.75,C
BR_00026,CR_TK_027,1.0,0.5,0.0,0.75,C
BR_00026,CR_TK_028,1.0,0.5,0.0,0.75,C
BR_00026,CR_TK_032,0.5,1.0,0.0,0.75,C
BR_00026,CR_TK_034,1.0,0.5,0.0,0.75,C
BR_00026,CR_TK_041,0.5,1.0,0.0,0.75,C
BR_00026,CR_TK_042,1.0,0.5,0.0,0.75,C
BR_00026,CR_TK_045,0.5,1.0,0.0,0.75,C
BR_00026,CR_TK_046,0.5,1.0,0.0,0.75,C
BR_00026,CR_TK_051,1.0,1.0,0.0,1.0,A
BR_00026,CR_TK_055,1.0,0.5,0.0,0.75,C
BR_00026,CR_TK_057,1.0,0.75,0.0,0.875,B
BR_00026,CR_TK_058,0.5,1.0,0.0,0.75,C
BR_00026,CR_TK_061,1.0,1.0,0.0,1.0,A
BR_00026,CR_TK_063,1.0,0.75,0.0,0.875,B
BR_00026,CR_TK_074,1.0,0.75,0.0,0.875,B
BR_00026,CR_TK_076,1.0,0.75,0.0,0.875,B
BR_00026,CR_TK_077,1.0,0.75,0.0,0.875,B
BR_00026,CR_TK_078,1.0,0.5,0.0,0.75,C
BR_00026,CR_TK_081,1.0,0.75,0.72,0.813,B
BR_00026,CR_TK_084,1.0,0.75,0.0,0.875,B
BR_00026,CR_TK_086,0.5,0.75,0.0,0.625,D
BR_00026,CR_TK_087,1.0,0.5,0.7,0.73,C
BR_00026,CR_TK_088,1.0,0.5,0.0,0.75,C
BR_00026,CR_TK_091,1.0,0.75,0.0,0.875,B
BR_00026,CR_TK_108,1.0,0.75,0.0,0.875,B
BR_00026,CR_TK_118,0.5,0.75,0.0,0.625,D
BR_00026,CR_TK_120,1.0,0.75,0.0,0.875,B
BR_00026,CR_TK_128,0.5,1.0,0.0,0.75,C
BR_00026,CR_TK_134,0.5,1.0,0.94,0.826,B
BR_00026,CR_TK_140,1.0,1.0,0.0,1.0,A
BR_00026,CR_TK_142,1.0,1.0,1.0,1.0,A
BR_00026,CR_TK_146,1.0,0.75,0.0,0.875,B
BR_00026,CR_TK_150,1.0,0.75,0.0,0.875,B
BR_00026,CR_TK_152,1.0,1.0,0.0,1.0,A
BR_00026,CR_TK_156,1.0,0.5,0.0,0.75,C
BR_00026,CR_TK_159,0.5,0.75,0.94,0.751,C
BR_00026,CR_TK_161,1.0,0.75,0.7669,0.8318,B
BR_00026,CR_TK_162,1.0,0.75,0.0,0.875,B
BR_00026,CR_TK_165,1.0,1.0,0.0,1.0,A
BR_00026,CR_TK_166,1.0,1.0,0.0,1.0,A
BR_00026,CR_TK_171,1.0,1.0,0.0,1.0,A
BR_00026,CR_TK_175,1.0,0.75,0.0,0.875,B
BR_00026,CR_TK_179,0.5,0.75,0.0,0.625,D
BR_00026,CR_TK_191,1.0,1.0,1.0,1.0,A
BR_00026,CR_TK_192,1.0,1.0,0.0,1.0,A
BR_00026,CR_TK_196,1.0,0.75,0.0,0.875,B
BR_00026,CR_TK_197,0.5,0.75,0.0,0.625,D
BR_00026,CR_TK_199,0.5,1.0,0.0,0.75,C
BR_00027,CR_YT_003,1.0,0.75,0.0,0.875,B
BR_00027,CR_YT_005,1.0,1.0,0.0,1.0,A
BR_00027,CR_YT_006,1.0,0.75,0.0,0.875,B
BR_00027,CR_YT_009,1.0,0.75,0.0,0.875,B
BR_00027,CR_YT_010,1.0,1.0,0.0,1.0,A
BR_00027,CR_YT_015,1.0,1.0,0.0,1.0,A
BR_00027,CR_YT_023,1.0,1.0,0.0,1.0,A
BR_00027,CR_YT_029,1.0,1.0,0.0,1.0,A
BR_00027,CR_YT_031,1.0,0.75,0.0,0.875,B
BR_00027,CR_YT_036,1.0,0.75,0.0,0.875,B
BR_00027,CR_YT_039,1.0,1.0,0.7,0.88,B
BR_00027,CR_YT_040,1.0,0.75,0.0,0.875,B
BR_00027,CR_YT_048,1.0,0.75,0.0,0.875,B
BR_00027,CR_YT_057,1.0,1.0,0.0,1.0,A
BR_00027,CR_YT_058,1.0,0.75,0.0,0.875,B
BR_00027,CR_YT_060,1.0,0.75,0.0,0.875,B
BR_00027,CR_YT_062,1.0,0.75,0.0,0.875,B
BR_00027,CR_YT_068,1.0,0.75,0.0,0.875,B
BR_00027,CR_YT_073,1.0,0.75,0.0,0.875,B
BR_00027,CR_YT_077,1.0,1.0,0.0,1.0,A
BR_00027,CR_YT_079,1.0,0.75,0.0,0.875,B
BR_00027,CR_YT_090,1.0,0.75,0.0,0.875,B
BR_00027,CR_YT_091,1.0,0.75,0.0,0.875,B
BR_00027,CR_YT_092,1.0,1.0,0.0,1.0,A
BR_00027,CR_YT_099,1.0,0.75,0.0,0.875,B
BR_00027,CR_YT_102,1.0,0.75,1.0,0.925,A
BR_00027,CR_YT_107,1.0,1.0,0.0,1.0,A
BR_00027,CR_YT_108,1.0,1.0,0.0,1.0,A
BR_00027,CR_YT_110,1.0,1.0,0.0,1.0,A
BR_00027,CR_YT_118,1.0,1.0,0.0,1.0,A
BR_00027,CR_YT_123,1.0,0.75,0.0,0.875,B
BR_00027,CR_YT_127,1.0,1.0,0.0,1.0,A
BR_00027,CR_YT_133,1.0,0.75,0.0,0.875,B
BR_00027,CR_YT_136,1.0,0.5,0.0,0.75,C
BR_00027,CR_YT_137,1.0,0.75,0.0,0.875,B
BR_00027,CR_YT_139,1.0,1.0,0.0,1.0,A
BR_00027,CR_YT_148,1.0,0.75,0.0,0.875,B
BR_00027,CR_YT_151,1.0,1.0,0.76,0.904,A
BR_00027,CR_YT_157,1.0,1.0,0.0,1.0,A
BR_00027,CR_YT_158,1.0,0.75,0.0,0.875,B
BR_00027,CR_YT_163,1.0,0.75,0.0,0.875,B
BR_00027,CR_YT_170,1.0,1.0,0.0,1.0,A
BR_00027,CR_YT_179,1.0,0.75,0.0,0.875,B
BR_00027,CR_YT_187,1.0,1.0,0.0,1.0,A
BR_00027,CR_YT_189,1.0,1.0,0.0,1.0,A
BR_00027,CR_YT_203,1.0,0.75,0.0,0.875,B
BR_00027,CR_YT_207,1.0,1.0,0.0,1.0,A
BR_00027,CR_YT_208,1.0,1.0,1.0,1.0,A
BR_00027,CR_YT_210,1.0,1.0,0.0,1.0,A
BR_00027,CR_YT_215,1.0,1.0,0.72,0.888,B
BR_00027,CR_YT_216,1.0,0.75,0.0,0.875,B
BR_00027,CR_YT_217,1.0,0.75,0.0,0.875,B
BR_00027,CR_YT_223,1.0,0.75,0.0,0.875,B
BR_00027,CR_YT_226,1.0,0.75,0.0,0.875,B
BR_00027,CR_YT_234,1.0,1.0,0.0,1.0,A
BR_00027,CR_YT_237,1.0,0.75,0.0,0.875,B
BR_00027,CR_YT_243,1.0,0.75,0.0,0.875,B
BR_00027,CR_YT_256,1.0,1.0,0.0,1.0,A
BR_00027,CR_YT_257,1.0,1.0,0.0,1.0,A
BR_00027,CR_YT_260,1.0,0.5,0.0,0.75,C
BR_00027,CR_YT_264,1.0,0.75,1.0,0.925,A
BR_00027,CR_YT_269,1.0,1.0,0.0,1.0,A
BR_00027,CR_YT_273,1.0,0.75,0.84,0.861,B
BR_00027,CR_YT_274,1.0,1.0,0.82,0.928,A
BR_00027,CR_YT_275,1.0,1.0,0.0,1.0,A
BR_00027,CR_YT_276,1.0,0.75,0.0,0.875,B
BR_00027,CR_YT_283,1.0,0.75,0.0,0.875,B
BR_00027,CR_YT_288,1.0,0.75,0.0,0.875,B
BR_00027,CR_YT_297,1.0,1.0,0.0,1.0,A
BR_00027,CR_YT_300,1.0,0.75,0.0,0.875,B
BR_00027,CR_TK_001,1.0,1.0,0.0,1.0,A
BR_00027,CR_TK_009,1.0,1.0,0.0,1.0,A
BR_00027,CR_TK_016,1.0,0.75,0.0,0.875,B
BR_00027,CR_TK_022,1.0,0.75,0.0,0.875,B
BR_00027,CR_TK_024,1.0,1.0,0.0,1.0,A
BR_00027,CR_TK_027,1.0,0.75,0.0,0.875,B
BR_00027,CR_TK_028,1.0,0.75,0.0,0.875,B
BR_00027,CR_TK_034,1.0,0.5,0.0,0.75,C
BR_00027,CR_TK_035,1.0,1.0,0.0,1.0,A
BR_00027,CR_TK_042,1.0,0.75,0.0,0.875,B
BR_00027,CR_TK_052,1.0,1.0,0.0,1.0,A
BR_00027,CR_TK_055,1.0,0.75,0.0,0.875,B
BR_00027,CR_TK_063,1.0,0.75,0.0,0.875,B
BR_00027,CR_TK_064,1.0,1.0,0.94,0.976,A
BR_00027,CR_TK_077,1.0,0.75,0.8,0.845,B
BR_00027,CR_TK_078,1.0,0.75,0.0,0.875,B
BR_00027,CR_TK_079,1.0,1.0,0.0,1.0,A
BR_00027,CR_TK_081,1.0,0.75,0.0,0.875,B
BR_00027,CR_TK_084,1.0,0.75,0.0,0.875,B
BR_00027,CR_TK_087,1.0,0.75,0.0,0.875,B
BR_00027,CR_TK_088,1.0,0.75,0.98,0.917,A
BR_00027,CR_TK_089,1.0,1.0,0.0,1.0,A
BR_00027,CR_TK_091,1.0,0.75,0.0,0.875,B
BR_00027,CR_TK_107,1.0,1.0,0.0,1.0,A
BR_00027,CR_TK_115,1.0,1.0,0.0,1.0,A
BR_00027,CR_TK_125,1.0,1.0,0.0,1.0,A
BR_00027,CR_TK_135,1.0,1.0,0.0,1.0,A
BR_00027,CR_TK_136,1.0,1.0,0.0,1.0,A
BR_00027,CR_TK_150,1.0,0.75,0.0,0.875,B
BR_00027,CR_TK_155,1.0,1.0,0.0,1.0,A
BR_00027,CR_TK_156,1.0,0.75,0.0,0.875,B
BR_00027,CR_TK_162,1.0,0.75,0.0,0.875,B
BR_00027,CR_TK_170,1.0,0.75,0.0,0.875,B
BR_00027,CR_TK_173,1.0,1.0,0.0,1.0,A
BR_00027,CR_TK_183,1.0,0.75,0.0,0.875,B
BR_00027,CR_TK_184,1.0,1.0,0.0,1.0,A
BR_00027,CR_TK_190,1.0,1.0,0.0,1.0,A
BR_00028,CR_YT_007,0.5,1.0,0.0,0.75,C
BR_00028,CR_YT_012,0.5,0.75,0.0,0.625,D
BR_00028,CR_YT_020,1.0,1.0,0.0,1.0,A
BR_00028,CR_YT_022,0.5,1.0,0.0,0.75,C
BR_00028,CR_YT_032,1.0,1.0,0.0,1.0,A
BR_00028,CR_YT_033,1.0,1.0,0.86,0.944,A
BR_00028,CR_YT_041,0.5,1.0,0.0,0.75,C
BR_00028,CR_YT_042,1.0,1.0,0.0,1.0,A
BR_00028,CR_YT_045,0.5,1.0,0.0,0.75,C
BR_00028,CR_YT_046,0.5,1.0,0.0,0.75,C
BR_00028,CR_YT_047,0.5,1.0,0.0,0.75,C
BR_00028,CR_YT_049,0.5,1.0,0.0,0.75,C
BR_00028,CR_YT_051,0.5,0.75,0.0,0.625,D
BR_00028,CR_YT_054,0.5,1.0,0.0,0.75,C
BR_00028,CR_YT_061,0.5,1.0,0.0,0.75,C
BR_00028,CR_YT_067,0.5,1.0,0.0,0.75,C
BR_00028,CR_YT_070,1.0,1.0,0.0,1.0,A
BR_00028,CR_YT_071,0.5,1.0,0.72,0.738,C
BR_00028,CR_YT_075,1.0,1.0,0.96,0.984,A
BR_00028,CR_YT_085,0.5,1.0,0.0,0.75,C
BR_00028,CR_YT_088,0.5,1.0,0.0,0.75,C
BR_00028,CR_YT_111,0.5,1.0,0.0,0.75,C
BR_00028,CR_YT_115,0.5,1.0,0.76,0.754,C
BR_00028,CR_YT_120,0.5,1.0,0.0,0.75,C
BR_00028,CR_YT_122,1.0,1.0,0.0,1.0,A
BR_00028,CR_YT_125,0.5,1.0,0.0,0.75,C
BR_00028,CR_YT_126,1.0,1.0,0.0,1.0,A
BR_00028,CR_YT_129,1.0,0.75,0.0,0.875,B
BR_00028,CR_YT_130,1.0,1.0,0.0,1.0,A
BR_00028,CR_YT_135,0.5,1.0,0.0,0.75,C
BR_00028,CR_YT_138,0.5,1.0,0.0,0.75,C
BR_00028,CR_YT_146,1.0,1.0,0.0,1.0,A
BR_00028,CR_YT_162,1.0,1.0,0.0,1.0,A
BR_00028,CR_YT_167,1.0,1.0,0.0,1.0,A
BR_00028,CR_YT_171,0.5,1.0,0.0,0.75,C
BR_00028,CR_YT_183,1.0,1.0,0.0,1.0,A
BR_00028,CR_YT_184,1.0,1.0,0.0,1.0,A
BR_00028,CR_YT_186,0.5,1.0,0.0,0.75,C
BR_00028,CR_YT_193,0.5,1.0,0.0,0.75,C
BR_00028,CR_YT_212,1.0,1.0,0.0,1.0,A
BR_00028,CR_YT_214,0.5,1.0,0.0,0.75,C
BR_00028,CR_YT_221,0.5,1.0,0.0,0.75,C
BR_00028,CR_YT_228,0.5,1.0,0.0,0.75,C
BR_00028,CR_YT_230,0.5,1.0,0.0,0.75,C
BR_00028,CR_YT_231,1.0,1.0,0.0,1.0,A
BR_00028,CR_YT_244,0.5,1.0,0.0,0.75,C
BR_00028,CR_YT_245,0.5,1.0,0.72,0.738,C
BR_00028,CR_YT_258,1.0,0.75,0.0,0.875,B
BR_00028,CR_YT_270,1.0,1.0,0.0,1.0,A
BR_00028,CR_YT_281,0.5,1.0,0.0,0.75,C
BR_00028,CR_YT_299,1.0,1.0,1.0,1.0,A
BR_00028,CR_TK_006,1.0,0.75,0.0,0.875,B
BR_00028,CR_TK_011,0.5,1.0,0.0,0.75,C
BR_00028,CR_TK_015,0.5,1.0,0.0,0.75,C
BR_00028,CR_TK_018,0.5,1.0,0.0,0.75,C
BR_00028,CR_TK_020,0.5,1.0,0.0,0.75,C
BR_00028,CR_TK_021,0.5,1.0,0.0,0.75,C
BR_00028,CR_TK_023,0.5,1.0,0.0,0.75,C
BR_00028,CR_TK_026,1.0,1.0,0.0,1.0,A
BR_00028,CR_TK_032,1.0,1.0,0.0,1.0,A
BR_00028,CR_TK_041,1.0,1.0,0.0,1.0,A
BR_00028,CR_TK_045,1.0,1.0,0.0,1.0,A
BR_00028,CR_TK_046,1.0,1.0,0.86,0.944,A
BR_00028,CR_TK_051,0.5,1.0,0.0,0.75,C
BR_00028,CR_TK_057,0.5,0.75,0.82,0.703,C
BR_00028,CR_TK_058,1.0,1.0,0.0,1.0,A
BR_00028,CR_TK_061,0.5,1.0,0.0,0.75,C
BR_00028,CR_TK_074,0.5,1.0,0.0,0.75,C
BR_00028,CR_TK_076,0.5,1.0,0.0,0.75,C
BR_00028,CR_TK_086,1.0,1.0,0.86,0.944,A
BR_00028,CR_TK_108,0.5,1.0,0.0,0.75,C
BR_00028,CR_TK_118,1.0,1.0,0.0,1.0,A
BR_00028,CR_TK_120,0.5,1.0,0.0,0.75,C
BR_00028,CR_TK_128,1.0,1.0,0.0,1.0,A
BR_00028,CR_TK_134,1.0,1.0,0.94,0.976,A
BR_00028,CR_TK_140,0.5,1.0,0.0,0.75,C
BR_00028,CR_TK_142,0.5,1.0,1.0,0.85,B
BR_00028,CR_TK_146,0.5,1.0,0.0,0.75,C
BR_00028,CR_TK_152,0.5,1.0,0.0,0.75,C
BR_00028,CR_TK_159,1.0,0.75,0.94,0.901,A
BR_00028,CR_TK_161,0.5,1.0,0.66,0.714,C
BR_00028,CR_TK_165,0.5,1.0,0.0,0.75,C
BR_00028,CR_TK_166,0.5,1.0,0.88,0.802,B
BR_00028,CR_TK_171,0.5,1.0,0.0,0.75,C
BR_00028,CR_TK_175,0.5,1.0,0.7,0.73,C
BR_00028,CR_TK_179,1.0,1.0,0.0,1.0,A
BR_00028,CR_TK_191,0.5,1.0,1.0,0.85,B
BR_00028,CR_TK_192,0.5,1.0,0.0,0.75,C
BR_00028,CR_TK_196,0.5,1.0,0.0,0.75,C
BR_00028,CR_TK_197,1.0,1.0,0.0,1.0,A
BR_00028,CR_TK_199,1.0,1.0,0.0,1.0,A
BR_00029,CR_YT_008,1.0,0.25,0.0,0.625,D
BR_00029,CR_YT_016,1.0,0.75,0.0,0.875,B
BR_00029,CR_YT_018,1.0,0.75,0.0,0.875,B
BR_00029,CR_YT_021,1.0,0.75,0.0,0.875,B
BR_00029,CR_YT_024,1.0,1.0,0.0,1.0,A
BR_00029,CR_YT_025,1.0,0.5,0.0,0.75,C
BR_00029,CR_YT_027,1.0,0.75,0.0,0.875,B
BR_00029,CR_YT_043,1.0,0.5,0.0,0.75,C
BR_00029,CR_YT_050,1.0,0.5,0.0,0.75,C
BR_00029,CR_YT_052,1.0,0.5,0.0,0.75,C
BR_00029,CR_YT_082,1.0,0.5,0.0,0.75,C
BR_00029,CR_YT_086,1.0,0.75,0.0,0.875,B
BR_00029,CR_YT_097,1.0,1.0,0.0,1.0,A
BR_00029,CR_YT_098,1.0,0.75,0.0,0.875,B
BR_00029,CR_YT_101,1.0,0.75,0.0,0.875,B
BR_00029,CR_YT_103,1.0,0.75,0.0,0.875,B
BR_00029,CR_YT_113,1.0,0.5,0.0,0.75,C
BR_00029,CR_YT_119,1.0,0.5,0.0,0.75,C
BR_00029,CR_YT_124,1.0,0.5,0.0,0.75,C
BR_00029,CR_YT_131,1.0,0.75,0.0,0.875,B
BR_00029,CR_YT_140,1.0,1.0,0.0,1.0,A
BR_00029,CR_YT_144,1.0,0.75,0.0,0.875,B
BR_00029,CR_YT_147,1.0,0.5,0.0,0.75,C
BR_00029,CR_YT_152,1.0,1.0,0.0,1.0,A
BR_00029,CR_YT_159,1.0,0.75,0.0,0.875,B
BR_00029,CR_YT_160,1.0,0.5,0.0,0.75,C
BR_00029,CR_YT_164,1.0,0.5,0.68,0.722,C
BR_00029,CR_YT_166,1.0,0.75,0.0,0.875,B
BR_00029,CR_YT_173,1.0,1.0,0.0,1.0,A
BR_00029,CR_YT_177,1.0,0.5,0.0,0.75,C
BR_00029,CR_YT_180,1.0,0.75,0.0,0.875,B
BR_00029,CR_YT_182,1.0,0.5,0.0,0.75,C
BR_00029,CR_YT_191,1.0,0.75,0.74,0.821,B
BR_00029,CR_YT_197,1.0,0.5,0.0,0.75,C
BR_00029,CR_YT_200,1.0,0.5,0.0,0.75,C
BR_00029,CR_YT_201,1.0,0.75,0.0,0.875,B
BR_00029,CR_YT_219,1.0,0.5,0.0,0.75,C
BR_00029,CR_YT_220,1.0,0.5,0.0,0.75,C
BR_00029,CR_YT_222,1.0,0.75,0.0,0.875,B
BR_00029,CR_YT_232,1.0,1.0,0.0,1.0,A
BR_00029,CR_YT_233,1.0,1.0,0.0,1.0,A
BR_00029,CR_YT_236,1.0,0.75,0.0,0.875,B
BR_00029,CR_YT_238,1.0,0.5,0.0,0.75,C
BR_00029,CR_YT_246,1.0,0.75,0.72,0.813,B
BR_00029,CR_YT_249,1.0,0.25,0.0,0.625,D
BR_00029,CR_YT_250,1.0,0.5,0.0,0.75,C
BR_00029,CR_YT_251,1.0,0.75,0.0,0.875,B
BR_00029,CR_YT_261,1.0,0.5,0.0,0.75,C
BR_00029,CR_YT_263,1.0,0.75,0.0,0.875,B
BR_00029,CR_YT_271,1.0,0.75,0.0,0.875,B
BR_00029,CR_YT_282,1.0,0.5,0.0,0.75,C
BR_00029,CR_YT_284,1.0,0.75,0.0,0.875,B
BR_00029,CR_YT_287,1.0,0.5,0.0,0.75,C
BR_00029,CR_YT_289,1.0,0.75,0.0,0.875,B
BR_00029,CR_YT_293,1.0,0.5,0.0,0.75,C
BR_00029,CR_YT_295,1.0,0.75,0.0,0.875,B
BR_00029,CR_TK_002,1.0,0.75,0.0,0.875,B
BR_00029,CR_TK_003,1.0,0.75,0.0,0.875,B
BR_00029,CR_TK_007,1.0,0.75,0.0,0.875,B
BR_00029,CR_TK_010,1.0,0.75,0.0,0.875,B
BR_00029,CR_TK_013,1.0,0.5,0.0,0.75,C
BR_00029,CR_TK_017,1.0,0.5,0.0,0.75,C
BR_00029,CR_TK_054,1.0,0.75,0.0,0.875,B
BR_00029,CR_TK_059,1.0,0.5,0.0,0.75,C
BR_00029,CR_TK_068,1.0,0.5,0.0,0.75,C
BR_00029,CR_TK_069,1.0,0.5,0.0,0.75,C
BR_00029,CR_TK_070,1.0,0.75,0.0,0.875,B
BR_00029,CR_TK_072,1.0,0.75,0.0,0.875,B
BR_00029,CR_TK_082,1.0,0.75,0.0,0.875,B
BR_00029,CR_TK_083,1.0,1.0,0.0,1.0,A
BR_00029,CR_TK_085,1.0,0.75,0.0,0.875,B
BR_00029,CR_TK_093,1.0,0.75,0.0,0.875,B
BR_00029,CR_TK_094,1.0,0.75,0.84,0.861,B
BR_00029,CR_TK_096,1.0,0.75,0.0,0.875,B
BR_00029,CR_TK_097,1.0,0.5,0.0,0.75,C
BR_00029,CR_TK_098,1.0,0.5,0.0,0.75,C
BR_00029,CR_TK_100,1.0,0.75,0.0,0.875,B
BR_00029,CR_TK_103,1.0,0.5,0.0,0.75,C
BR_00029,CR_TK_104,1.0,0.75,0.0,0.875,B
BR_00029,CR_TK_112,1.0,0.5,0.0,0.75,C
BR_00029,CR_TK_114,1.0,1.0,0.0,1.0,A
BR_00029,CR_TK_116,1.0,0.5,0.0,0.75,C
BR_00029,CR_TK_123,1.0,0.75,0.0,0.875,B
BR_00029,CR_TK_130,1.0,0.5,0.0,0.75,C
BR_00029,CR_TK_148,1.0,0.5,0.0,0.75,C
BR_00029,CR_TK_153,1.0,0.75,0.0,0.875,B
BR_00029,CR_TK_154,1.0,0.75,0.0,0.875,B
BR_00029,CR_TK_158,1.0,0.5,0.0,0.75,C
BR_00029,CR_TK_167,1.0,0.75,0.0,0.875,B
BR_00029,CR_TK_168,1.0,0.5,0.0,0.75,C
BR_00029,CR_TK_169,1.0,0.5,0.0,0.75,C
BR_00029,CR_TK_176,1.0,0.75,0.0,0.875,B
BR_00029,CR_TK_178,1.0,0.5,0.0,0.75,C
BR_00029,CR_TK_185,1.0,0.75,0.0,0.875,B
BR_00029,CR_TK_186,1.0,0.5,0.0,0.75,C
BR_00029,CR_TK_187,1.0,0.5,0.0,0.75,C
BR_00029,CR_TK_189,1.0,1.0,0.0,1.0,A
BR_00029,CR_TK_194,1.0,0.75,0.0,0.875,B
BR_00030,CR_YT_003,1.0,0.75,0.0,0.875,B
BR_00030,CR_YT_011,1.0,1.0,0.84,0.936,A
BR_00030,CR_YT_014,1.0,0.75,0.0,0.875,B
BR_00030,CR_YT_026,1.0,0.75,0.0,0.875,B
BR_00030,CR_YT_031,1.0,0.75,0.0,0.875,B
BR_00030,CR_YT_035,1.0,1.0,0.56,0.824,B
BR_00030,CR_YT_040,1.0,1.0,0.0,1.0,A
BR_00030,CR_YT_048,1.0,1.0,0.0,1.0,A
BR_00030,CR_YT_058,1.0,0.75,0.0,0.875,B
BR_00030,CR_YT_060,1.0,1.0,0.68,0.872,B
BR_00030,CR_YT_062,1.0,0.75,0.0,0.875,B
BR_00030,CR_YT_068,1.0,0.75,0.0,0.875,B
BR_00030,CR_YT_069,1.0,0.75,0.0,0.875,B
BR_00030,CR_YT_073,1.0,1.0,0.0,1.0,A
BR_00030,CR_YT_076,1.0,0.75,0.0,0.875,B
BR_00030,CR_YT_079,1.0,1.0,0.0,1.0,A
BR_00030,CR_YT_084,1.0,1.0,0.0,1.0,A
BR_00030,CR_YT_091,1.0,0.75,0.78,0.837,B
BR_00030,CR_YT_094,1.0,1.0,0.0,1.0,A
BR_00030,CR_YT_096,1.0,0.75,0.0,0.875,B
BR_00030,CR_YT_099,1.0,0.75,0.0,0.875,B
BR_00030,CR_YT_102,1.0,1.0,0.0,1.0,A
BR_00030,CR_YT_112,1.0,0.75,0.0,0.875,B
BR_00030,CR_YT_114,1.0,1.0,0.0,1.0,A
BR_00030,CR_YT_123,1.0,0.75,0.0,0.875,B
BR_00030,CR_YT_133,1.0,0.75,0.0,0.875,B
BR_00030,CR_YT_136,1.0,0.75,0.0,0.875,B
BR_00030,CR_YT_145,1.0,1.0,0.0,1.0,A
BR_00030,CR_YT_148,1.0,0.75,0.0,0.875,B
BR_00030,CR_YT_155,1.0,1.0,0.0,1.0,A
BR_00030,CR_YT_158,1.0,0.75,0.0,0.875,B
BR_00030,CR_YT_163,1.0,0.75,0.0,0.875,B
BR_00030,CR_YT_165,1.0,0.75,0.0,0.875,B
BR_00030,CR_YT_175,1.0,0.75,0.0,0.875,B
BR_00030,CR_YT_176,1.0,1.0,0.0,1.0,A
BR_00030,CR_YT_179,1.0,0.75,0.0,0.875,B
BR_00030,CR_YT_188,1.0,0.75,0.0,0.875,B
BR_00030,CR_YT_190,1.0,0.75,0.0,0.875,B
BR_00030,CR_YT_192,1.0,1.0,0.0,1.0,A
BR_00030,CR_YT_203,1.0,0.75,0.0,0.875,B
BR_00030,CR_YT_204,1.0,0.75,0.0,0.875,B
BR_00030,CR_YT_205,1.0,1.0,0.0,1.0,A
BR_00030,CR_YT_209,1.0,0.75,0.0,0.875,B
BR_00030,CR_YT_211,1.0,1.0,0.0,1.0,A
BR_00030,CR_YT_217,1.0,0.75,0.62,0.773,C
BR_00030,CR_YT_218,1.0,0.75,0.0,0.875,B
BR_00030,CR_YT_223,1.0,0.75,0.64,0.781,C
BR_00030,CR_YT_226,1.0,0.75,0.62,0.773,C
BR_00030,CR_YT_235,1.0,0.5,0.0,0.75,C
BR_00030,CR_YT_237,1.0,0.75,0.0,0.875,B
BR_00030,CR_YT_243,1.0,0.75,0.0,0.875,B
BR_00030,CR_YT_247,1.0,1.0,0.0,1.0,A
BR_00030,CR_YT_260,1.0,0.75,0.0,0.875,B
BR_00030,CR_YT_262,1.0,0.75,0.0,0.875,B
BR_00030,CR_YT_265,1.0,0.75,0.0,0.875,B
BR_00030,CR_YT_273,1.0,1.0,0.0,1.0,A
BR_00030,CR_YT_276,1.0,1.0,0.0,1.0,A
BR_00030,CR_YT_283,1.0,0.75,0.0,0.875,B
BR_00030,CR_YT_288,1.0,0.75,0.0,0.875,B
BR_00030,CR_YT_291,1.0,0.75,0.0,0.875,B
BR_00030,CR_YT_298,1.0,0.75,0.0,0.875,B
BR_00030,CR_YT_300,1.0,1.0,0.0,1.0,A
BR_00030,CR_TK_005,1.0,0.75,0.94,0.901,A
BR_00030,CR_TK_016,1.0,1.0,0.0,1.0,A
BR_00030,CR_TK_022,1.0,0.75,0.76,0.829,B
BR_00030,CR_TK_027,1.0,0.75,0.0,0.875,B
BR_00030,CR_TK_028,1.0,0.75,0.0,0.875,B
BR_00030,CR_TK_029,1.0,1.0,0.8,0.92,A
BR_00030,CR_TK_033,1.0,0.75,0.0,0.875,B
BR_00030,CR_TK_034,1.0,0.75,0.0,0.875,B
BR_00030,CR_TK_037,1.0,0.75,0.0,0.875,B
BR_00030,CR_TK_042,1.0,0.75,0.0,0.875,B
BR_00030,CR_TK_043,1.0,0.75,0.0,0.875,B
BR_00030,CR_TK_047,1.0,0.75,1.0,0.925,A
BR_00030,CR_TK_055,1.0,0.75,0.0,0.875,B
BR_00030,CR_TK_063,1.0,1.0,0.0,1.0,A
BR_00030,CR_TK_071,1.0,0.75,0.0,0.875,B
BR_00030,CR_TK_077,1.0,1.0,0.0,1.0,A
BR_00030,CR_TK_078,1.0,0.75,0.98,0.917,A
BR_00030,CR_TK_081,1.0,0.75,0.0,0.875,B
BR_00030,CR_TK_084,1.0,0.75,0.0,0.875,B
BR_00030,CR_TK_087,1.0,0.75,0.0,0.875,B
BR_00030,CR_TK_088,1.0,0.75,0.0,0.875,B
BR_00030,CR_TK_090,1.0,1.0,0.0,1.0,A
BR_00030,CR_TK_091,1.0,0.75,0.0,0.875,B
BR_00030,CR_TK_101,1.0,0.75,0.0,0.875,B
BR_00030,CR_TK_111,1.0,1.0,0.0,1.0,A
BR_00030,CR_TK_121,1.0,0.75,0.0,0.875,B
BR_00030,CR_TK_131,1.0,0.75,0.0,0.875,B
BR_00030,CR_TK_132,1.0,0.75,0.8084,0.8484,B
BR_00030,CR_TK_149,1.0,0.75,0.0,0.875,B
BR_00030,CR_TK_150,1.0,0.75,0.0,0.875,B
BR_00030,CR_TK_156,1.0,0.75,0.0,0.875,B
BR_00030,CR_TK_162,1.0,0.75,0.0,0.875,B
BR_00030,CR_TK_177,1.0,0.75,0.0,0.875,B
BR_00030,CR_TK_188,1.0,0.75,0.0,0.875,B
BR_00031,CR_YT_008,1.0,0.5,0.0,0.75,C
BR_00031,CR_YT_016,1.0,0.5,0.0,0.75,C
BR_00031,CR_YT_018,1.0,0.5,0.0,0.75,C
BR_00031,CR_YT_021,1.0,0.5,0.0,0.75,C
BR_00031,CR_YT_024,1.0,0.75,0.0,0.875,B
BR_00031,CR_YT_025,1.0,0.75,0.0,0.875,B
BR_00031,CR_YT_027,1.0,0.75,0.0,0.875,B
BR_00031,CR_YT_043,1.0,0.75,0.84,0.861,B
BR_00031,CR_YT_050,1.0,0.75,0.52,0.733,C
BR_00031,CR_YT_052,1.0,0.75,0.0,0.875,B
BR_00031,CR_YT_082,1.0,0.75,0.0,0.875,B
BR_00031,CR_YT_086,1.0,0.5,0.0,0.75,C
BR_00031,CR_YT_097,1.0,0.75,0.0,0.875,B
BR_00031,CR_YT_098,1.0,0.5,0.0,0.75,C
BR_00031,CR_YT_101,1.0,0.5,0.0,0.75,C
BR_00031,CR_YT_103,1.0,0.5,0.0,0.75,C
BR_00031,CR_YT_113,1.0,1.0,0.0,1.0,A
BR_00031,CR_YT_119,1.0,0.75,0.0,0.875,B
BR_00031,CR_YT_124,1.0,1.0,0.86,0.944,A
BR_00031,CR_YT_131,1.0,1.0,0.0,1.0,A
BR_00031,CR_YT_140,1.0,0.75,0.0,0.875,B
BR_00031,CR_YT_144,1.0,0.5,0.0,0.75,C
BR_00031,CR_YT_147,1.0,0.75,0.0,0.875,B
BR_00031,CR_YT_152,1.0,0.75,0.0,0.875,B
BR_00031,CR_YT_159,1.0,0.5,0.0,0.75,C
BR_00031,CR_YT_160,1.0,1.0,0.0,1.0,A
BR_00031,CR_YT_164,1.0,0.75,0.58,0.757,C
BR_00031,CR_YT_166,1.0,1.0,0.94,0.976,A
BR_00031,CR_YT_173,1.0,0.75,0.0,0.875,B
BR_00031,CR_YT_177,1.0,0.75,0.0,0.875,B
BR_00031,CR_YT_180,1.0,1.0,0.0,1.0,A
BR_00031,CR_YT_182,1.0,0.75,0.0,0.875,B
BR_00031,CR_YT_191,1.0,1.0,0.0,1.0,A
BR_00031,CR_YT_197,1.0,0.25,0.0,0.625,D
BR_00031,CR_YT_200,1.0,0.75,0.0,0.875,B
BR_00031,CR_YT_201,1.0,0.5,0.0,0.75,C
BR_00031,CR_YT_219,1.0,1.0,0.0,1.0,A
BR_00031,CR_YT_220,1.0,0.75,0.0,0.875,B
BR_00031,CR_YT_222,1.0,1.0,0.0,1.0,A
BR_00031,CR_YT_232,1.0,0.75,0.0,0.875,B
BR_00031,CR_YT_233,1.0,0.75,0.0,0.875,B
BR_00031,CR_YT_236,1.0,1.0,0.0,1.0,A
BR_00031,CR_YT_238,1.0,0.75,0.0,0.875,B
BR_00031,CR_YT_246,1.0,1.0,0.0,1.0,A
BR_00031,CR_YT_249,1.0,0.75,0.0,0.875,B
BR_00031,CR_YT_250,1.0,0.75,0.94,0.901,A
BR_00031,CR_YT_251,1.0,0.5,0.0,0.75,C
BR_00031,CR_YT_261,1.0,0.75,0.0,0.875,B
BR_00031,CR_YT_263,1.0,0.5,0.0,0.75,C
BR_00031,CR_YT_271,1.0,0.5,0.0,0.75,C
BR_00031,CR_YT_282,1.0,0.75,0.0,0.875,B
BR_00031,CR_YT_284,1.0,0.75,0.0,0.875,B
BR_00031,CR_YT_287,1.0,0.75,0.0,0.875,B
BR_00031,CR_YT_289,1.0,0.5,0.0,0.75,C
BR_00031,CR_YT_293,1.0,1.0,0.0,1.0,A
BR_00031,CR_YT_295,1.0,1.0,0.0,1.0,A
BR_00031,CR_TK_002,1.0,0.5,0.0,0.75,C
BR_00031,CR_TK_003,1.0,1.0,0.0,1.0,A
BR_00031,CR_TK_007,1.0,0.5,0.0,0.75,C
BR_00031,CR_TK_010,1.0,0.75,0.0,0.875,B
BR_00031,CR_TK_013,1.0,0.75,0.0,0.875,B
BR_00031,CR_TK_017,1.0,0.75,0.76,0.829,B
BR_00031,CR_TK_054,1.0,0.75,0.0,0.875,B
BR_00031,CR_TK_059,1.0,0.75,0.0,0.875,B
BR_00031,CR_TK_068,1.0,0.75,0.0,0.875,B
BR_00031,CR_TK_069,1.0,0.75,0.88,0.877,B
BR_00031,CR_TK_070,1.0,1.0,0.0,1.0,A
BR_00031,CR_TK_072,1.0,1.0,0.0,1.0,A
BR_00031,CR_TK_082,1.0,0.5,0.0,0.75,C
BR_00031,CR_TK_083,1.0,0.75,0.74,0.821,B
BR_00031,CR_TK_085,1.0,0.75,0.0,0.875,B
BR_00031,CR_TK_093,1.0,0.5,0.0,0.75,C
BR_00031,CR_TK_094,1.0,0.5,0.0,0.75,C
BR_00031,CR_TK_096,1.0,1.0,0.0,1.0,A
BR_00031,CR_TK_097,1.0,0.75,0.0,0.875,B
BR_00031,CR_TK_098,1.0,0.25,0.0,0.625,D
BR_00031,CR_TK_100,1.0,0.5,0.0,0.75,C
BR_00031,CR_TK_103,1.0,0.75,0.0,0.875,B
BR_00031,CR_TK_104,1.0,1.0,0.0,1.0,A
BR_00031,CR_TK_112,1.0,1.0,0.78,0.912,A
BR_00031,CR_TK_114,1.0,0.75,0.0,0.875,B
BR_00031,CR_TK_116,1.0,0.5,0.0,0.75,C
BR_00031,CR_TK_123,1.0,0.5,0.0,0.75,C
BR_00031,CR_TK_130,1.0,0.75,0.0,0.875,B
BR_00031,CR_TK_148,1.0,1.0,0.0,1.0,A
BR_00031,CR_TK_153,1.0,0.75,0.0,0.875,B
BR_00031,CR_TK_154,1.0,0.75,0.0,0.875,B
BR_00031,CR_TK_158,1.0,0.75,0.0,0.875,B
BR_00031,CR_TK_167,1.0,0.75,0.0,0.875,B
BR_00031,CR_TK_168,1.0,0.75,0.0,0.875,B
BR_00031,CR_TK_169,1.0,0.75,0.0,0.875,B
BR_00031,CR_TK_176,1.0,0.5,0.0,0.75,C
BR_00031,CR_TK_178,1.0,0.75,0.0,0.875,B
BR_00031,CR_TK_185,1.0,1.0,0.0,1.0,A
BR_00031,CR_TK_186,1.0,0.75,0.0,0.875,B
BR_00031,CR_TK_187,1.0,0.75,0.0,0.875,B
BR_00031,CR_TK_189,1.0,0.75,0.0,0.875,B
BR_00031,CR_TK_194,1.0,0.5,0.0,0.75,C
BR_00032,CR_YT_008,1.0,0.75,0.62,0.773,C
BR_00032,CR_YT_016,1.0,0.5,0.0,0.75,C
BR_00032,CR_YT_018,1.0,0.75,0.0,0.875,B
BR_00032,CR_YT_021,1.0,0.5,0.0,0.75,C
BR_00032,CR_YT_024,1.0,0.75,0.0,0.875,B
BR_00032,CR_YT_025,1.0,1.0,0.0,1.0,A
BR_00032,CR_YT_027,1.0,0.75,0.0,0.875,B
BR_00032,CR_YT_043,1.0,1.0,0.0,1.0,A
BR_00032,CR_YT_050,1.0,1.0,0.0,1.0,A
BR_00032,CR_YT_052,1.0,1.0,0.8,0.92,A
BR_00032,CR_YT_082,1.0,1.0,0.0,1.0,A
BR_00032,CR_YT_086,1.0,0.5,0.0,0.75,C
BR_00032,CR_YT_097,1.0,0.75,0.0,0.875,B
BR_00032,CR_YT_098,1.0,0.75,0.0,0.875,B
BR_00032,CR_YT_101,1.0,0.5,0.0,0.75,C
BR_00032,CR_YT_103,1.0,0.5,0.0,0.75,C
BR_00032,CR_YT_113,1.0,1.0,0.0,1.0,A
BR_00032,CR_YT_119,1.0,1.0,0.0,1.0,A
BR_00032,CR_YT_124,1.0,1.0,0.0,1.0,A
BR_00032,CR_YT_131,1.0,1.0,0.0,1.0,A
BR_00032,CR_YT_140,1.0,0.75,0.0,0.875,B
BR_00032,CR_YT_144,1.0,0.75,0.0,0.875,B
BR_00032,CR_YT_147,1.0,0.75,0.0,0.875,B
BR_00032,CR_YT_152,1.0,0.75,0.0,0.875,B
BR_00032,CR_YT_159,1.0,0.75,0.0,0.875,B
BR_00032,CR_YT_160,1.0,1.0,0.0,1.0,A
BR_00032,CR_YT_164,1.0,1.0,0.0,1.0,A
BR_00032,CR_YT_166,1.0,1.0,0.0,1.0,A
BR_00032,CR_YT_173,1.0,0.75,0.0,0.875,B
BR_00032,CR_YT_177,1.0,1.0,0.0,1.0,A
BR_00032,CR_YT_180,1.0,1.0,0.0,1.0,A
BR_00032,CR_YT_182,1.0,1.0,0.0,1.0,A
BR_00032,CR_YT_191,1.0,1.0,0.0,1.0,A
BR_00032,CR_YT_197,1.0,0.25,0.0,0.625,D
BR_00032,CR_YT_200,1.0,1.0,0.0,1.0,A
BR_00032,CR_YT_201,1.0,0.75,0.0,0.875,B
BR_00032,CR_YT_219,1.0,1.0,0.0,1.0,A
BR_00032,CR_YT_220,1.0,0.75,0.0,0.875,B
BR_00032,CR_YT_222,1.0,1.0,0.0,1.0,A
BR_00032,CR_YT_232,1.0,0.75,0.0,0.875,B
BR_00032,CR_YT_233,1.0,0.75,0.0,0.875,B
BR_00032,CR_YT_236,1.0,1.0,0.0,1.0,A
BR_00032,CR_YT_238,1.0,1.0,0.0,1.0,A
BR_00032,CR_YT_246,1.0,1.0,0.0,1.0,A
BR_00032,CR_YT_249,1.0,0.75,0.0,0.875,B
BR_00032,CR_YT_250,1.0,1.0,0.0,1.0,A
BR_00032,CR_YT_251,1.0,0.75,0.9283,0.8963,B
BR_00032,CR_YT_261,1.0,1.0,0.0,1.0,A
BR_00032,CR_YT_263,1.0,0.75,0.0,0.875,B
BR_00032,CR_YT_271,1.0,0.75,0.0,0.875,B
BR_00032,CR_YT_282,1.0,0.75,0.0,0.875,B
BR_00032,CR_YT_284,1.0,0.75,0.0,0.875,B
BR_00032,CR_YT_287,1.0,1.0,0.0,1.0,A
BR_00032,CR_YT_289,1.0,0.75,0.0,0.875,B
BR_00032,CR_YT_293,1.0,1.0,0.0,1.0,A
BR_00032,CR_YT_295,1.0,1.0,0.0,1.0,A
BR_00032,CR_TK_002,1.0,0.75,0.0,0.875,B
BR_00032,CR_TK_003,1.0,1.0,0.0,1.0,A
BR_00032,CR_TK_007,1.0,0.75,0.0,0.875,B
BR_00032,CR_TK_010,1.0,0.75,0.0,0.875,B
BR_00032,CR_TK_013,1.0,1.0,0.0,1.0,A
BR_00032,CR_TK_017,1.0,1.0,0.82,0.928,A
BR_00032,CR_TK_054,1.0,0.75,0.0,0.875,B
BR_00032,CR_TK_059,1.0,1.0,0.0,1.0,A
BR_00032,CR_TK_068,1.0,1.0,0.0,1.0,A
BR_00032,CR_TK_069,1.0,1.0,0.0,1.0,A
BR_00032,CR_TK_070,1.0,1.0,0.0,1.0,A
BR_00032,CR_TK_072,1.0,1.0,0.0,1.0,A
BR_00032,CR_TK_082,1.0,0.75,0.0,0.875,B
BR_00032,CR_TK_083,1.0,0.75,0.0,0.875,B
BR_00032,CR_TK_085,1.0,0.75,0.0,0.875,B
BR_00032,CR_TK_093,1.0,0.75,0.0,0.875,B
BR_00032,CR_TK_094,1.0,0.75,0.0,0.875,B
BR_00032,CR_TK_096,1.0,1.0,0.0,1.0,A
BR_00032,CR_TK_097,1.0,1.0,0.0,1.0,A
BR_00032,CR_TK_098,1.0,0.5,0.0,0.75,C
BR_00032,CR_TK_100,1.0,0.5,0.0,0.75,C
BR_00032,CR_TK_103,1.0,1.0,0.0,1.0,A
BR_00032,CR_TK_104,1.0,1.0,0.66,0.864,B
BR_00032,CR_TK_112,1.0,1.0,0.0,1.0,A
BR_00032,CR_TK_114,1.0,0.75,0.5,0.725,C
BR_00032,CR_TK_116,1.0,0.5,0.0,0.75,C
BR_00032,CR_TK_123,1.0,0.75,0.0,0.875,B
BR_00032,CR_TK_130,1.0,1.0,0.0,1.0,A
BR_00032,CR_TK_148,1.0,1.0,0.8,0.92,A
BR_00032,CR_TK_153,1.0,0.75,0.0,0.875,B
BR_00032,CR_TK_154,1.0,0.75,0.0,0.875,B
BR_00032,CR_TK_158,1.0,1.0,0.0,1.0,A
BR_00032,CR_TK_167,1.0,0.75,0.0,0.875,B
BR_00032,CR_TK_168,1.0,1.0,0.0,1.0,A
BR_00032,CR_TK_169,1.0,0.75,0.0,0.875,B
BR_00032,CR_TK_176,1.0,0.75,0.0,0.875,B
BR_00032,CR_TK_178,1.0,1.0,0.0,1.0,A
BR_00032,CR_TK_185,1.0,1.0,0.8302,0.9321,A
BR_00032,CR_TK_186,1.0,0.75,0.0,0.875,B
BR_00032,CR_TK_187,1.0,1.0,0.0,1.0,A
BR_00032,CR_TK_189,1.0,0.75,0.0,0.875,B
BR_00032,CR_TK_194,1.0,0.75,0.0,0.875,B
BR_00033,CR_YT_008,1.0,0.25,0.0,0.625,D
BR_00033,CR_YT_016,1.0,0.75,0.0,0.875,B
BR_00033,CR_YT_018,1.0,0.75,0.0,0.875,B
BR_00033,CR_YT_021,1.0,0.75,0.0,0.875,B
BR_00033,CR_YT_024,1.0,1.0,0.0,1.0,A
BR_00033,CR_YT_025,1.0,0.5,0.0,0.75,C
BR_00033,CR_YT_027,1.0,1.0,0.0,1.0,A
BR_00033,CR_YT_043,1.0,0.5,0.0,0.75,C
BR_00033,CR_YT_050,1.0,0.5,0.0,0.75,C
BR_00033,CR_YT_052,1.0,0.5,0.0,0.75,C
BR_00033,CR_YT_082,1.0,0.5,0.0,0.75,C
BR_00033,CR_YT_086,1.0,0.75,0.0,0.875,B
BR_00033,CR_YT_097,1.0,1.0,0.0,1.0,A
BR_00033,CR_YT_098,1.0,0.75,0.0,0.875,B
BR_00033,CR_YT_101,1.0,0.75,0.0,0.875,B
BR_00033,CR_YT_103,1.0,0.75,0.0,0.875,B
BR_00033,CR_YT_113,1.0,0.75,0.0,0.875,B
BR_00033,CR_YT_119,1.0,0.5,0.0,0.75,C
BR_00033,CR_YT_124,1.0,0.75,0.0,0.875,B
BR_00033,CR_YT_131,1.0,0.75,0.0,0.875,B
BR_00033,CR_YT_140,1.0,1.0,0.0,1.0,A
BR_00033,CR_YT_144,1.0,0.75,0.0,0.875,B
BR_00033,CR_YT_147,1.0,0.5,0.0,0.75,C
BR_00033,CR_YT_152,1.0,1.0,0.0,1.0,A
BR_00033,CR_YT_159,1.0,0.75,0.0,0.875,B
BR_00033,CR_YT_160,1.0,0.75,0.0,0.875,B
BR_00033,CR_YT_164,1.0,0.5,0.0,0.75,C
BR_00033,CR_YT_166,1.0,0.75,0.0,0.875,B
BR_00033,CR_YT_173,1.0,1.0,0.0,1.0,A
BR_00033,CR_YT_177,1.0,0.5,0.0,0.75,C
BR_00033,CR_YT_180,1.0,0.75,0.0,0.875,B
BR_00033,CR_YT_182,1.0,0.5,0.0,0.75,C
BR_00033,CR_YT_191,1.0,0.75,0.0,0.875,B
BR_00033,CR_YT_197,1.0,0.5,0.0,0.75,C
BR_00033,CR_YT_200,1.0,0.5,0.0,0.75,C
BR_00033,CR_YT_201,1.0,0.75,0.0,0.875,B
BR_00033,CR_YT_219,1.0,0.75,0.0,0.875,B
BR_00033,CR_YT_220,1.0,0.5,0.0,0.75,C
BR_00033,CR_YT_222,1.0,0.75,0.0,0.875,B
BR_00033,CR_YT_232,1.0,1.0,0.0,1.0,A
BR_00033,CR_YT_233,1.0,1.0,0.0,1.0,A
BR_00033,CR_YT_236,1.0,0.75,0.0,0.875,B
BR_00033,CR_YT_238,1.0,0.5,0.0,0.75,C
BR_00033,CR_YT_246,1.0,0.75,0.92,0.893,B
BR_00033,CR_YT_249,1.0,0.5,0.0,0.75,C
BR_00033,CR_YT_250,1.0,0.5,0.9715,0.8386,B
BR_00033,CR_YT_251,1.0,0.75,0.0,0.875,B
BR_00033,CR_YT_261,1.0,0.5,0.72,0.738,C
BR_00033,CR_YT_263,1.0,0.75,0.0,0.875,B
BR_00033,CR_YT_271,1.0,0.75,0.0,0.875,B
BR_00033,CR_YT_282,1.0,0.5,0.0,0.75,C
BR_00033,CR_YT_284,1.0,1.0,0.0,1.0,A
BR_00033,CR_YT_287,1.0,0.5,0.0,0.75,C
BR_00033,CR_YT_289,1.0,0.75,0.0,0.875,B
BR_00033,CR_YT_293,1.0,0.75,0.62,0.773,C
BR_00033,CR_YT_295,1.0,0.75,0.0,0.875,B
BR_00033,CR_TK_002,1.0,0.75,0.0,0.875,B
BR_00033,CR_TK_003,1.0,0.75,0.0,0.875,B
BR_00033,CR_TK_007,1.0,1.0,0.0,1.0,A
BR_00033,CR_TK_010,1.0,1.0,0.0,1.0,A
BR_00033,CR_TK_013,1.0,0.5,0.0,0.75,C
BR_00033,CR_TK_017,1.0,0.5,0.0,0.75,C
BR_00033,CR_TK_054,1.0,1.0,0.0,1.0,A
BR_00033,CR_TK_059,1.0,0.5,0.0,0.75,C
BR_00033,CR_TK_068,1.0,0.5,0.0,0.75,C
BR_00033,CR_TK_069,1.0,0.5,0.88,0.802,B
BR_00033,CR_TK_070,1.0,0.75,0.0,0.875,B
BR_00033,CR_TK_072,1.0,0.75,0.0,0.875,B
BR_00033,CR_TK_082,1.0,0.75,0.0,0.875,B
BR_00033,CR_TK_083,1.0,1.0,0.0,1.0,A
BR_00033,CR_TK_085,1.0,1.0,0.0,1.0,A
BR_00033,CR_TK_093,1.0,0.75,0.0,0.875,B
BR_00033,CR_TK_094,1.0,0.75,0.0,0.875,B
BR_00033,CR_TK_096,1.0,0.75,0.72,0.813,B
BR_00033,CR_TK_097,1.0,0.5,0.0,0.75,C
BR_00033,CR_TK_098,1.0,0.5,0.62,0.698,D
BR_00033,CR_TK_100,1.0,0.75,0.0,0.875,B
BR_00033,CR_TK_103,1.0,0.5,0.0,0.75,C
BR_00033,CR_TK_104,1.0,0.75,0.0,0.875,B
BR_00033,CR_TK_112,1.0,0.75,0.0,0.875,B
BR_00033,CR_TK_114,1.0,1.0,0.0,1.0,A
BR_00033,CR_TK_116,1.0,0.75,0.0,0.875,B
BR_00033,CR_TK_123,1.0,0.75,0.0,0.875,B
BR_00033,CR_TK_130,1.0,0.5,0.0,0.75,C
BR_00033,CR_TK_148,1.0,0.75,0.0,0.875,B
BR_00033,CR_TK_153,1.0,1.0,0.0,1.0,A
BR_00033,CR_TK_154,1.0,1.0,0.8642,0.9457,A
BR_00033,CR_TK_158,1.0,0.5,0.0,0.75,C
BR_00033,CR_TK_167,1.0,1.0,0.64,0.856,B
BR_00033,CR_TK_168,1.0,0.5,0.0,0.75,C
BR_00033,CR_TK_169,1.0,0.5,0.0,0.75,C
BR_00033,CR_TK_176,1.0,0.75,0.0,0.875,B
BR_00033,CR_TK_178,1.0,0.5,0.0,0.75,C
BR_00033,CR_TK_185,1.0,0.75,0.0,0.875,B
BR_00033,CR_TK_186,1.0,0.5,0.0,0.75,C
BR_00033,CR_TK_187,1.0,0.5,0.0,0.75,C
BR_00033,CR_TK_189,1.0,1.0,0.0,1.0,A
BR_00033,CR_TK_194,1.0,0.75,0.0,0.875,B
BR_00034,CR_YT_003,1.0,0.75,0.0,0.875,B
BR_00034,CR_YT_005,1.0,1.0,0.0,1.0,A
BR_00034,CR_YT_006,1.0,0.75,0.0,0.875,B
BR_00034,CR_YT_009,1.0,0.75,0.5,0.725,C
BR_00034,CR_YT_010,1.0,1.0,0.0,1.0,A
BR_00034,CR_YT_015,1.0,1.0,0.0,1.0,A
BR_00034,CR_YT_023,1.0,1.0,0.8,0.92,A
BR_00034,CR_YT_029,1.0,1.0,0.0,1.0,A
BR_00034,CR_YT_031,1.0,0.75,0.0,0.875,B
BR_00034,CR_YT_036,1.0,0.75,0.0,0.875,B
BR_00034,CR_YT_039,1.0,1.0,0.0,1.0,A
BR_00034,CR_YT_040,1.0,0.75,0.0,0.875,B
BR_00034,CR_YT_048,1.0,0.75,0.0,0.875,B
BR_00034,CR_YT_057,1.0,1.0,0.0,1.0,A
BR_00034,CR_YT_058,1.0,0.75,0.0,0.875,B
BR_00034,CR_YT_060,1.0,0.75,0.0,0.875,B
BR_00034,CR_YT_062,1.0,0.75,0.0,0.875,B
BR_00034,CR_YT_068,1.0,0.75,0.0,0.875,B
BR_00034,CR_YT_073,1.0,0.75,0.76,0.829,B
BR_00034,CR_YT_077,1.0,1.0,0.64,0.856,B
BR_00034,CR_YT_079,1.0,0.75,0.62,0.773,C
BR_00034,CR_YT_090,1.0,0.75,0.0,0.875,B
BR_00034,CR_YT_091,1.0,0.75,0.0,0.875,B
BR_00034,CR_YT_092,1.0,1.0,0.0,1.0,A
BR_00034,CR_YT_099,1.0,0.75,0.0,0.875,B
BR_00034,CR_YT_102,1.0,0.75,0.0,0.875,B
BR_00034,CR_YT_107,1.0,1.0,0.0,1.0,A
BR_00034,CR_YT_108,1.0,1.0,0.0,1.0,A
BR_00034,CR_YT_110,1.0,1.0,0.0,1.0,A
BR_00034,CR_YT_118,1.0,1.0,0.0,1.0,A
BR_00034,CR_YT_123,1.0,0.75,0.0,0.875,B
BR_00034,CR_YT_127,1.0,1.0,0.0,1.0,A
BR_00034,CR_YT_133,1.0,0.75,0.0,0.875,B
BR_00034,CR_YT_136,1.0,0.5,0.0,0.75,C
BR_00034,CR_YT_137,1.0,0.75,0.0,0.875,B
BR_00034,CR_YT_139,1.0,1.0,0.0,1.0,A
BR_00034,CR_YT_148,1.0,0.75,0.0,0.875,B
BR_00034,CR_YT_151,1.0,1.0,0.0,1.0,A
BR_00034,CR_YT_157,1.0,1.0,0.0,1.0,A
BR_00034,CR_YT_158,1.0,0.75,1.0,0.925,A
BR_00034,CR_YT_163,1.0,0.75,0.0,0.875,B
BR_00034,CR_YT_170,1.0,1.0,0.0,1.0,A
BR_00034,CR_YT_179,1.0,0.75,0.0,0.875,B
BR_00034,CR_YT_187,1.0,1.0,0.0,1.0,A
BR_00034,CR_YT_189,1.0,1.0,0.0,1.0,A
BR_00034,CR_YT_203,1.0,0.75,0.0,0.875,B
BR_00034,CR_YT_207,1.0,1.0,0.0,1.0,A
BR_00034,CR_YT_208,1.0,1.0,0.0,1.0,A
BR_00034,CR_YT_210,1.0,1.0,0.0,1.0,A
BR_00034,CR_YT_215,1.0,1.0,0.0,1.0,A
BR_00034,CR_YT_216,1.0,0.75,0.0,0.875,B
BR_00034,CR_YT_217,1.0,0.75,0.0,0.875,B
BR_00034,CR_YT_223,1.0,0.75,0.0,0.875,B
BR_00034,CR_YT_226,1.0,0.75,0.62,0.773,C
BR_00034,CR_YT_234,1.0,1.0,0.0,1.0,A
BR_00034,CR_YT_237,1.0,0.75,0.58,0.757,C
BR_00034,CR_YT_243,1.0,0.75,0.0,0.875,B
BR_00034,CR_YT_256,1.0,1.0,0.0,1.0,A
BR_00034,CR_YT_257,1.0,1.0,0.0,1.0,A
BR_00034,CR_YT_260,1.0,0.5,0.0,0.75,C
BR_00034,CR_YT_264,1.0,0.75,0.0,0.875,B
BR_00034,CR_YT_269,1.0,1.0,0.0,1.0,A
BR_00034,CR_YT_273,1.0,0.75,0.0,0.875,B
BR_00034,CR_YT_274,1.0,1.0,0.0,1.0,A
BR_00034,CR_YT_275,1.0,1.0,0.0,1.0,A
BR_00034,CR_YT_276,1.0,0.75,0.0,0.875,B
BR_00034,CR_YT_283,1.0,0.75,0.0,0.875,B
BR_00034,CR_YT_288,1.0,0.75,0.0,0.875,B
BR_00034,CR_YT_297,1.0,1.0,0.0,1.0,A
BR_00034,CR_YT_300,1.0,0.75,0.0,0.875,B
BR_00034,CR_TK_001,1.0,1.0,0.0,1.0,A
BR_00034,CR_TK_009,1.0,1.0,0.0,1.0,A
BR_00034,CR_TK_016,1.0,0.75,0.0,0.875,B
BR_00034,CR_TK_022,1.0,0.75,0.0,0.875,B
BR_00034,CR_TK_024,1.0,1.0,0.0,1.0,A
BR_00034,CR_TK_027,1.0,0.75,0.0,0.875,B
BR_00034,CR_TK_028,1.0,0.75,0.0,0.875,B
BR_00034,CR_TK_034,1.0,0.5,0.0,0.75,C
BR_00034,CR_TK_035,1.0,1.0,0.8163,0.9265,A
BR_00034,CR_TK_042,1.0,0.75,0.9,0.885,B
BR_00034,CR_TK_052,1.0,1.0,0.0,1.0,A
BR_00034,CR_TK_055,1.0,0.75,0.0,0.875,B
BR_00034,CR_TK_063,1.0,0.75,0.0,0.875,B
BR_00034,CR_TK_064,1.0,1.0,0.0,1.0,A
BR_00034,CR_TK_077,1.0,0.75,0.0,0.875,B
BR_00034,CR_TK_078,1.0,0.75,0.0,0.875,B
BR_00034,CR_TK_079,1.0,1.0,0.0,1.0,A
BR_00034,CR_TK_081,1.0,0.75,0.0,0.875,B
BR_00034,CR_TK_084,1.0,0.75,0.0,0.875,B
BR_00034,CR_TK_087,1.0,0.75,0.0,0.875,B
BR_00034,CR_TK_088,1.0,0.75,0.0,0.875,B
BR_00034,CR_TK_089,1.0,1.0,0.9052,0.9621,A
BR_00034,CR_TK_091,1.0,0.75,0.0,0.875,B
BR_00034,CR_TK_107,1.0,1.0,0.0,1.0,A
BR_00034,CR_TK_115,1.0,1.0,0.0,1.0,A
BR_00034,CR_TK_125,1.0,1.0,0.8,0.92,A
BR_00034,CR_TK_135,1.0,1.0,0.0,1.0,A
BR_00034,CR_TK_136,1.0,1.0,0.0,1.0,A
BR_00034,CR_TK_150,1.0,0.75,0.0,0.875,B
BR_00034,CR_TK_155,1.0,1.0,0.0,1.0,A
BR_00034,CR_TK_156,1.0,0.75,0.0,0.875,B
BR_00034,CR_TK_162,1.0,0.75,0.0,0.875,B
BR_00034,CR_TK_170,1.0,0.75,0.0,0.875,B
BR_00034,CR_TK_173,1.0,1.0,0.0,1.0,A
BR_00034,CR_TK_183,1.0,0.75,0.0,0.875,B
BR_00034,CR_TK_184,1.0,1.0,0.0,1.0,A
BR_00034,CR_TK_190,1.0,1.0,0.0,1.0,A
BR_00035,CR_YT_007,0.5,1.0,0.94,0.826,B
BR_00035,CR_YT_012,0.5,0.75,0.0,0.625,D
BR_00035,CR_YT_020,1.0,1.0,0.0,1.0,A
BR_00035,CR_YT_022,0.5,0.75,0.0,0.625,D
BR_00035,CR_YT_032,1.0,1.0,0.0,1.0,A
BR_00035,CR_YT_033,1.0,0.75,0.0,0.875,B
BR_00035,CR_YT_041,0.5,1.0,0.0,0.75,C
BR_00035,CR_YT_042,1.0,1.0,0.66,0.864,B
BR_00035,CR_YT_045,0.5,1.0,0.0,0.75,C
BR_00035,CR_YT_046,0.5,1.0,0.0,0.75,C
BR_00035,CR_YT_047,0.5,1.0,0.94,0.826,B
BR_00035,CR_YT_049,0.5,1.0,0.0,0.75,C
BR_00035,CR_YT_051,0.5,0.75,0.0,0.625,D
BR_00035,CR_YT_054,0.5,1.0,0.86,0.794,C
BR_00035,CR_YT_061,0.5,1.0,0.0,0.75,C
BR_00035,CR_YT_067,0.5,1.0,0.0,0.75,C
BR_00035,CR_YT_070,1.0,1.0,0.0,1.0,A
BR_00035,CR_YT_071,0.5,1.0,0.0,0.75,C
BR_00035,CR_YT_075,1.0,1.0,0.0,1.0,A
BR_00035,CR_YT_085,0.5,1.0,0.0,0.75,C
BR_00035,CR_YT_088,0.5,1.0,0.0,0.75,C
BR_00035,CR_YT_111,0.5,1.0,0.0,0.75,C
BR_00035,CR_YT_115,0.5,1.0,0.0,0.75,C
BR_00035,CR_YT_120,0.5,0.75,0.0,0.625,D
BR_00035,CR_YT_122,1.0,1.0,0.0,1.0,A
BR_00035,CR_YT_125,0.5,1.0,0.0,0.75,C
BR_00035,CR_YT_126,1.0,1.0,0.8,0.92,A
BR_00035,CR_YT_129,1.0,0.75,0.0,0.875,B
BR_00035,CR_YT_130,1.0,1.0,0.0,1.0,A
BR_00035,CR_YT_135,0.5,1.0,0.0,0.75,C
BR_00035,CR_YT_138,0.5,1.0,0.84,0.786,C
BR_00035,CR_YT_146,1.0,1.0,0.0,1.0,A
BR_00035,CR_YT_162,1.0,1.0,0.0,1.0,A
BR_00035,CR_YT_167,1.0,1.0,0.0,1.0,A
BR_00035,CR_YT_171,0.5,1.0,0.0,0.75,C
BR_00035,CR_YT_183,1.0,1.0,0.0,1.0,A
BR_00035,CR_YT_184,1.0,1.0,0.0,1.0,A
BR_00035,CR_YT_186,0.5,1.0,0.82,0.778,C
BR_00035,CR_YT_193,0.5,1.0,0.0,0.75,C
BR_00035,CR_YT_212,1.0,1.0,1.0,1.0,A
BR_00035,CR_YT_214,0.5,1.0,0.0,0.75,C
BR_00035,CR_YT_221,0.5,1.0,0.0,0.75,C
BR_00035,CR_YT_228,0.5,1.0,0.0,0.75,C
BR_00035,CR_YT_230,0.5,1.0,0.0,0.75,C
BR_00035,CR_YT_231,1.0,0.75,0.0,0.875,B
BR_00035,CR_YT_244,0.5,1.0,0.0,0.75,C
BR_00035,CR_YT_245,0.5,1.0,0.0,0.75,C
BR_00035,CR_YT_258,1.0,0.75,0.0,0.875,B
BR_00035,CR_YT_270,1.0,1.0,0.0,1.0,A
BR_00035,CR_YT_281,0.5,1.0,0.0,0.75,C
BR_00035,CR_YT_299,1.0,0.75,0.0,0.875,B
BR_00035,CR_TK_006,1.0,0.75,0.0,0.875,B
BR_00035,CR_TK_011,0.5,1.0,0.0,0.75,C
BR_00035,CR_TK_015,0.5,1.0,0.0,0.75,C
BR_00035,CR_TK_018,0.5,1.0,0.98,0.842,B
BR_00035,CR_TK_020,0.5,1.0,0.0,0.75,C
BR_00035,CR_TK_021,0.5,1.0,0.0,0.75,C
BR_00035,CR_TK_023,0.5,1.0,0.74,0.746,C
BR_00035,CR_TK_026,1.0,1.0,0.0,1.0,A
BR_00035,CR_TK_032,1.0,1.0,0.0,1.0,A
BR_00035,CR_TK_041,1.0,1.0,0.82,0.928,A
BR_00035,CR_TK_045,1.0,1.0,0.0,1.0,A
BR_00035,CR_TK_046,1.0,1.0,0.0,1.0,A
BR_00035,CR_TK_051,0.5,1.0,0.0,0.75,C
BR_00035,CR_TK_057,0.5,0.75,0.0,0.625,D
BR_00035,CR_TK_058,1.0,1.0,0.0,1.0,A
BR_00035,CR_TK_061,0.5,1.0,0.0,0.75,C
BR_00035,CR_TK_074,0.5,1.0,0.0,0.75,C
BR_00035,CR_TK_076,0.5,1.0,0.0,0.75,C
BR_00035,CR_TK_086,1.0,1.0,0.0,1.0,A
BR_00035,CR_TK_108,0.5,1.0,0.0,0.75,C
BR_00035,CR_TK_118,1.0,1.0,0.0,1.0,A
BR_00035,CR_TK_120,0.5,1.0,0.0,0.75,C
BR_00035,CR_TK_128,1.0,1.0,0.0,1.0,A
BR_00035,CR_TK_134,1.0,1.0,0.0,1.0,A
BR_00035,CR_TK_140,0.5,1.0,0.0,0.75,C
BR_00035,CR_TK_142,0.5,1.0,1.0,0.85,B
BR_00035,CR_TK_146,0.5,1.0,0.0,0.75,C
BR_00035,CR_TK_152,0.5,1.0,0.0,0.75,C
BR_00035,CR_TK_159,1.0,0.75,0.0,0.875,B
BR_00035,CR_TK_161,0.5,1.0,0.0,0.75,C
BR_00035,CR_TK_165,0.5,1.0,0.0,0.75,C
BR_00035,CR_TK_166,0.5,1.0,0.0,0.75,C
BR_00035,CR_TK_171,0.5,1.0,0.68,0.722,C
BR_00035,CR_TK_175,0.5,1.0,0.6,0.69,D
BR_00035,CR_TK_179,1.0,0.75,0.0,0.875,B
BR_00035,CR_TK_191,0.5,1.0,0.0,0.75,C
BR_00035,CR_TK_192,0.5,1.0,0.0,0.75,C
BR_00035,CR_TK_196,0.5,0.75,0.68,0.647,D
BR_00035,CR_TK_197,1.0,0.75,0.0,0.875,B
BR_00035,CR_TK_199,1.0,1.0,0.0,1.0,A
BR_00036,CR_YT_007,0.5,1.0,0.76,0.754,C
BR_00036,CR_YT_012,0.5,0.75,0.56,0.599,D
BR_00036,CR_YT_020,1.0,1.0,0.0,1.0,A
BR_00036,CR_YT_022,0.5,1.0,0.0,0.75,C
BR_00036,CR_YT_032,1.0,1.0,0.0,1.0,A
BR_00036,CR_YT_033,1.0,1.0,0.0,1.0,A
BR_00036,CR_YT_041,0.5,1.0,0.0,0.75,C
BR_00036,CR_YT_042,1.0,1.0,0.0,1.0,A
BR_00036,CR_YT_045,0.5,1.0,0.0,0.75,C
BR_00036,CR_YT_046,0.5,1.0,0.0,0.75,C
BR_00036,CR_YT_047,0.5,1.0,0.0,0.75,C
BR_00036,CR_YT_049,0.5,1.0,0.0,0.75,C
BR_00036,CR_YT_051,0.5,1.0,0.0,0.75,C
BR_00036,CR_YT_054,0.5,1.0,0.0,0.75,C
BR_00036,CR_YT_061,0.5,1.0,0.0,0.75,C
BR_00036,CR_YT_067,0.5,1.0,0.0,0.75,C
BR_00036,CR_YT_070,1.0,1.0,0.0,1.0,A
BR_00036,CR_YT_071,0.5,1.0,0.0,0.75,C
BR_00036,CR_YT_075,1.0,1.0,0.0,1.0,A
BR_00036,CR_YT_085,0.5,1.0,0.0,0.75,C
BR_00036,CR_YT_088,0.5,1.0,0.0,0.75,C
BR_00036,CR_YT_111,0.5,1.0,0.0,0.75,C
BR_00036,CR_YT_115,0.5,1.0,0.0,0.75,C
BR_00036,CR_YT_120,0.5,1.0,0.0,0.75,C
BR_00036,CR_YT_122,1.0,1.0,0.0,1.0,A
BR_00036,CR_YT_125,0.5,1.0,0.0,0.75,C
BR_00036,CR_YT_126,1.0,1.0,0.68,0.872,B
BR_00036,CR_YT_129,1.0,0.75,0.0,0.875,B
BR_00036,CR_YT_130,1.0,1.0,0.0,1.0,A
BR_00036,CR_YT_135,0.5,1.0,0.0,0.75,C
BR_00036,CR_YT_138,0.5,1.0,0.0,0.75,C
BR_00036,CR_YT_146,1.0,1.0,0.0,1.0,A
BR_00036,CR_YT_162,1.0,1.0,0.0,1.0,A
BR_00036,CR_YT_167,1.0,1.0,0.0,1.0,A
BR_00036,CR_YT_171,0.5,1.0,0.0,0.75,C
BR_00036,CR_YT_183,1.0,1.0,0.0,1.0,A
BR_00036,CR_YT_184,1.0,1.0,1.0,1.0,A
BR_00036,CR_YT_186,0.5,1.0,0.0,0.75,C
BR_00036,CR_YT_193,0.5,1.0,0.92,0.818,B
BR_00036,CR_YT_212,1.0,1.0,0.0,1.0,A
BR_00036,CR_YT_214,0.5,1.0,0.0,0.75,C
BR_00036,CR_YT_221,0.5,1.0,0.0,0.75,C
BR_00036,CR_YT_228,0.5,1.0,0.0,0.75,C
BR_00036,CR_YT_230,0.5,1.0,0.0,0.75,C
BR_00036,CR_YT_231,1.0,1.0,0.0,1.0,A
BR_00036,CR_YT_244,0.5,1.0,0.0,0.75,C
BR_00036,CR_YT_245,0.5,1.0,0.0,0.75,C
BR_00036,CR_YT_258,1.0,0.75,0.0,0.875,B
BR_00036,CR_YT_270,1.0,1.0,0.0,1.0,A
BR_00036,CR_YT_281,0.5,1.0,0.0,0.75,C
BR_00036,CR_YT_299,1.0,1.0,0.0,1.0,A
BR_00036,CR_TK_006,1.0,0.75,0.0,0.875,B
BR_00036,CR_TK_011,0.5,1.0,0.8,0.77,C
BR_00036,CR_TK_015,0.5,1.0,0.0,0.75,C
BR_00036,CR_TK_018,0.5,1.0,0.0,0.75,C
BR_00036,CR_TK_020,0.5,1.0,0.0,0.75,C
BR_00036,CR_TK_021,0.5,1.0,0.0,0.75,C
BR_00036,CR_TK_023,0.5,1.0,0.0,0.75,C
BR_00036,CR_TK_026,1.0,1.0,0.0,1.0,A
BR_00036,CR_TK_032,1.0,1.0,0.0,1.0,A
BR_00036,CR_TK_041,1.0,1.0,0.0,1.0,A
BR_00036,CR_TK_045,1.0,1.0,0.0,1.0,A
BR_00036,CR_TK_046,1.0,1.0,0.86,0.944,A
BR_00036,CR_TK_051,0.5,1.0,0.0,0.75,C
BR_00036,CR_TK_057,0.5,1.0,0.0,0.75,C
BR_00036,CR_TK_058,1.0,1.0,0.0,1.0,A
BR_00036,CR_TK_061,0.5,1.0,0.0,0.75,C
BR_00036,CR_TK_074,0.5,1.0,0.0,0.75,C
BR_00036,CR_TK_076,0.5,1.0,0.0,0.75,C
BR_00036,CR_TK_086,1.0,1.0,0.86,0.944,A
BR_00036,CR_TK_108,0.5,1.0,0.0,0.75,C
BR_00036,CR_TK_118,1.0,1.0,0.0,1.0,A
BR_00036,CR_TK_120,0.5,1.0,0.0,0.75,C
BR_00036,CR_TK_128,1.0,1.0,0.0,1.0,A
BR_00036,CR_TK_134,1.0,1.0,0.0,1.0,A
BR_00036,CR_TK_140,0.5,1.0,0.0,0.75,C
BR_00036,CR_TK_142,0.5,1.0,0.0,0.75,C
BR_00036,CR_TK_146,0.5,1.0,0.0,0.75,C
BR_00036,CR_TK_152,0.5,1.0,0.0,0.75,C
BR_00036,CR_TK_159,1.0,1.0,0.0,1.0,A
BR_00036,CR_TK_161,0.5,1.0,0.0,0.75,C
BR_00036,CR_TK_165,0.5,1.0,0.0,0.75,C
BR_00036,CR_TK_166,0.5,1.0,0.0,0.75,C
BR_00036,CR_TK_171,0.5,1.0,0.0,0.75,C
BR_00036,CR_TK_175,0.5,1.0,0.7,0.73,C
BR_00036,CR_TK_179,1.0,1.0,0.0,1.0,A
BR_00036,CR_TK_191,0.5,1.0,0.0,0.75,C
BR_00036,CR_TK_192,0.5,1.0,0.0,0.75,C
BR_00036,CR_TK_196,0.5,1.0,0.0,0.75,C
BR_00036,CR_TK_197,1.0,1.0,0.0,1.0,A
BR_00036,CR_TK_199,1.0,1.0,0.88,0.952,A
BR_00037,CR_YT_003,1.0,0.75,0.0,0.875,B
BR_00037,CR_YT_005,1.0,0.75,0.0,0.875,B
BR_00037,CR_YT_006,1.0,0.5,0.0,0.75,C
BR_00037,CR_YT_009,1.0,0.5,0.0,0.75,C
BR_00037,CR_YT_010,1.0,0.75,0.0,0.875,B
BR_00037,CR_YT_015,1.0,0.75,0.62,0.773,C
BR_00037,CR_YT_023,1.0,0.75,0.0,0.875,B
BR_00037,CR_YT_029,1.0,0.75,0.0,0.875,B
BR_00037,CR_YT_031,1.0,0.75,0.0,0.875,B
BR_00037,CR_YT_036,1.0,0.5,0.0,0.75,C
BR_00037,CR_YT_039,1.0,0.75,0.0,0.875,B
BR_00037,CR_YT_040,1.0,0.75,1.0,0.925,A
BR_00037,CR_YT_048,1.0,0.75,0.0,0.875,B
BR_00037,CR_YT_057,1.0,0.75,0.0,0.875,B
BR_00037,CR_YT_058,1.0,0.75,0.0,0.875,B
BR_00037,CR_YT_060,1.0,0.75,0.0,0.875,B
BR_00037,CR_YT_062,1.0,0.75,0.0,0.875,B
BR_00037,CR_YT_068,1.0,0.75,0.0,0.875,B
BR_00037,CR_YT_073,1.0,0.75,0.0,0.875,B
BR_00037,CR_YT_077,1.0,0.5,0.0,0.75,C
BR_00037,CR_YT_079,1.0,0.75,0.0,0.875,B
BR_00037,CR_YT_090,1.0,0.5,0.94,0.826,B
BR_00037,CR_YT_091,1.0,0.75,0.0,0.875,B
BR_00037,CR_YT_092,1.0,0.75,0.0,0.875,B
BR_00037,CR_YT_099,1.0,0.75,0.0,0.875,B
BR_00037,CR_YT_102,1.0,0.75,0.0,0.875,B
BR_00037,CR_YT_107,1.0,0.75,0.0,0.875,B
BR_00037,CR_YT_108,1.0,0.75,0.0,0.875,B
BR_00037,CR_YT_110,1.0,0.75,0.0,0.875,B
BR_00037,CR_YT_118,1.0,0.75,0.88,0.877,B
BR_00037,CR_YT_123,1.0,0.5,0.0,0.75,C
BR_00037,CR_YT_127,1.0,0.75,0.0,0.875,B
BR_00037,CR_YT_133,1.0,0.75,0.0,0.875,B
BR_00037,CR_YT_136,1.0,0.5,0.0,0.75,C
BR_00037,CR_YT_137,1.0,0.5,0.0,0.75,C
BR_00037,CR_YT_139,1.0,0.75,0.0,0.875,B
BR_00037,CR_YT_148,1.0,0.75,0.0,0.875,B
BR_00037,CR_YT_151,1.0,0.75,0.0,0.875,B
BR_00037,CR_YT_157,1.0,0.75,0.0,0.875,B
BR_00037,CR_YT_158,1.0,0.75,0.0,0.875,B
BR_00037,CR_YT_163,1.0,0.75,0.0,0.875,B
BR_00037,CR_YT_170,1.0,0.75,0.0,0.875,B
BR_00037,CR_YT_179,1.0,0.75,0.0,0.875,B
BR_00037,CR_YT_187,1.0,0.75,0.0,0.875,B
BR_00037,CR_YT_189,1.0,0.75,0.0,0.875,B
BR_00037,CR_YT_203,1.0,0.75,0.0,0.875,B
BR_00037,CR_YT_207,1.0,0.75,0.0,0.875,B
BR_00037,CR_YT_208,1.0,0.75,0.0,0.875,B
BR_00037,CR_YT_210,1.0,0.75,0.0,0.875,B
BR_00037,CR_YT_215,1.0,0.75,0.0,0.875,B
BR_00037,CR_YT_216,1.0,0.5,0.0,0.75,C
BR_00037,CR_YT_217,1.0,0.75,0.0,0.875,B
BR_00037,CR_YT_223,1.0,0.75,0.0,0.875,B
BR_00037,CR_YT_226,1.0,0.75,0.0,0.875,B
BR_00037,CR_YT_234,1.0,0.75,0.0,0.875,B
BR_00037,CR_YT_237,1.0,0.75,0.0,0.875,B
BR_00037,CR_YT_243,1.0,0.5,0.0,0.75,C
BR_00037,CR_YT_256,1.0,0.75,0.0,0.875,B
BR_00037,CR_YT_257,1.0,0.75,0.0,0.875,B
BR_00037,CR_YT_260,1.0,0.5,0.0,0.75,C
BR_00037,CR_YT_264,1.0,0.5,0.0,0.75,C
BR_00037,CR_YT_269,1.0,0.75,0.0,0.875,B
BR_00037,CR_YT_273,1.0,0.75,0.0,0.875,B
BR_00037,CR_YT_274,1.0,0.75,0.0,0.875,B
BR_00037,CR_YT_275,1.0,0.75,0.0,0.875,B
BR_00037,CR_YT_276,1.0,0.75,0.0,0.875,B
BR_00037,CR_YT_283,1.0,0.5,0.0,0.75,C
BR_00037,CR_YT_288,1.0,0.75,0.0,0.875,B
BR_00037,CR_YT_297,1.0,0.75,0.0,0.875,B
BR_00037,CR_YT_300,1.0,0.75,0.0,0.875,B
BR_00037,CR_TK_001,1.0,0.75,0.0,0.875,B
BR_00037,CR_TK_009,1.0,0.75,0.0,0.875,B
BR_00037,CR_TK_016,1.0,0.75,0.0,0.875,B
BR_00037,CR_TK_022,1.0,0.5,0.0,0.75,C
BR_00037,CR_TK_024,1.0,0.75,0.0,0.875,B
BR_00037,CR_TK_027,1.0,0.75,0.0,0.875,B
BR_00037,CR_TK_028,1.0,0.5,0.0,0.75,C
BR_00037,CR_TK_034,1.0,0.5,0.0,0.75,C
BR_00037,CR_TK_035,1.0,0.75,0.0,0.875,B
BR_00037,CR_TK_042,1.0,0.75,0.0,0.875,B
BR_00037,CR_TK_052,1.0,0.75,0.92,0.893,B
BR_00037,CR_TK_055,1.0,0.75,0.0,0.875,B
BR_00037,CR_TK_063,1.0,0.75,0.0,0.875,B
BR_00037,CR_TK_064,1.0,0.75,0.0,0.875,B
BR_00037,CR_TK_077,1.0,0.75,0.8911,0.8814,B
BR_00037,CR_TK_078,1.0,0.75,0.0,0.875,B
BR_00037,CR_TK_079,1.0,0.75,0.0,0.875,B
BR_00037,CR_TK_081,1.0,0.75,0.0,0.875,B
BR_00037,CR_TK_084,1.0,0.75,0.0,0.875,B
BR_00037,CR_TK_087,1.0,0.5,0.0,0.75,C
BR_00037,CR_TK_088,1.0,0.75,0.0,0.875,B
BR_00037,CR_TK_089,1.0,0.75,0.0,0.875,B
BR_00037,CR_TK_091,1.0,0.75,0.0,0.875,B
BR_00037,CR_TK_107,1.0,0.75,0.0,0.875,B
BR_00037,CR_TK_115,1.0,0.75,0.0,0.875,B
BR_00037,CR_TK_125,1.0,0.5,0.0,0.75,C
BR_00037,CR_TK_135,1.0,0.75,0.0,0.875,B
BR_00037,CR_TK_136,1.0,0.5,0.0,0.75,C
BR_00037,CR_TK_150,1.0,0.75,0.0,0.875,B
BR_00037,CR_TK_155,1.0,0.75,0.0,0.875,B
BR_00037,CR_TK_156,1.0,0.75,0.0,0.875,B
BR_00037,CR_TK_162,1.0,0.75,0.8,0.845,B
BR_00037,CR_TK_170,1.0,0.5,0.7652,0.7561,C
BR_00037,CR_TK_173,1.0,0.5,0.0,0.75,C
BR_00037,CR_TK_183,1.0,0.5,0.0,0.75,C
BR_00037,CR_TK_184,1.0,0.5,0.78,0.762,C
BR_00037,CR_TK_190,1.0,0.75,0.0,0.875,B
BR_00038,CR_YT_003,1.0,0.75,0.0,0.875,B
BR_00038,CR_YT_005,1.0,1.0,0.0,1.0,A
BR_00038,CR_YT_006,1.0,0.75,0.0,0.875,B
BR_00038,CR_YT_009,1.0,0.75,0.0,0.875,B
BR_00038,CR_YT_010,1.0,1.0,0.0,1.0,A
BR_00038,CR_YT_015,1.0,1.0,0.0,1.0,A
BR_00038,CR_YT_023,1.0,1.0,0.0,1.0,A
BR_00038,CR_YT_029,1.0,1.0,0.0,1.0,A
BR_00038,CR_YT_031,1.0,0.75,0.0,0.875,B
BR_00038,CR_YT_036,1.0,0.75,0.0,0.875,B
BR_00038,CR_YT_039,1.0,1.0,0.0,1.0,A
BR_00038,CR_YT_040,1.0,0.75,0.0,0.875,B
BR_00038,CR_YT_048,1.0,0.75,0.0,0.875,B
BR_00038,CR_YT_057,1.0,1.0,0.0,1.0,A
BR_00038,CR_YT_058,1.0,0.75,0.78,0.837,B
BR_00038,CR_YT_060,1.0,0.75,0.0,0.875,B
BR_00038,CR_YT_062,1.0,0.75,0.0,0.875,B
BR_00038,CR_YT_068,1.0,0.75,0.0,0.875,B
BR_00038,CR_YT_073,1.0,0.75,0.7921,0.8418,B
BR_00038,CR_YT_077,1.0,1.0,0.0,1.0,A
BR_00038,CR_YT_079,1.0,0.75,0.0,0.875,B
BR_00038,CR_YT_090,1.0,0.75,0.0,0.875,B
BR_00038,CR_YT_091,1.0,0.75,0.0,0.875,B
BR_00038,CR_YT_092,1.0,1.0,0.0,1.0,A
BR_00038,CR_YT_099,1.0,0.75,0.0,0.875,B
BR_00038,CR_YT_102,1.0,0.75,0.0,0.875,B
BR_00038,CR_YT_107,1.0,1.0,0.0,1.0,A
BR_00038,CR_YT_108,1.0,1.0,0.0,1.0,A
BR_00038,CR_YT_110,1.0,1.0,0.0,1.0,A
BR_00038,CR_YT_118,1.0,1.0,0.0,1.0,A
BR_00038,CR_YT_123,1.0,0.5,0.0,0.75,C
BR_00038,CR_YT_127,1.0,1.0,0.0,1.0,A
BR_00038,CR_YT_133,1.0,0.75,0.0,0.875,B
BR_00038,CR_YT_136,1.0,0.5,0.0,0.75,C
BR_00038,CR_YT_137,1.0,0.75,0.0,0.875,B
BR_00038,CR_YT_139,1.0,1.0,0.0,1.0,A
BR_00038,CR_YT_148,1.0,0.75,0.0,0.875,B
BR_00038,CR_YT_151,1.0,1.0,0.0,1.0,A
BR_00038,CR_YT_157,1.0,1.0,0.0,1.0,A
BR_00038,CR_YT_158,1.0,0.75,0.0,0.875,B
BR_00038,CR_YT_163,1.0,0.75,0.0,0.875,B
BR_00038,CR_YT_170,1.0,1.0,0.0,1.0,A
BR_00038,CR_YT_179,1.0,0.75,0.0,0.875,B
BR_00038,CR_YT_187,1.0,1.0,0.0,1.0,A
BR_00038,CR_YT_189,1.0,1.0,0.0,1.0,A
BR_00038,CR_YT_203,1.0,0.75,0.0,0.875,B
BR_00038,CR_YT_207,1.0,1.0,0.0,1.0,A
BR_00038,CR_YT_208,1.0,1.0,0.0,1.0,A
BR_00038,CR_YT_210,1.0,1.0,0.0,1.0,A
BR_00038,CR_YT_215,1.0,1.0,0.0,1.0,A
BR_00038,CR_YT_216,1.0,0.75,0.0,0.875,B
BR_00038,CR_YT_217,1.0,0.75,0.0,0.875,B
BR_00038,CR_YT_223,1.0,0.75,0.64,0.781,C
BR_00038,CR_YT_226,1.0,0.75,0.0,0.875,B
BR_00038,CR_YT_234,1.0,1.0,0.0,1.0,A
BR_00038,CR_YT_237,1.0,0.75,0.0,0.875,B
BR_00038,CR_YT_243,1.0,0.75,0.0,0.875,B
BR_00038,CR_YT_256,1.0,1.0,0.0,1.0,A
BR_00038,CR_YT_257,1.0,1.0,0.0,1.0,A
BR_00038,CR_YT_260,1.0,0.5,0.0,0.75,C
BR_00038,CR_YT_264,1.0,0.75,0.0,0.875,B
BR_00038,CR_YT_269,1.0,1.0,0.0,1.0,A
BR_00038,CR_YT_273,1.0,0.75,0.0,0.875,B
BR_00038,CR_YT_274,1.0,1.0,0.0,1.0,A
BR_00038,CR_YT_275,1.0,1.0,0.0,1.0,A
BR_00038,CR_YT_276,1.0,0.75,0.0,0.875,B
BR_00038,CR_YT_283,1.0,0.75,0.0,0.875,B
BR_00038,CR_YT_288,1.0,0.75,0.0,0.875,B
BR_00038,CR_YT_297,1.0,1.0,0.0,1.0,A
BR_00038,CR_YT_300,1.0,0.75,0.0,0.875,B
BR_00038,CR_TK_001,1.0,1.0,1.0,1.0,A
BR_00038,CR_TK_009,1.0,1.0,0.0,1.0,A
BR_00038,CR_TK_016,1.0,0.75,0.0,0.875,B
BR_00038,CR_TK_022,1.0,0.5,0.0,0.75,C
BR_00038,CR_TK_024,1.0,1.0,0.0,1.0,A
BR_00038,CR_TK_027,1.0,0.75,0.0,0.875,B
BR_00038,CR_TK_028,1.0,0.75,0.0,0.875,B
BR_00038,CR_TK_034,1.0,0.5,0.0,0.75,C
BR_00038,CR_TK_035,1.0,1.0,0.92,0.968,A
BR_00038,CR_TK_042,1.0,0.75,0.0,0.875,B
BR_00038,CR_TK_052,1.0,1.0,0.0,1.0,A
BR_00038,CR_TK_055,1.0,0.75,0.0,0.875,B
BR_00038,CR_TK_063,1.0,0.75,0.0,0.875,B
BR_00038,CR_TK_064,1.0,1.0,0.0,1.0,A
BR_00038,CR_TK_077,1.0,0.75,0.0,0.875,B
BR_00038,CR_TK_078,1.0,0.75,0.0,0.875,B
BR_00038,CR_TK_079,1.0,1.0,0.0,1.0,A
BR_00038,CR_TK_081,1.0,0.75,0.0,0.875,B
BR_00038,CR_TK_084,1.0,0.75,0.0,0.875,B
BR_00038,CR_TK_087,1.0,0.75,0.7,0.805,B
BR_00038,CR_TK_088,1.0,0.75,0.0,0.875,B
BR_00038,CR_TK_089,1.0,1.0,0.0,1.0,A
BR_00038,CR_TK_091,1.0,0.75,0.0,0.875,B
BR_00038,CR_TK_107,1.0,1.0,0.0,1.0,A
BR_00038,CR_TK_115,1.0,1.0,0.0,1.0,A
BR_00038,CR_TK_125,1.0,1.0,0.0,1.0,A
BR_00038,CR_TK_135,1.0,1.0,0.0,1.0,A
BR_00038,CR_TK_136,1.0,1.0,0.0,1.0,A
BR_00038,CR_TK_150,1.0,0.75,0.0,0.875,B
BR_00038,CR_TK_155,1.0,1.0,0.0,1.0,A
BR_00038,CR_TK_156,1.0,0.75,0.0,0.875,B
BR_00038,CR_TK_162,1.0,0.75,0.0,0.875,B
BR_00038,CR_TK_170,1.0,0.75,0.0,0.875,B
BR_00038,CR_TK_173,1.0,1.0,0.0,1.0,A
BR_00038,CR_TK_183,1.0,0.75,0.0,0.875,B
BR_00038,CR_TK_184,1.0,0.75,0.0,0.875,B
BR_00038,CR_TK_190,1.0,1.0,0.0,1.0,A
BR_00039,CR_YT_008,1.0,0.5,0.0,0.75,C
BR_00039,CR_YT_016,1.0,0.75,0.0,0.875,B
BR_00039,CR_YT_018,1.0,1.0,0.0,1.0,A
BR_00039,CR_YT_021,1.0,0.75,0.0,0.875,B
BR_00039,CR_YT_024,1.0,1.0,0.0,1.0,A
BR_00039,CR_YT_025,1.0,0.75,0.0,0.875,B
BR_00039,CR_YT_027,1.0,1.0,0.0,1.0,A
BR_00039,CR_YT_043,1.0,0.75,0.0,0.875,B
BR_00039,CR_YT_050,1.0,0.75,0.0,0.875,B
BR_00039,CR_YT_052,1.0,0.75,0.0,0.875,B
BR_00039,CR_YT_082,1.0,0.75,0.0,0.875,B
BR_00039,CR_YT_086,1.0,0.75,0.0,0.875,B
BR_00039,CR_YT_097,1.0,1.0,0.0,1.0,A
BR_00039,CR_YT_098,1.0,1.0,0.0,1.0,A
BR_00039,CR_YT_101,1.0,0.75,0.0,0.875,B
BR_00039,CR_YT_103,1.0,0.75,0.0,0.875,B
BR_00039,CR_YT_113,1.0,0.75,0.0,0.875,B
BR_00039,CR_YT_119,1.0,0.75,0.0,0.875,B
BR_00039,CR_YT_124,1.0,0.75,0.0,0.875,B
BR_00039,CR_YT_131,1.0,0.75,0.0,0.875,B
BR_00039,CR_YT_140,1.0,1.0,0.0,1.0,A
BR_00039,CR_YT_144,1.0,1.0,0.0,1.0,A
BR_00039,CR_YT_147,1.0,0.5,0.0,0.75,C
BR_00039,CR_YT_152,1.0,1.0,0.0,1.0,A
BR_00039,CR_YT_159,1.0,1.0,0.0,1.0,A
BR_00039,CR_YT_160,1.0,0.75,0.0,0.875,B
BR_00039,CR_YT_164,1.0,0.75,0.0,0.875,B
BR_00039,CR_YT_166,1.0,0.75,0.0,0.875,B
BR_00039,CR_YT_173,1.0,1.0,0.0,1.0,A
BR_00039,CR_YT_177,1.0,0.75,0.0,0.875,B
BR_00039,CR_YT_180,1.0,0.75,0.0,0.875,B
BR_00039,CR_YT_182,1.0,0.75,0.0,0.875,B
BR_00039,CR_YT_191,1.0,0.75,0.0,0.875,B
BR_00039,CR_YT_197,1.0,0.5,0.0,0.75,C
BR_00039,CR_YT_200,1.0,0.75,0.0,0.875,B
BR_00039,CR_YT_201,1.0,1.0,0.84,0.936,A
BR_00039,CR_YT_219,1.0,0.75,0.0,0.875,B
BR_00039,CR_YT_220,1.0,0.5,0.0,0.75,C
BR_00039,CR_YT_222,1.0,0.75,0.0,0.875,B
BR_00039,CR_YT_232,1.0,1.0,0.0,1.0,A
BR_00039,CR_YT_233,1.0,1.0,0.0,1.0,A
BR_00039,CR_YT_236,1.0,0.75,0.0,0.875,B
BR_00039,CR_YT_238,1.0,0.75,0.0,0.875,B
BR_00039,CR_YT_246,1.0,0.75,0.92,0.893,B
BR_00039,CR_YT_249,1.0,0.5,0.0,0.75,C
BR_00039,CR_YT_250,1.0,0.75,0.0,0.875,B
BR_00039,CR_YT_251,1.0,1.0,0.0,1.0,A
BR_00039,CR_YT_261,1.0,0.75,0.0,0.875,B
BR_00039,CR_YT_263,1.0,1.0,0.0,1.0,A
BR_00039,CR_YT_271,1.0,1.0,0.0,1.0,A
BR_00039,CR_YT_282,1.0,0.5,0.0,0.75,C
BR_00039,CR_YT_284,1.0,1.0,0.0,1.0,A
BR_00039,CR_YT_287,1.0,0.75,0.0,0.875,B
BR_00039,CR_YT_289,1.0,1.0,0.0,1.0,A
BR_00039,CR_YT_293,1.0,0.75,0.8,0.845,B
BR_00039,CR_YT_295,1.0,0.75,0.0,0.875,B
BR_00039,CR_TK_002,1.0,1.0,0.0,1.0,A
BR_00039,CR_TK_003,1.0,0.75,0.0,0.875,B
BR_00039,CR_TK_007,1.0,1.0,0.0,1.0,A
BR_00039,CR_TK_010,1.0,1.0,0.0,1.0,A
BR_00039,CR_TK_013,1.0,0.75,0.0,0.875,B
BR_00039,CR_TK_017,1.0,0.75,0.0,0.875,B
BR_00039,CR_TK_054,1.0,1.0,0.0,1.0,A
BR_00039,CR_TK_059,1.0,0.75,0.0,0.875,B
BR_00039,CR_TK_068,1.0,0.75,0.0,0.875,B
BR_00039,CR_TK_069,1.0,0.75,0.0,0.875,B
BR_00039,CR_TK_070,1.0,0.75,0.0,0.875,B
BR_00039,CR_TK_072,1.0,0.75,0.0,0.875,B
BR_00039,CR_TK_082,1.0,1.0,0.0,1.0,A
BR_00039,CR_TK_083,1.0,1.0,0.0,1.0,A
BR_00039,CR_TK_085,1.0,1.0,0.0,1.0,A
BR_00039,CR_TK_093,1.0,1.0,0.0,1.0,A
BR_00039,CR_TK_094,1.0,1.0,0.86,0.944,A
BR_00039,CR_TK_096,1.0,0.75,0.72,0.813,B
BR_00039,CR_TK_097,1.0,0.75,0.0,0.875,B
BR_00039,CR_TK_098,1.0,0.75,0.0,0.875,B
BR_00039,CR_TK_100,1.0,0.75,0.0,0.875,B
BR_00039,CR_TK_103,1.0,0.75,0.0,0.875,B
BR_00039,CR_TK_104,1.0,0.75,0.0,0.875,B
BR_00039,CR_TK_112,1.0,0.75,0.0,0.875,B
BR_00039,CR_TK_114,1.0,1.0,0.0,1.0,A
BR_00039,CR_TK_116,1.0,0.75,0.0,0.875,B
BR_00039,CR_TK_123,1.0,1.0,0.0,1.0,A
BR_00039,CR_TK_130,1.0,0.75,0.0,0.875,B
BR_00039,CR_TK_148,1.0,0.75,1.0,0.925,A
BR_00039,CR_TK_153,1.0,1.0,0.0,1.0,A
BR_00039,CR_TK_154,1.0,1.0,0.0,1.0,A
BR_00039,CR_TK_158,1.0,0.75,0.0,0.875,B
BR_00039,CR_TK_167,1.0,1.0,0.0,1.0,A
BR_00039,CR_TK_168,1.0,0.75,0.0,0.875,B
BR_00039,CR_TK_169,1.0,0.5,0.0,0.75,C
BR_00039,CR_TK_176,1.0,1.0,0.0,1.0,A
BR_00039,CR_TK_178,1.0,0.75,0.0,0.875,B
BR_00039,CR_TK_185,1.0,0.75,0.0,0.875,B
BR_00039,CR_TK_186,1.0,0.5,0.0,0.75,C
BR_00039,CR_TK_187,1.0,0.75,0.0,0.875,B
BR_00039,CR_TK_189,1.0,1.0,0.0,1.0,A
BR_00039,CR_TK_194,1.0,1.0,0.82,0.928,A
BR_00040,CR_YT_002,1.0,0.75,0.0,0.875,B
BR_00040,CR_YT_004,1.0,0.75,0.0,0.875,B
BR_00040,CR_YT_034,1.0,0.5,0.0,0.75,C
BR_00040,CR_YT_038,1.0,0.75,0.0,0.875,B
BR_00040,CR_YT_055,1.0,0.75,0.0,0.875,B
BR_00040,CR_YT_063,1.0,0.75,0.0,0.875,B
BR_00040,CR_YT_078,1.0,0.75,0.0,0.875,B
BR_00040,CR_YT_093,1.0,0.75,0.0,0.875,B
BR_00040,CR_YT_095,1.0,0.75,0.0,0.875,B
BR_00040,CR_YT_117,1.0,0.75,0.0,0.875,B
BR_00040,CR_YT_121,1.0,0.75,0.0,0.875,B
BR_00040,CR_YT_128,1.0,0.75,0.0,0.875,B
BR_00040,CR_YT_141,1.0,1.0,0.0,1.0,A
BR_00040,CR_YT_142,1.0,0.75,0.0,0.875,B
BR_00040,CR_YT_143,1.0,0.75,0.0,0.875,B
BR_00040,CR_YT_149,1.0,0.75,0.92,0.893,B
BR_00040,CR_YT_150,1.0,1.0,0.0,1.0,A
BR_00040,CR_YT_154,1.0,0.75,0.0,0.875,B
BR_00040,CR_YT_169,1.0,0.75,0.0,0.875,B
BR_00040,CR_YT_178,1.0,0.75,0.0,0.875,B
BR_00040,CR_YT_185,1.0,0.75,0.0,0.875,B
BR_00040,CR_YT_194,1.0,0.75,0.0,0.875,B
BR_00040,CR_YT_253,1.0,0.75,0.0,0.875,B
BR_00040,CR_YT_266,1.0,0.75,0.0,0.875,B
BR_00040,CR_YT_267,1.0,0.75,0.0,0.875,B
BR_00040,CR_YT_290,1.0,1.0,0.0,1.0,A
BR_00040,CR_YT_296,1.0,0.75,0.0,0.875,B
BR_00040,CR_TK_019,1.0,0.75,0.0,0.875,B
BR_00040,CR_TK_025,1.0,1.0,0.0,1.0,A
BR_00040,CR_TK_038,1.0,0.75,0.0,0.875,B
BR_00040,CR_TK_040,1.0,0.75,0.0,0.875,B
BR_00040,CR_TK_053,1.0,0.75,0.0,0.875,B
BR_00040,CR_TK_060,1.0,1.0,0.0,1.0,A
BR_00040,CR_TK_067,1.0,0.75,0.0,0.875,B
BR_00040,CR_TK_073,1.0,1.0,0.0,1.0,A
BR_00040,CR_TK_080,1.0,1.0,0.0,1.0,A
BR_00040,CR_TK_095,1.0,0.75,0.0,0.875,B
BR_00040,CR_TK_102,1.0,0.75,0.0,0.875,B
BR_00040,CR_TK_106,1.0,0.75,0.66,0.789,C
BR_00040,CR_TK_109,1.0,1.0,0.0,1.0,A
BR_00040,CR_TK_117,1.0,0.75,0.0,0.875,B
BR_00040,CR_TK_126,1.0,1.0,0.0,1.0,A
BR_00040,CR_TK_127,1.0,0.75,0.0,0.875,B
BR_00040,CR_TK_139,1.0,0.75,0.0,0.875,B
BR_00040,CR_TK_143,1.0,0.75,0.0,0.875,B
BR_00040,CR_TK_147,1.0,0.75,0.0,0.875,B
BR_00040,CR_TK_151,1.0,1.0,0.0,1.0,A
BR_00040,CR_TK_164,1.0,0.75,0.0,0.875,B
BR_00040,CR_TK_180,1.0,0.75,0.0,0.875,B
BR_00041,CR_YT_003,1.0,0.5,0.0,0.75,C
BR_00041,CR_YT_007,1.0,1.0,0.0,1.0,A
BR_00041,CR_YT_012,1.0,0.75,0.0,0.875,B
BR_00041,CR_YT_020,0.5,1.0,0.0,0.75,C
BR_00041,CR_YT_022,1.0,0.75,0.0,0.875,B
BR_00041,CR_YT_031,1.0,0.75,0.0,0.875,B
BR_00041,CR_YT_032,0.5,0.75,0.0,0.625,D
BR_00041,CR_YT_033,0.5,0.75,0.86,0.719,C
BR_00041,CR_YT_040,1.0,0.75,0.0,0.875,B
BR_00041,CR_YT_041,1.0,1.0,0.0,1.0,A
BR_00041,CR_YT_042,0.5,0.75,0.0,0.625,D
BR_00041,CR_YT_045,1.0,0.75,0.0,0.875,B
BR_00041,CR_YT_046,1.0,0.75,0.0,0.875,B
BR_00041,CR_YT_047,1.0,1.0,0.74,0.896,B
BR_00041,CR_YT_048,1.0,0.75,0.0,0.875,B
BR_00041,CR_YT_049,1.0,1.0,0.0,1.0,A
BR_00041,CR_YT_051,1.0,0.75,0.0,0.875,B
BR_00041,CR_YT_054,1.0,0.75,0.0,0.875,B
BR_00041,CR_YT_058,1.0,0.5,0.0,0.75,C
BR_00041,CR_YT_060,1.0,0.75,0.0,0.875,B
BR_00041,CR_YT_061,1.0,1.0,0.0,1.0,A
BR_00041,CR_YT_062,1.0,0.75,0.0,0.875,B
BR_00041,CR_YT_067,1.0,1.0,0.0,1.0,A
BR_00041,CR_YT_068,1.0,0.75,0.0,0.875,B
BR_00041,CR_YT_070,0.5,0.75,0.0,0.625,D
BR_00041,CR_YT_071,1.0,1.0,0.72,0.888,B
BR_00041,CR_YT_073,1.0,0.75,0.0,0.875,B
BR_00041,CR_YT_075,0.5,0.75,0.0,0.625,D
BR_00041,CR_YT_079,1.0,0.75,0.0,0.875,B
BR_00041,CR_YT_085,1.0,1.0,0.0,1.0,A
BR_00041,CR_YT_088,1.0,1.0,0.0,1.0,A
BR_00041,CR_YT_091,1.0,0.5,0.0,0.75,C
BR_00041,CR_YT_099,1.0,0.5,0.0,0.75,C
BR_00041,CR_YT_102,1.0,0.75,0.0,0.875,B
BR_00041,CR_YT_111,1.0,1.0,0.0,1.0,A
BR_00041,CR_YT_115,1.0,1.0,0.0,1.0,A
BR_00041,CR_YT_120,1.0,0.75,0.0,0.875,B
BR_00041,CR_YT_122,0.5,0.75,0.0,0.625,D
BR_00041,CR_YT_123,1.0,0.5,0.74,0.746,C
BR_00041,CR_YT_125,1.0,0.75,0.0,0.875,B
BR_00041,CR_YT_126,0.5,0.75,0.0,0.625,D
BR_00041,CR_YT_129,0.5,0.5,0.0,0.5,D
BR_00041,CR_YT_130,0.5,1.0,0.0,0.75,C
BR_00041,CR_YT_133,1.0,0.5,0.0,0.75,C
BR_00041,CR_YT_135,1.0,0.75,0.0,0.875,B
BR_00041,CR_YT_136,1.0,0.5,0.0,0.75,C
BR_00041,CR_YT_138,1.0,0.75,1.0,0.925,A
BR_00041,CR_YT_146,0.5,0.75,0.0,0.625,D
BR_00041,CR_YT_148,1.0,0.5,0.0,0.75,C
BR_00041,CR_YT_158,1.0,0.5,0.0,0.75,C
BR_00041,CR_YT_162,0.5,0.75,0.0,0.625,D
BR_00041,CR_YT_163,1.0,0.5,0.0,0.75,C
BR_00041,CR_YT_167,0.5,0.75,0.0,0.625,D
BR_00041,CR_YT_171,1.0,1.0,0.0,1.0,A
BR_00041,CR_YT_179,1.0,0.75,0.0,0.875,B
BR_00041,CR_YT_183,0.5,0.75,0.0,0.625,D
BR_00041,CR_YT_184,0.5,0.75,0.0,0.625,D
BR_00041,CR_YT_186,1.0,0.75,0.0,0.875,B
BR_00041,CR_YT_193,1.0,0.75,0.6,0.765,C
BR_00041,CR_YT_203,1.0,0.5,0.0,0.75,C
BR_00041,CR_YT_212,0.5,0.75,0.9343,0.7487,C
BR_00041,CR_YT_214,1.0,1.0,0.0,1.0,A
BR_00041,CR_YT_217,1.0,0.5,0.86,0.794,C
BR_00041,CR_YT_221,1.0,0.75,0.0,0.875,B
BR_00041,CR_YT_223,1.0,0.5,0.0,0.75,C
BR_00041,CR_YT_226,1.0,0.75,0.0,0.875,B
BR_00041,CR_YT_228,1.0,1.0,0.0,1.0,A
BR_00041,CR_YT_230,1.0,0.75,0.0,0.875,B
BR_00041,CR_YT_231,0.5,0.75,0.0,0.625,D
BR_00041,CR_YT_237,1.0,0.5,0.0,0.75,C
BR_00041,CR_YT_243,1.0,0.5,0.0,0.75,C
BR_00041,CR_YT_244,1.0,1.0,0.0,1.0,A
BR_00041,CR_YT_245,1.0,1.0,0.72,0.888,B
BR_00041,CR_YT_258,0.5,0.75,0.46,0.559,D
BR_00041,CR_YT_260,1.0,0.5,0.0,0.75,C
BR_00041,CR_YT_270,0.5,1.0,0.0,0.75,C
BR_00041,CR_YT_273,1.0,0.75,0.0,0.875,B
BR_00041,CR_YT_276,1.0,0.75,0.0,0.875,B
BR_00041,CR_YT_281,1.0,0.75,0.0,0.875,B
BR_00041,CR_YT_283,1.0,0.5,0.0,0.75,C
BR_00041,CR_YT_288,1.0,0.75,0.0,0.875,B
BR_00041,CR_YT_299,0.5,0.75,1.0,0.775,C
BR_00041,CR_YT_300,1.0,0.75,0.0,0.875,B
BR_00041,CR_TK_006,0.5,0.75,0.0,0.625,D
BR_00041,CR_TK_011,1.0,1.0,0.0,1.0,A
BR_00041,CR_TK_015,1.0,0.75,0.0,0.875,B
BR_00041,CR_TK_016,1.0,0.75,0.0,0.875,B
BR_00041,CR_TK_018,1.0,0.75,0.0,0.875,B
BR_00041,CR_TK_020,1.0,0.75,0.0,0.875,B
BR_00041,CR_TK_021,1.0,0.75,0.0,0.875,B
BR_00041,CR_TK_022,1.0,0.5,0.0,0.75,C
BR_00041,CR_TK_023,1.0,1.0,0.0,1.0,A
BR_00041,CR_TK_026,0.5,0.75,0.0,0.625,D
BR_00041,CR_TK_027,1.0,0.5,0.0,0.75,C
BR_00041,CR_TK_028,1.0,0.5,0.0,0.75,C
BR_00041,CR_TK_032,0.5,1.0,0.0,0.75,C
BR_00041,CR_TK_034,1.0,0.5,0.0,0.75,C
BR_00041,CR_TK_041,0.5,1.0,0.0,0.75,C
BR_00041,CR_TK_042,1.0,0.5,0.0,0.75,C
BR_00041,CR_TK_045,0.5,1.0,0.0,0.75,C
BR_00041,CR_TK_046,0.5,1.0,0.0,0.75,C
BR_00041,CR_TK_051,1.0,1.0,0.0,1.0,A
BR_00041,CR_TK_055,1.0,0.5,0.0,0.75,C
BR_00041,CR_TK_057,1.0,0.75,0.0,0.875,B
BR_00041,CR_TK_058,0.5,1.0,0.0,0.75,C
BR_00041,CR_TK_061,1.0,1.0,0.0,1.0,A
BR_00041,CR_TK_063,1.0,0.75,0.0,0.875,B
BR_00041,CR_TK_074,1.0,0.75,0.0,0.875,B
BR_00041,CR_TK_076,1.0,0.75,0.62,0.773,C
BR_00041,CR_TK_077,1.0,0.75,0.0,0.875,B
BR_00041,CR_TK_078,1.0,0.5,0.0,0.75,C
BR_00041,CR_TK_081,1.0,0.5,0.72,0.738,C
BR_00041,CR_TK_084,1.0,0.75,0.0,0.875,B
BR_00041,CR_TK_086,0.5,0.75,0.0,0.625,D
BR_00041,CR_TK_087,1.0,0.5,0.0,0.75,C
BR_00041,CR_TK_088,1.0,0.5,0.0,0.75,C
BR_00041,CR_TK_091,1.0,0.75,0.0,0.875,B
BR_00041,CR_TK_108,1.0,0.75,0.0,0.875,B
BR_00041,CR_TK_118,0.5,0.75,0.0,0.625,D
BR_00041,CR_TK_120,1.0,0.75,0.0,0.875,B
BR_00041,CR_TK_128,0.5,1.0,0.0,0.75,C
BR_00041,CR_TK_134,0.5,1.0,0.0,0.75,C
BR_00041,CR_TK_140,1.0,1.0,0.0,1.0,A
BR_00041,CR_TK_142,1.0,1.0,0.9385,0.9754,A
BR_00041,CR_TK_146,1.0,0.75,0.0,0.875,B
BR_00041,CR_TK_150,1.0,0.5,0.0,0.75,C
BR_00041,CR_TK_152,1.0,1.0,0.0,1.0,A
BR_00041,CR_TK_156,1.0,0.5,0.0,0.75,C
BR_00041,CR_TK_159,0.5,0.75,0.0,0.625,D
BR_00041,CR_TK_161,1.0,0.75,0.66,0.789,C
BR_00041,CR_TK_162,1.0,0.5,0.0,0.75,C
BR_00041,CR_TK_165,1.0,1.0,0.0,1.0,A
BR_00041,CR_TK_166,1.0,1.0,0.0,1.0,A
BR_00041,CR_TK_171,1.0,0.75,0.0,0.875,B
BR_00041,CR_TK_175,1.0,0.75,0.0,0.875,B
BR_00041,CR_TK_179,0.5,0.75,0.0,0.625,D
BR_00041,CR_TK_191,1.0,1.0,1.0,1.0,A
BR_00041,CR_TK_192,1.0,1.0,0.0,1.0,A
BR_00041,CR_TK_196,1.0,0.75,0.0,0.875,B
BR_00041,CR_TK_197,0.5,0.75,0.0,0.625,D
BR_00041,CR_TK_199,0.5,1.0,0.0,0.75,C
BR_00042,CR_YT_008,1.0,0.25,0.0,0.625,D
BR_00042,CR_YT_016,1.0,0.75,0.0,0.875,B
BR_00042,CR_YT_018,1.0,0.75,0.0,0.875,B
BR_00042,CR_YT_021,1.0,0.75,0.82,0.853,B
BR_00042,CR_YT_024,1.0,1.0,0.0,1.0,A
BR_00042,CR_YT_025,1.0,0.5,0.0,0.75,C
BR_00042,CR_YT_027,1.0,1.0,0.0,1.0,A
BR_00042,CR_YT_043,1.0,0.5,0.0,0.75,C
BR_00042,CR_YT_050,1.0,0.5,0.0,0.75,C
BR_00042,CR_YT_052,1.0,0.5,0.0,0.75,C
BR_00042,CR_YT_082,1.0,0.5,0.0,0.75,C
BR_00042,CR_YT_086,1.0,0.75,0.96,0.909,A
BR_00042,CR_YT_097,1.0,1.0,0.0,1.0,A
BR_00042,CR_YT_098,1.0,0.75,0.0,0.875,B
BR_00042,CR_YT_101,1.0,0.75,0.0,0.875,B
BR_00042,CR_YT_103,1.0,0.75,0.0,0.875,B
BR_00042,CR_YT_113,1.0,0.5,0.0,0.75,C
BR_00042,CR_YT_119,1.0,0.5,0.8,0.77,C
BR_00042,CR_YT_124,1.0,0.5,0.62,0.698,D
BR_00042,CR_YT_131,1.0,0.75,0.0,0.875,B
BR_00042,CR_YT_140,1.0,1.0,0.0,1.0,A
BR_00042,CR_YT_144,1.0,0.75,0.0,0.875,B
BR_00042,CR_YT_147,1.0,0.5,0.0,0.75,C
BR_00042,CR_YT_152,1.0,1.0,0.0,1.0,A
BR_00042,CR_YT_159,1.0,0.75,0.0,0.875,B
BR_00042,CR_YT_160,1.0,0.5,0.0,0.75,C
BR_00042,CR_YT_164,1.0,0.5,0.0,0.75,C
BR_00042,CR_YT_166,1.0,0.75,0.0,0.875,B
BR_00042,CR_YT_173,1.0,1.0,0.0,1.0,A
BR_00042,CR_YT_177,1.0,0.5,0.0,0.75,C
BR_00042,CR_YT_180,1.0,0.75,0.0,0.875,B
BR_00042,CR_YT_182,1.0,0.5,0.0,0.75,C
BR_00042,CR_YT_191,1.0,0.75,0.0,0.875,B
BR_00042,CR_YT_197,1.0,0.5,0.0,0.75,C
BR_00042,CR_YT_200,1.0,0.5,0.0,0.75,C
BR_00042,CR_YT_201,1.0,0.75,0.0,0.875,B
BR_00042,CR_YT_219,1.0,0.5,0.0,0.75,C
BR_00042,CR_YT_220,1.0,0.5,0.0,0.75,C
BR_00042,CR_YT_222,1.0,0.75,0.0,0.875,B
BR_00042,CR_YT_232,1.0,1.0,0.0,1.0,A
BR_00042,CR_YT_233,1.0,1.0,0.0,1.0,A
BR_00042,CR_YT_236,1.0,0.75,0.0,0.875,B
BR_00042,CR_YT_238,1.0,0.5,0.0,0.75,C
BR_00042,CR_YT_246,1.0,0.75,0.0,0.875,B
BR_00042,CR_YT_249,1.0,0.5,0.0,0.75,C
BR_00042,CR_YT_250,1.0,0.5,0.94,0.826,B
BR_00042,CR_YT_251,1.0,0.75,0.0,0.875,B
BR_00042,CR_YT_261,1.0,0.5,0.0,0.75,C
BR_00042,CR_YT_263,1.0,0.75,0.0,0.875,B
BR_00042,CR_YT_271,1.0,0.75,0.0,0.875,B
BR_00042,CR_YT_282,1.0,0.5,0.0,0.75,C
BR_00042,CR_YT_284,1.0,0.75,0.0,0.875,B
BR_00042,CR_YT_287,1.0,0.5,0.0,0.75,C
BR_00042,CR_YT_289,1.0,0.75,0.0,0.875,B
BR_00042,CR_YT_293,1.0,0.5,0.88,0.802,B
BR_00042,CR_YT_295,1.0,0.75,0.0,0.875,B
BR_00042,CR_TK_002,1.0,0.75,0.0,0.875,B
BR_00042,CR_TK_003,1.0,0.75,0.0,0.875,B
BR_00042,CR_TK_007,1.0,0.75,0.0,0.875,B
BR_00042,CR_TK_010,1.0,0.75,0.82,0.853,B
BR_00042,CR_TK_013,1.0,0.5,0.0,0.75,C
BR_00042,CR_TK_017,1.0,0.5,0.0,0.75,C
BR_00042,CR_TK_054,1.0,0.75,0.0,0.875,B
BR_00042,CR_TK_059,1.0,0.5,0.0,0.75,C
BR_00042,CR_TK_068,1.0,0.5,0.8,0.77,C
BR_00042,CR_TK_069,1.0,0.5,0.88,0.802,B
BR_00042,CR_TK_070,1.0,0.75,0.0,0.875,B
BR_00042,CR_TK_072,1.0,0.75,0.0,0.875,B
BR_00042,CR_TK_082,1.0,0.75,0.0,0.875,B
BR_00042,CR_TK_083,1.0,1.0,0.0,1.0,A
BR_00042,CR_TK_085,1.0,1.0,0.0,1.0,A
BR_00042,CR_TK_093,1.0,0.75,0.0,0.875,B
BR_00042,CR_TK_094,1.0,0.75,0.0,0.875,B
BR_00042,CR_TK_096,1.0,0.75,0.0,0.875,B
BR_00042,CR_TK_097,1.0,0.5,0.0,0.75,C
BR_00042,CR_TK_098,1.0,0.5,0.0,0.75,C
BR_00042,CR_TK_100,1.0,0.75,0.88,0.877,B
BR_00042,CR_TK_103,1.0,0.5,0.0,0.75,C
BR_00042,CR_TK_104,1.0,0.75,0.0,0.875,B
BR_00042,CR_TK_112,1.0,0.5,0.74,0.746,C
BR_00042,CR_TK_114,1.0,1.0,0.0,1.0,A
BR_00042,CR_TK_116,1.0,0.5,0.0,0.75,C
BR_00042,CR_TK_123,1.0,0.75,0.0,0.875,B
BR_00042,CR_TK_130,1.0,0.5,0.0,0.75,C
BR_00042,CR_TK_148,1.0,0.75,0.0,0.875,B
BR_00042,CR_TK_153,1.0,0.75,0.0,0.875,B
BR_00042,CR_TK_154,1.0,0.75,0.0,0.875,B
BR_00042,CR_TK_158,1.0,0.5,0.0,0.75,C
BR_00042,CR_TK_167,1.0,0.75,0.0,0.875,B
BR_00042,CR_TK_168,1.0,0.5,0.0,0.75,C
BR_00042,CR_TK_169,1.0,0.5,0.0,0.75,C
BR_00042,CR_TK_176,1.0,0.75,0.0,0.875,B
BR_00042,CR_TK_178,1.0,0.5,0.0,0.75,C
BR_00042,CR_TK_185,1.0,0.75,0.0,0.875,B
BR_00042,CR_TK_186,1.0,0.5,0.0,0.75,C
BR_00042,CR_TK_187,1.0,0.5,0.0,0.75,C
BR_00042,CR_TK_189,1.0,1.0,0.0,1.0,A
BR_00042,CR_TK_194,1.0,0.75,0.0,0.875,B
BR_00043,CR_YT_008,1.0,0.25,0.0,0.625,D
BR_00043,CR_YT_016,1.0,0.75,0.0,0.875,B
BR_00043,CR_YT_018,1.0,0.75,0.0,0.875,B
BR_00043,CR_YT_021,1.0,0.75,0.0,0.875,B
BR_00043,CR_YT_024,1.0,0.75,0.0,0.875,B
BR_00043,CR_YT_025,1.0,0.5,0.0,0.75,C
BR_00043,CR_YT_027,1.0,0.75,0.0,0.875,B
BR_00043,CR_YT_043,1.0,0.5,0.0,0.75,C
BR_00043,CR_YT_050,1.0,0.5,0.0,0.75,C
BR_00043,CR_YT_052,1.0,0.5,0.0,0.75,C
BR_00043,CR_YT_082,1.0,0.5,0.0,0.75,C
BR_00043,CR_YT_086,1.0,0.75,0.0,0.875,B
BR_00043,CR_YT_097,1.0,1.0,0.0,1.0,A
BR_00043,CR_YT_098,1.0,0.75,0.0,0.875,B
BR_00043,CR_YT_101,1.0,0.75,0.0,0.875,B
BR_00043,CR_YT_103,1.0,0.75,0.0,0.875,B
BR_00043,CR_YT_113,1.0,0.5,0.92,0.818,B
BR_00043,CR_YT_119,1.0,0.5,0.0,0.75,C
BR_00043,CR_YT_124,1.0,0.5,0.0,0.75,C
BR_00043,CR_YT_131,1.0,0.75,0.0,0.875,B
BR_00043,CR_YT_140,1.0,1.0,0.0,1.0,A
BR_00043,CR_YT_144,1.0,0.75,0.0,0.875,B
BR_00043,CR_YT_147,1.0,0.5,0.0,0.75,C
BR_00043,CR_YT_152,1.0,1.0,0.0,1.0,A
BR_00043,CR_YT_159,1.0,0.75,0.0,0.875,B
BR_00043,CR_YT_160,1.0,0.5,0.0,0.75,C
BR_00043,CR_YT_164,1.0,0.5,0.0,0.75,C
BR_00043,CR_YT_166,1.0,0.75,0.0,0.875,B
BR_00043,CR_YT_173,1.0,1.0,0.72,0.888,B
BR_00043,CR_YT_177,1.0,0.5,0.0,0.75,C
BR_00043,CR_YT_180,1.0,0.75,0.0,0.875,B
BR_00043,CR_YT_182,1.0,0.5,0.0,0.75,C
BR_00043,CR_YT_191,1.0,0.75,0.0,0.875,B
BR_00043,CR_YT_197,1.0,0.5,0.0,0.75,C
BR_00043,CR_YT_200,1.0,0.5,0.0,0.75,C
BR_00043,CR_YT_201,1.0,0.75,0.0,0.875,B
BR_00043,CR_YT_219,1.0,0.5,0.0,0.75,C
BR_00043,CR_YT_220,1.0,0.5,0.0,0.75,C
BR_00043,CR_YT_222,1.0,0.75,0.0,0.875,B
BR_00043,CR_YT_232,1.0,1.0,0.0,1.0,A
BR_00043,CR_YT_233,1.0,1.0,0.0,1.0,A
BR_00043,CR_YT_236,1.0,0.75,0.0,0.875,B
BR_00043,CR_YT_238,1.0,0.5,0.86,0.794,C
BR_00043,CR_YT_246,1.0,0.75,0.0,0.875,B
BR_00043,CR_YT_249,1.0,0.25,0.0,0.625,D
BR_00043,CR_YT_250,1.0,0.5,0.0,0.75,C
BR_00043,CR_YT_251,1.0,0.75,0.0,0.875,B
BR_00043,CR_YT_261,1.0,0.5,0.0,0.75,C
BR_00043,CR_YT_263,1.0,0.75,0.0,0.875,B
BR_00043,CR_YT_271,1.0,0.75,0.0,0.875,B
BR_00043,CR_YT_282,1.0,0.5,0.0,0.75,C
BR_00043,CR_YT_284,1.0,0.75,0.0,0.875,B
BR_00043,CR_YT_287,1.0,0.5,0.0,0.75,C
BR_00043,CR_YT_289,1.0,0.75,0.0,0.875,B
BR_00043,CR_YT_293,1.0,0.5,0.0,0.75,C
BR_00043,CR_YT_295,1.0,0.75,0.0,0.875,B
BR_00043,CR_TK_002,1.0,0.75,0.0,0.875,B
BR_00043,CR_TK_003,1.0,0.75,0.84,0.861,B
BR_00043,CR_TK_007,1.0,0.75,0.0,0.875,B
BR_00043,CR_TK_010,1.0,0.75,0.0,0.875,B
BR_00043,CR_TK_013,1.0,0.5,0.0,0.75,C
BR_00043,CR_TK_017,1.0,0.5,0.0,0.75,C
BR_00043,CR_TK_054,1.0,0.75,0.0,0.875,B
BR_00043,CR_TK_059,1.0,0.5,0.0,0.75,C
BR_00043,CR_TK_068,1.0,0.5,0.0,0.75,C
BR_00043,CR_TK_069,1.0,0.5,0.0,0.75,C
BR_00043,CR_TK_070,1.0,0.75,0.0,0.875,B
BR_00043,CR_TK_072,1.0,0.75,0.0,0.875,B
BR_00043,CR_TK_082,1.0,0.75,0.0,0.875,B
BR_00043,CR_TK_083,1.0,1.0,0.0,1.0,A
BR_00043,CR_TK_085,1.0,0.75,0.0,0.875,B
BR_00043,CR_TK_093,1.0,0.75,0.0,0.875,B
BR_00043,CR_TK_094,1.0,0.75,0.0,0.875,B
BR_00043,CR_TK_096,1.0,0.75,0.0,0.875,B
BR_00043,CR_TK_097,1.0,0.5,0.0,0.75,C
BR_00043,CR_TK_098,1.0,0.5,0.0,0.75,C
BR_00043,CR_TK_100,1.0,0.75,0.0,0.875,B
BR_00043,CR_TK_103,1.0,0.5,0.0,0.75,C
BR_00043,CR_TK_104,1.0,0.75,0.0,0.875,B
BR_00043,CR_TK_112,1.0,0.5,0.0,0.75,C
BR_00043,CR_TK_114,1.0,1.0,0.0,1.0,A
BR_00043,CR_TK_116,1.0,0.5,0.0,0.75,C
BR_00043,CR_TK_123,1.0,0.75,0.76,0.829,B
BR_00043,CR_TK_130,1.0,0.5,0.0,0.75,C
BR_00043,CR_TK_148,1.0,0.5,0.0,0.75,C
BR_00043,CR_TK_153,1.0,0.75,0.0,0.875,B
BR_00043,CR_TK_154,1.0,0.75,0.0,0.875,B
BR_00043,CR_TK_158,1.0,0.5,0.0,0.75,C
BR_00043,CR_TK_167,1.0,0.75,0.0,0.875,B
BR_00043,CR_TK_168,1.0,0.5,0.0,0.75,C
BR_00043,CR_TK_169,1.0,0.5,0.98,0.842,B
BR_00043,CR_TK_176,1.0,0.75,0.66,0.789,C
BR_00043,CR_TK_178,1.0,0.5,0.0,0.75,C
BR_00043,CR_TK_185,1.0,0.75,0.0,0.875,B
BR_00043,CR_TK_186,1.0,0.5,0.0,0.75,C
BR_00043,CR_TK_187,1.0,0.5,0.0,0.75,C
BR_00043,CR_TK_189,1.0,1.0,0.0,1.0,A
BR_00043,CR_TK_194,1.0,0.75,0.0,0.875,B
BR_00044,CR_YT_002,1.0,0.75,0.0,0.875,B
BR_00044,CR_YT_004,1.0,0.75,0.0,0.875,B
BR_00044,CR_YT_034,1.0,0.5,0.0,0.75,C
BR_00044,CR_YT_038,1.0,0.75,0.0,0.875,B
BR_00044,CR_YT_055,1.0,0.75,0.0,0.875,B
BR_00044,CR_YT_063,1.0,0.75,0.0,0.875,B
BR_00044,CR_YT_078,1.0,0.75,0.0,0.875,B
BR_00044,CR_YT_093,1.0,0.75,0.0,0.875,B
BR_00044,CR_YT_095,1.0,0.75,0.0,0.875,B
BR_00044,CR_YT_117,1.0,0.75,0.0,0.875,B
BR_00044,CR_YT_121,1.0,0.75,0.0,0.875,B
BR_00044,CR_YT_128,1.0,0.75,0.0,0.875,B
BR_00044,CR_YT_141,1.0,1.0,0.0,1.0,A
BR_00044,CR_YT_142,1.0,0.75,1.0,0.925,A
BR_00044,CR_YT_143,1.0,0.75,0.0,0.875,B
BR_00044,CR_YT_149,1.0,0.75,0.0,0.875,B
BR_00044,CR_YT_150,1.0,1.0,0.0,1.0,A
BR_00044,CR_YT_154,1.0,0.75,0.0,0.875,B
BR_00044,CR_YT_169,1.0,0.75,0.0,0.875,B
BR_00044,CR_YT_178,1.0,0.75,0.72,0.813,B
BR_00044,CR_YT_185,1.0,0.75,0.0,0.875,B
BR_00044,CR_YT_194,1.0,0.75,0.0,0.875,B
BR_00044,CR_YT_253,1.0,0.75,0.0,0.875,B
BR_00044,CR_YT_266,1.0,0.75,0.0,0.875,B
BR_00044,CR_YT_267,1.0,0.75,0.94,0.901,A
BR_00044,CR_YT_290,1.0,1.0,0.0,1.0,A
BR_00044,CR_YT_296,1.0,0.75,0.0,0.875,B
BR_00044,CR_TK_019,1.0,0.75,0.0,0.875,B
BR_00044,CR_TK_025,1.0,1.0,0.0,1.0,A
BR_00044,CR_TK_038,1.0,0.75,0.0,0.875,B
BR_00044,CR_TK_040,1.0,0.75,0.0,0.875,B
BR_00044,CR_TK_053,1.0,0.75,0.0,0.875,B
BR_00044,CR_TK_060,1.0,1.0,0.0,1.0,A
BR_00044,CR_TK_067,1.0,0.75,0.0,0.875,B
BR_00044,CR_TK_073,1.0,1.0,0.6891,0.8756,B
BR_00044,CR_TK_080,1.0,1.0,0.0,1.0,A
BR_00044,CR_TK_095,1.0,0.75,0.0,0.875,B
BR_00044,CR_TK_102,1.0,0.75,0.0,0.875,B
BR_00044,CR_TK_106,1.0,0.75,0.0,0.875,B
BR_00044,CR_TK_109,1.0,1.0,0.0,1.0,A
BR_00044,CR_TK_117,1.0,0.75,0.0,0.875,B
BR_00044,CR_TK_126,1.0,1.0,0.0,1.0,A
BR_00044,CR_TK_127,1.0,0.75,0.0,0.875,B
BR_00044,CR_TK_139,1.0,0.75,0.0,0.875,B
BR_00044,CR_TK_143,1.0,0.75,0.0,0.875,B
BR_00044,CR_TK_147,1.0,0.75,0.0,0.875,B
BR_00044,CR_TK_151,1.0,1.0,0.0,1.0,A
BR_00044,CR_TK_164,1.0,0.75,0.0,0.875,B
BR_00044,CR_TK_180,1.0,0.75,0.66,0.789,C
BR_00045,CR_YT_003,1.0,0.5,0.0,0.75,C
BR_00045,CR_YT_005,1.0,0.75,0.0,0.875,B
BR_00045,CR_YT_006,1.0,0.75,0.0,0.875,B
BR_00045,CR_YT_009,1.0,0.75,0.0,0.875,B
BR_00045,CR_YT_010,1.0,1.0,0.0,1.0,A
BR_00045,CR_YT_015,1.0,1.0,0.0,1.0,A
BR_00045,CR_YT_023,1.0,1.0,0.0,1.0,A
BR_00045,CR_YT_029,1.0,1.0,0.0,1.0,A
BR_00045,CR_YT_031,1.0,0.75,0.0,0.875,B
BR_00045,CR_YT_036,1.0,0.75,0.0,0.875,B
BR_00045,CR_YT_039,1.0,1.0,0.0,1.0,A
BR_00045,CR_YT_040,1.0,0.75,0.0,0.875,B
BR_00045,CR_YT_048,1.0,0.75,0.0,0.875,B
BR_00045,CR_YT_057,1.0,1.0,0.0,1.0,A
BR_00045,CR_YT_058,1.0,0.75,0.0,0.875,B
BR_00045,CR_YT_060,1.0,0.75,0.0,0.875,B
BR_00045,CR_YT_062,1.0,0.75,0.0,0.875,B
BR_00045,CR_YT_068,1.0,0.75,0.0,0.875,B
BR_00045,CR_YT_073,1.0,0.75,0.0,0.875,B
BR_00045,CR_YT_077,1.0,0.75,0.0,0.875,B
BR_00045,CR_YT_079,1.0,0.75,0.8,0.845,B
BR_00045,CR_YT_090,1.0,0.75,0.0,0.875,B
BR_00045,CR_YT_091,1.0,0.5,0.0,0.75,C
BR_00045,CR_YT_092,1.0,0.75,0.0,0.875,B
BR_00045,CR_YT_099,1.0,0.5,0.0,0.75,C
BR_00045,CR_YT_102,1.0,0.75,1.0,0.925,A
BR_00045,CR_YT_107,1.0,1.0,0.0,1.0,A
BR_00045,CR_YT_108,1.0,1.0,0.0,1.0,A
BR_00045,CR_YT_110,1.0,1.0,0.0,1.0,A
BR_00045,CR_YT_118,1.0,1.0,0.0,1.0,A
BR_00045,CR_YT_123,1.0,0.5,0.74,0.746,C
BR_00045,CR_YT_127,1.0,1.0,0.0,1.0,A
BR_00045,CR_YT_133,1.0,0.5,0.0,0.75,C
BR_00045,CR_YT_136,1.0,0.5,0.0,0.75,C
BR_00045,CR_YT_137,1.0,0.75,0.0,0.875,B
BR_00045,CR_YT_139,1.0,1.0,0.62,0.848,B
BR_00045,CR_YT_148,1.0,0.75,0.86,0.869,B
BR_00045,CR_YT_151,1.0,0.75,0.92,0.893,B
BR_00045,CR_YT_157,1.0,1.0,0.0,1.0,A
BR_00045,CR_YT_158,1.0,0.5,0.0,0.75,C
BR_00045,CR_YT_163,1.0,0.75,0.0,0.875,B
BR_00045,CR_YT_170,1.0,1.0,0.0,1.0,A
BR_00045,CR_YT_179,1.0,0.75,0.0,0.875,B
BR_00045,CR_YT_187,1.0,1.0,0.0,1.0,A
BR_00045,CR_YT_189,1.0,0.75,0.0,0.875,B
BR_00045,CR_YT_203,1.0,0.5,0.0,0.75,C
BR_00045,CR_YT_207,1.0,1.0,0.0,1.0,A
BR_00045,CR_YT_208,1.0,1.0,0.0,1.0,A
BR_00045,CR_YT_210,1.0,1.0,0.0,1.0,A
BR_00045,CR_YT_215,1.0,1.0,0.0,1.0,A
BR_00045,CR_YT_216,1.0,0.75,0.0,0.875,B
BR_00045,CR_YT_217,1.0,0.75,0.0,0.875,B
BR_00045,CR_YT_223,1.0,0.75,0.0,0.875,B
BR_00045,CR_YT_226,1.0,0.75,0.0,0.875,B
BR_00045,CR_YT_234,1.0,1.0,0.0,1.0,A
BR_00045,CR_YT_237,1.0,0.75,0.86,0.869,B
BR_00045,CR_YT_243,1.0,0.5,0.0,0.75,C
BR_00045,CR_YT_256,1.0,0.75,0.0,0.875,B
BR_00045,CR_YT_257,1.0,1.0,0.0,1.0,A
BR_00045,CR_YT_260,1.0,0.5,0.0,0.75,C
BR_00045,CR_YT_264,1.0,0.75,1.0,0.925,A
BR_00045,CR_YT_269,1.0,1.0,0.0,1.0,A
BR_00045,CR_YT_273,1.0,0.75,0.0,0.875,B
BR_00045,CR_YT_274,1.0,1.0,0.0,1.0,A
BR_00045,CR_YT_275,1.0,1.0,0.0,1.0,A
BR_00045,CR_YT_276,1.0,0.75,0.0,0.875,B
BR_00045,CR_YT_283,1.0,0.5,0.0,0.75,C
BR_00045,CR_YT_288,1.0,0.75,0.0,0.875,B
BR_00045,CR_YT_297,1.0,1.0,0.0,1.0,A
BR_00045,CR_YT_300,1.0,0.75,0.0,0.875,B
BR_00045,CR_TK_001,1.0,1.0,0.0,1.0,A
BR_00045,CR_TK_009,1.0,1.0,0.0,1.0,A
BR_00045,CR_TK_016,1.0,0.75,0.9,0.885,B
BR_00045,CR_TK_022,1.0,0.5,0.0,0.75,C
BR_00045,CR_TK_024,1.0,1.0,0.0,1.0,A
BR_00045,CR_TK_027,1.0,0.5,0.0,0.75,C
BR_00045,CR_TK_028,1.0,0.5,0.0,0.75,C
BR_00045,CR_TK_034,1.0,0.5,0.0,0.75,C
BR_00045,CR_TK_035,1.0,1.0,0.0,1.0,A
BR_00045,CR_TK_042,1.0,0.75,0.0,0.875,B
BR_00045,CR_TK_052,1.0,1.0,0.0,1.0,A
BR_00045,CR_TK_055,1.0,0.5,0.0,0.75,C
BR_00045,CR_TK_063,1.0,0.75,0.0,0.875,B
BR_00045,CR_TK_064,1.0,0.75,0.0,0.875,B
BR_00045,CR_TK_077,1.0,0.75,0.8,0.845,B
BR_00045,CR_TK_078,1.0,0.75,0.0,0.875,B
BR_00045,CR_TK_079,1.0,1.0,0.0,1.0,A
BR_00045,CR_TK_081,1.0,0.75,0.0,0.875,B
BR_00045,CR_TK_084,1.0,0.75,0.94,0.901,A
BR_00045,CR_TK_087,1.0,0.5,0.0,0.75,C
BR_00045,CR_TK_088,1.0,0.5,0.0,0.75,C
BR_00045,CR_TK_089,1.0,1.0,0.0,1.0,A
BR_00045,CR_TK_091,1.0,0.75,0.0,0.875,B
BR_00045,CR_TK_107,1.0,1.0,0.0,1.0,A
BR_00045,CR_TK_115,1.0,0.75,0.0,0.875,B
BR_00045,CR_TK_125,1.0,0.75,0.0,0.875,B
BR_00045,CR_TK_135,1.0,1.0,0.0,1.0,A
BR_00045,CR_TK_136,1.0,0.75,0.0,0.875,B
BR_00045,CR_TK_150,1.0,0.75,0.0,0.875,B
BR_00045,CR_TK_155,1.0,0.75,0.0,0.875,B
BR_00045,CR_TK_156,1.0,0.5,0.0,0.75,C
BR_00045,CR_TK_162,1.0,0.75,0.0,0.875,B
BR_00045,CR_TK_170,1.0,0.75,0.0,0.875,B
BR_00045,CR_TK_173,1.0,0.75,0.0,0.875,B
BR_00045,CR_TK_183,1.0,0.75,0.0,0.875,B
BR_00045,CR_TK_184,1.0,0.75,0.0,0.875,B
BR_00045,CR_TK_190,1.0,1.0,0.0,1.0,A
BR_00046,CR_YT_003,1.0,1.0,1.0,1.0,A
BR_00046,CR_YT_011,1.0,1.0,0.0,1.0,A
BR_00046,CR_YT_014,1.0,1.0,0.0,1.0,A
BR_00046,CR_YT_026,1.0,1.0,0.0,1.0,A
BR_00046,CR_YT_031,1.0,1.0,0.0,1.0,A
BR_00046,CR_YT_035,1.0,1.0,0.0,1.0,A
BR_00046,CR_YT_040,1.0,1.0,0.9905,0.9962,A
BR_00046,CR_YT_048,1.0,1.0,0.0,1.0,A
BR_00046,CR_YT_058,1.0,1.0,0.0,1.0,A
BR_00046,CR_YT_060,1.0,1.0,0.0,1.0,A
BR_00046,CR_YT_062,1.0,1.0,0.0,1.0,A
BR_00046,CR_YT_068,1.0,1.0,0.0,1.0,A
BR_00046,CR_YT_069,1.0,1.0,0.0,1.0,A
BR_00046,CR_YT_073,1.0,1.0,0.0,1.0,A
BR_00046,CR_YT_076,1.0,0.75,0.0,0.875,B
BR_00046,CR_YT_079,1.0,1.0,0.0,1.0,A
BR_00046,CR_YT_084,1.0,1.0,0.0,1.0,A
BR_00046,CR_YT_091,1.0,1.0,0.0,1.0,A
BR_00046,CR_YT_094,1.0,1.0,0.0,1.0,A
BR_00046,CR_YT_096,1.0,1.0,0.86,0.944,A
BR_00046,CR_YT_099,1.0,1.0,0.0,1.0,A
BR_00046,CR_YT_102,1.0,1.0,0.0,1.0,A
BR_00046,CR_YT_112,1.0,1.0,0.0,1.0,A
BR_00046,CR_YT_114,1.0,1.0,0.0,1.0,A
BR_00046,CR_YT_123,1.0,1.0,0.0,1.0,A
BR_00046,CR_YT_133,1.0,1.0,0.0,1.0,A
BR_00046,CR_YT_136,1.0,1.0,0.0,1.0,A
BR_00046,CR_YT_145,1.0,1.0,0.0,1.0,A
BR_00046,CR_YT_148,1.0,1.0,0.0,1.0,A
BR_00046,CR_YT_155,1.0,1.0,0.76,0.904,A
BR_00046,CR_YT_158,1.0,1.0,0.0,1.0,A
BR_00046,CR_YT_163,1.0,1.0,0.0,1.0,A
BR_00046,CR_YT_165,1.0,1.0,0.0,1.0,A
BR_00046,CR_YT_175,1.0,1.0,0.0,1.0,A
BR_00046,CR_YT_176,1.0,1.0,0.0,1.0,A
BR_00046,CR_YT_179,1.0,1.0,0.0,1.0,A
BR_00046,CR_YT_188,1.0,1.0,0.0,1.0,A
BR_00046,CR_YT_190,1.0,1.0,0.0,1.0,A
BR_00046,CR_YT_192,1.0,1.0,0.0,1.0,A
BR_00046,CR_YT_203,1.0,1.0,0.0,1.0,A
BR_00046,CR_YT_204,1.0,1.0,0.0,1.0,A
BR_00046,CR_YT_205,1.0,1.0,0.0,1.0,A
BR_00046,CR_YT_209,1.0,1.0,0.0,1.0,A
BR_00046,CR_YT_211,1.0,1.0,0.0,1.0,A
BR_00046,CR_YT_217,1.0,1.0,0.0,1.0,A
BR_00046,CR_YT_218,1.0,1.0,0.0,1.0,A
BR_00046,CR_YT_223,1.0,1.0,0.0,1.0,A
BR_00046,CR_YT_226,1.0,1.0,0.0,1.0,A
BR_00046,CR_YT_235,1.0,0.75,0.0,0.875,B
BR_00046,CR_YT_237,1.0,1.0,0.0,1.0,A
BR_00046,CR_YT_243,1.0,1.0,0.0,1.0,A
BR_00046,CR_YT_247,1.0,1.0,0.0,1.0,A
BR_00046,CR_YT_260,1.0,0.75,0.0,0.875,B
BR_00046,CR_YT_262,1.0,1.0,0.0,1.0,A
BR_00046,CR_YT_265,1.0,1.0,0.0,1.0,A
BR_00046,CR_YT_273,1.0,1.0,0.0,1.0,A
BR_00046,CR_YT_276,1.0,1.0,0.0,1.0,A
BR_00046,CR_YT_283,1.0,1.0,0.0,1.0,A
BR_00046,CR_YT_288,1.0,1.0,0.0,1.0,A
BR_00046,CR_YT_291,1.0,1.0,0.0,1.0,A
BR_00046,CR_YT_298,1.0,1.0,0.0,1.0,A
BR_00046,CR_YT_300,1.0,1.0,0.0,1.0,A
BR_00046,CR_TK_005,1.0,1.0,0.0,1.0,A
BR_00046,CR_TK_016,1.0,1.0,0.0,1.0,A
BR_00046,CR_TK_022,1.0,1.0,0.0,1.0,A
BR_00046,CR_TK_027,1.0,1.0,0.0,1.0,A
BR_00046,CR_TK_028,1.0,1.0,0.0,1.0,A
BR_00046,CR_TK_029,1.0,1.0,0.0,1.0,A
BR_00046,CR_TK_033,1.0,1.0,0.0,1.0,A
BR_00046,CR_TK_034,1.0,0.75,0.0,0.875,B
BR_00046,CR_TK_037,1.0,1.0,0.0,1.0,A
BR_00046,CR_TK_042,1.0,1.0,0.0,1.0,A
BR_00046,CR_TK_043,1.0,1.0,0.0,1.0,A
BR_00046,CR_TK_047,1.0,1.0,0.0,1.0,A
BR_00046,CR_TK_055,1.0,1.0,0.0,1.0,A
BR_00046,CR_TK_063,1.0,1.0,0.0,1.0,A
BR_00046,CR_TK_071,1.0,1.0,0.0,1.0,A
BR_00046,CR_TK_077,1.0,1.0,0.0,1.0,A
BR_00046,CR_TK_078,1.0,1.0,0.0,1.0,A
BR_00046,CR_TK_081,1.0,1.0,0.0,1.0,A
BR_00046,CR_TK_084,1.0,1.0,0.0,1.0,A
BR_00046,CR_TK_087,1.0,1.0,0.0,1.0,A
BR_00046,CR_TK_088,1.0,1.0,0.0,1.0,A
BR_00046,CR_TK_090,1.0,1.0,0.0,1.0,A
BR_00046,CR_TK_091,1.0,1.0,0.0,1.0,A
BR_00046,CR_TK_101,1.0,1.0,0.0,1.0,A
BR_00046,CR_TK_111,1.0,1.0,0.0,1.0,A
BR_00046,CR_TK_121,1.0,1.0,0.0,1.0,A
BR_00046,CR_TK_131,1.0,1.0,0.0,1.0,A
BR_00046,CR_TK_132,1.0,1.0,0.0,1.0,A
BR_00046,CR_TK_149,1.0,1.0,0.0,1.0,A
BR_00046,CR_TK_150,1.0,1.0,0.0,1.0,A
BR_00046,CR_TK_156,1.0,1.0,0.0,1.0,A
BR_00046,CR_TK_162,1.0,1.0,0.0,1.0,A
BR_00046,CR_TK_177,1.0,1.0,0.0,1.0,A
BR_00046,CR_TK_188,1.0,1.0,0.0,1.0,A
BR_00047,CR_YT_003,1.0,0.5,0.0,0.75,C
BR_00047,CR_YT_007,1.0,1.0,0.82,0.928,A
BR_00047,CR_YT_012,1.0,0.75,0.0,0.875,B
BR_00047,CR_YT_020,0.5,1.0,0.0,0.75,C
BR_00047,CR_YT_022,1.0,0.75,0.0,0.875,B
BR_00047,CR_YT_031,1.0,0.5,0.0,0.75,C
BR_00047,CR_YT_032,0.5,0.75,0.0,0.625,D
BR_00047,CR_YT_033,0.5,0.75,0.0,0.625,D
BR_00047,CR_YT_040,1.0,0.75,0.0,0.875,B
BR_00047,CR_YT_041,1.0,1.0,0.0,1.0,A
BR_00047,CR_YT_042,0.5,0.75,0.0,0.625,D
BR_00047,CR_YT_045,1.0,0.75,0.0,0.875,B
BR_00047,CR_YT_046,1.0,0.75,0.0,0.875,B
BR_00047,CR_YT_047,1.0,1.0,0.0,1.0,A
BR_00047,CR_YT_048,1.0,0.75,0.0,0.875,B
BR_00047,CR_YT_049,1.0,1.0,0.0,1.0,A
BR_00047,CR_YT_051,1.0,0.75,0.0,0.875,B
BR_00047,CR_YT_054,1.0,0.75,0.0,0.875,B
BR_00047,CR_YT_058,1.0,0.5,0.64,0.706,C
BR_00047,CR_YT_060,1.0,0.75,0.0,0.875,B
BR_00047,CR_YT_061,1.0,0.75,0.0,0.875,B
BR_00047,CR_YT_062,1.0,0.5,0.0,0.75,C
BR_00047,CR_YT_067,1.0,0.75,0.0,0.875,B
BR_00047,CR_YT_068,1.0,0.75,0.0,0.875,B
BR_00047,CR_YT_070,0.5,0.75,0.0,0.625,D
BR_00047,CR_YT_071,1.0,1.0,0.0,1.0,A
BR_00047,CR_YT_073,1.0,0.75,0.0,0.875,B
BR_00047,CR_YT_075,0.5,0.75,0.0,0.625,D
BR_00047,CR_YT_079,1.0,0.75,0.0,0.875,B
BR_00047,CR_YT_085,1.0,1.0,0.0,1.0,A
BR_00047,CR_YT_088,1.0,1.0,0.0,1.0,A
BR_00047,CR_YT_091,1.0,0.5,0.0,0.75,C
BR_00047,CR_YT_099,1.0,0.5,0.0,0.75,C
BR_00047,CR_YT_102,1.0,0.75,0.92,0.893,B
BR_00047,CR_YT_111,1.0,1.0,0.0,1.0,A
BR_00047,CR_YT_115,1.0,1.0,0.0,1.0,A
BR_00047,CR_YT_120,1.0,0.75,0.0,0.875,B
BR_00047,CR_YT_122,0.5,0.75,0.0,0.625,D
BR_00047,CR_YT_123,1.0,0.5,0.0,0.75,C
BR_00047,CR_YT_125,1.0,0.75,0.0,0.875,B
BR_00047,CR_YT_126,0.5,0.75,0.68,0.647,D
BR_00047,CR_YT_129,0.5,0.5,0.0,0.5,D
BR_00047,CR_YT_130,0.5,1.0,0.0,0.75,C
BR_00047,CR_YT_133,1.0,0.5,0.0,0.75,C
BR_00047,CR_YT_135,1.0,0.75,0.0,0.875,B
BR_00047,CR_YT_136,1.0,0.5,0.64,0.706,C
BR_00047,CR_YT_138,1.0,0.75,0.0,0.875,B
BR_00047,CR_YT_146,0.5,0.75,0.0,0.625,D
BR_00047,CR_YT_148,1.0,0.5,0.0,0.75,C
BR_00047,CR_YT_158,1.0,0.5,0.0,0.75,C
BR_00047,CR_YT_162,0.5,0.75,0.0,0.625,D
BR_00047,CR_YT_163,1.0,0.5,0.0,0.75,C
BR_00047,CR_YT_167,0.5,0.75,0.0,0.625,D
BR_00047,CR_YT_171,1.0,1.0,0.0,1.0,A
BR_00047,CR_YT_179,1.0,0.5,0.0,0.75,C
BR_00047,CR_YT_183,0.5,0.75,0.0,0.625,D
BR_00047,CR_YT_184,0.5,0.75,1.0,0.775,C
BR_00047,CR_YT_186,1.0,0.75,0.0,0.875,B
BR_00047,CR_YT_193,1.0,0.75,0.0,0.875,B
BR_00047,CR_YT_203,1.0,0.5,0.0,0.75,C
BR_00047,CR_YT_212,0.5,0.75,0.9,0.735,C
BR_00047,CR_YT_214,1.0,1.0,0.0,1.0,A
BR_00047,CR_YT_217,1.0,0.5,0.86,0.794,C
BR_00047,CR_YT_221,1.0,0.75,0.0,0.875,B
BR_00047,CR_YT_223,1.0,0.5,0.0,0.75,C
BR_00047,CR_YT_226,1.0,0.5,0.56,0.674,D
BR_00047,CR_YT_228,1.0,1.0,0.0,1.0,A
BR_00047,CR_YT_230,1.0,0.75,0.0,0.875,B
BR_00047,CR_YT_231,0.5,0.75,0.62,0.623,D
BR_00047,CR_YT_237,1.0,0.5,0.86,0.794,C
BR_00047,CR_YT_243,1.0,0.5,0.0,0.75,C
BR_00047,CR_YT_244,1.0,1.0,0.0,1.0,A
BR_00047,CR_YT_245,1.0,1.0,0.0,1.0,A
BR_00047,CR_YT_258,0.5,0.5,0.0,0.5,D
BR_00047,CR_YT_260,1.0,0.5,0.0,0.75,C
BR_00047,CR_YT_270,0.5,1.0,0.0,0.75,C
BR_00047,CR_YT_273,1.0,0.75,0.0,0.875,B
BR_00047,CR_YT_276,1.0,0.75,0.0,0.875,B
BR_00047,CR_YT_281,1.0,0.75,0.0,0.875,B
BR_00047,CR_YT_283,1.0,0.5,0.0,0.75,C
BR_00047,CR_YT_288,1.0,0.5,0.0,0.75,C
BR_00047,CR_YT_299,0.5,0.75,0.0,0.625,D
BR_00047,CR_YT_300,1.0,0.75,0.0,0.875,B
BR_00047,CR_TK_006,0.5,0.75,0.0,0.625,D
BR_00047,CR_TK_011,1.0,1.0,0.8,0.92,A
BR_00047,CR_TK_015,1.0,0.75,0.0,0.875,B
BR_00047,CR_TK_016,1.0,0.75,0.0,0.875,B
BR_00047,CR_TK_018,1.0,0.75,0.0,0.875,B
BR_00047,CR_TK_020,1.0,0.75,0.0,0.875,B
BR_00047,CR_TK_021,1.0,0.75,0.0,0.875,B
BR_00047,CR_TK_022,1.0,0.5,0.0,0.75,C
BR_00047,CR_TK_023,1.0,1.0,0.0,1.0,A
BR_00047,CR_TK_026,0.5,0.75,0.0,0.625,D
BR_00047,CR_TK_027,1.0,0.5,0.0,0.75,C
BR_00047,CR_TK_028,1.0,0.5,0.0,0.75,C
BR_00047,CR_TK_032,0.5,0.75,0.0,0.625,D
BR_00047,CR_TK_034,1.0,0.5,0.0,0.75,C
BR_00047,CR_TK_041,0.5,1.0,0.0,0.75,C
BR_00047,CR_TK_042,1.0,0.5,0.0,0.75,C
BR_00047,CR_TK_045,0.5,1.0,0.0,0.75,C
BR_00047,CR_TK_046,0.5,1.0,0.0,0.75,C
BR_00047,CR_TK_051,1.0,0.75,0.0,0.875,B
BR_00047,CR_TK_055,1.0,0.5,0.0,0.75,C
BR_00047,CR_TK_057,1.0,0.75,0.0,0.875,B
BR_00047,CR_TK_058,0.5,0.75,0.0,0.625,D
BR_00047,CR_TK_061,1.0,1.0,0.0,1.0,A
BR_00047,CR_TK_063,1.0,0.75,0.0,0.875,B
BR_00047,CR_TK_074,1.0,0.75,0.0,0.875,B
BR_00047,CR_TK_076,1.0,0.75,0.62,0.773,C
BR_00047,CR_TK_077,1.0,0.75,0.0,0.875,B
BR_00047,CR_TK_078,1.0,0.5,0.0,0.75,C
BR_00047,CR_TK_081,1.0,0.5,0.0,0.75,C
BR_00047,CR_TK_084,1.0,0.75,0.0,0.875,B
BR_00047,CR_TK_086,0.5,0.75,0.0,0.625,D
BR_00047,CR_TK_087,1.0,0.5,0.0,0.75,C
BR_00047,CR_TK_088,1.0,0.5,0.0,0.75,C
BR_00047,CR_TK_091,1.0,0.5,0.0,0.75,C
BR_00047,CR_TK_108,1.0,0.75,0.0,0.875,B
BR_00047,CR_TK_118,0.5,0.75,0.0,0.625,D
BR_00047,CR_TK_120,1.0,0.75,0.0,0.875,B
BR_00047,CR_TK_128,0.5,0.75,0.0,0.625,D
BR_00047,CR_TK_134,0.5,1.0,0.0,0.75,C
BR_00047,CR_TK_140,1.0,1.0,0.0,1.0,A
BR_00047,CR_TK_142,1.0,1.0,0.0,1.0,A
BR_00047,CR_TK_146,1.0,0.75,0.94,0.901,A
BR_00047,CR_TK_150,1.0,0.5,0.0,0.75,C
BR_00047,CR_TK_152,1.0,1.0,0.0,1.0,A
BR_00047,CR_TK_156,1.0,0.5,0.0,0.75,C
BR_00047,CR_TK_159,0.5,0.75,0.0,0.625,D
BR_00047,CR_TK_161,1.0,0.75,0.0,0.875,B
BR_00047,CR_TK_162,1.0,0.5,0.0,0.75,C
BR_00047,CR_TK_165,1.0,1.0,0.0,1.0,A
BR_00047,CR_TK_166,1.0,1.0,0.0,1.0,A
BR_00047,CR_TK_171,1.0,0.75,0.0,0.875,B
BR_00047,CR_TK_175,1.0,0.75,0.0,0.875,B
BR_00047,CR_TK_179,0.5,0.75,0.0,0.625,D
BR_00047,CR_TK_191,1.0,1.0,0.0,1.0,A
BR_00047,CR_TK_192,1.0,1.0,0.82,0.928,A
BR_00047,CR_TK_196,1.0,0.75,0.0,0.875,B
BR_00047,CR_TK_197,0.5,0.75,0.0,0.625,D
BR_00047,CR_TK_199,0.5,1.0,0.0,0.75,C
BR_00048,CR_YT_003,1.0,0.5,0.0,0.75,C
BR_00048,CR_YT_005,1.0,0.5,0.0,0.75,C
BR_00048,CR_YT_006,1.0,0.5,0.72,0.738,C
BR_00048,CR_YT_009,1.0,0.25,0.0,0.625,D
BR_00048,CR_YT_010,1.0,0.5,0.0,0.75,C
BR_00048,CR_YT_015,1.0,0.5,0.0,0.75,C
BR_00048,CR_YT_023,1.0,0.75,0.0,0.875,B
BR_00048,CR_YT_029,1.0,0.5,0.0,0.75,C
BR_00048,CR_YT_031,1.0,0.5,0.0,0.75,C
BR_00048,CR_YT_036,1.0,0.5,0.0,0.75,C
BR_00048,CR_YT_039,1.0,0.75,0.0,0.875,B
BR_00048,CR_YT_040,1.0,0.5,0.0,0.75,C
BR_00048,CR_YT_048,1.0,0.75,0.0,0.875,B
BR_00048,CR_YT_057,1.0,0.5,0.0,0.75,C
BR_00048,CR_YT_058,1.0,0.5,0.0,0.75,C
BR_00048,CR_YT_060,1.0,0.75,0.0,0.875,B
BR_00048,CR_YT_062,1.0,0.5,0.0,0.75,C
BR_00048,CR_YT_068,1.0,0.5,0.0,0.75,C
BR_00048,CR_YT_073,1.0,0.75,0.0,0.875,B
BR_00048,CR_YT_077,1.0,0.5,0.0,0.75,C
BR_00048,CR_YT_079,1.0,0.75,0.78,0.837,B
BR_00048,CR_YT_090,1.0,0.5,0.0,0.75,C
BR_00048,CR_YT_091,1.0,0.5,0.0,0.75,C
BR_00048,CR_YT_092,1.0,0.5,0.0,0.75,C
BR_00048,CR_YT_099,1.0,0.5,0.0,0.75,C
BR_00048,CR_YT_102,1.0,0.75,0.0,0.875,B
BR_00048,CR_YT_107,1.0,0.5,0.0,0.75,C
BR_00048,CR_YT_108,1.0,0.5,0.0,0.75,C
BR_00048,CR_YT_110,1.0,0.5,0.0,0.75,C
BR_00048,CR_YT_118,1.0,0.5,0.0,0.75,C
BR_00048,CR_YT_123,1.0,0.5,0.0,0.75,C
BR_00048,CR_YT_127,1.0,0.75,0.0,0.875,B
BR_00048,CR_YT_133,1.0,0.5,0.0,0.75,C
BR_00048,CR_YT_136,1.0,0.5,0.0,0.75,C
BR_00048,CR_YT_137,1.0,0.5,0.0,0.75,C
BR_00048,CR_YT_139,1.0,0.5,0.0,0.75,C
BR_00048,CR_YT_148,1.0,0.5,0.0,0.75,C
BR_00048,CR_YT_151,1.0,0.5,0.0,0.75,C
BR_00048,CR_YT_157,1.0,0.5,0.0,0.75,C
BR_00048,CR_YT_158,1.0,0.5,0.0,0.75,C
BR_00048,CR_YT_163,1.0,0.5,0.0,0.75,C
BR_00048,CR_YT_170,1.0,0.5,0.0,0.75,C
BR_00048,CR_YT_179,1.0,0.5,0.0,0.75,C
BR_00048,CR_YT_187,1.0,0.75,0.0,0.875,B
BR_00048,CR_YT_189,1.0,0.5,0.86,0.794,C
BR_00048,CR_YT_203,1.0,0.5,0.0,0.75,C
BR_00048,CR_YT_207,1.0,0.75,1.0,0.925,A
BR_00048,CR_YT_208,1.0,0.75,0.0,0.875,B
BR_00048,CR_YT_210,1.0,0.5,0.96,0.834,B
BR_00048,CR_YT_215,1.0,0.75,0.0,0.875,B
BR_00048,CR_YT_216,1.0,0.5,0.0,0.75,C
BR_00048,CR_YT_217,1.0,0.5,0.0,0.75,C
BR_00048,CR_YT_223,1.0,0.5,0.0,0.75,C
BR_00048,CR_YT_226,1.0,0.5,0.0,0.75,C
BR_00048,CR_YT_234,1.0,0.5,0.0,0.75,C
BR_00048,CR_YT_237,1.0,0.5,0.76,0.754,C
BR_00048,CR_YT_243,1.0,0.5,0.0,0.75,C
BR_00048,CR_YT_256,1.0,0.5,0.0,0.75,C
BR_00048,CR_YT_257,1.0,0.5,0.0,0.75,C
BR_00048,CR_YT_260,1.0,0.5,0.0,0.75,C
BR_00048,CR_YT_264,1.0,0.5,0.0,0.75,C
BR_00048,CR_YT_269,1.0,0.5,0.0,0.75,C
BR_00048,CR_YT_273,1.0,0.75,0.0,0.875,B
BR_00048,CR_YT_274,1.0,0.5,0.0,0.75,C
BR_00048,CR_YT_275,1.0,0.5,0.0,0.75,C
BR_00048,CR_YT_276,1.0,0.5,0.0,0.75,C
BR_00048,CR_YT_283,1.0,0.5,0.0,0.75,C
BR_00048,CR_YT_288,1.0,0.5,0.0,0.75,C
BR_00048,CR_YT_297,1.0,0.5,0.0,0.75,C
BR_00048,CR_YT_300,1.0,0.75,0.0,0.875,B
BR_00048,CR_TK_001,1.0,0.5,0.0,0.75,C
BR_00048,CR_TK_009,1.0,0.5,0.0,0.75,C
BR_00048,CR_TK_016,1.0,0.75,0.0,0.875,B
BR_00048,CR_TK_022,1.0,0.5,0.0,0.75,C
BR_00048,CR_TK_024,1.0,0.75,0.0,0.875,B
BR_00048,CR_TK_027,1.0,0.5,0.0,0.75,C
BR_00048,CR_TK_028,1.0,0.5,0.86,0.794,C
BR_00048,CR_TK_034,1.0,0.5,0.0,0.75,C
BR_00048,CR_TK_035,1.0,0.5,0.0,0.75,C
BR_00048,CR_TK_042,1.0,0.5,0.0,0.75,C
BR_00048,CR_TK_052,1.0,0.5,0.0,0.75,C
BR_00048,CR_TK_055,1.0,0.5,1.0,0.85,B
BR_00048,CR_TK_063,1.0,0.5,0.0,0.75,C
BR_00048,CR_TK_064,1.0,0.5,0.0,0.75,C
BR_00048,CR_TK_077,1.0,0.75,0.0,0.875,B
BR_00048,CR_TK_078,1.0,0.5,0.0,0.75,C
BR_00048,CR_TK_079,1.0,0.5,0.0,0.75,C
BR_00048,CR_TK_081,1.0,0.5,0.0,0.75,C
BR_00048,CR_TK_084,1.0,0.5,0.0,0.75,C
BR_00048,CR_TK_087,1.0,0.5,0.0,0.75,C
BR_00048,CR_TK_088,1.0,0.5,0.0,0.75,C
BR_00048,CR_TK_089,1.0,0.75,0.86,0.869,B
BR_00048,CR_TK_091,1.0,0.5,0.8796,0.8018,B
BR_00048,CR_TK_107,1.0,0.75,0.0,0.875,B
BR_00048,CR_TK_115,1.0,0.5,0.0,0.75,C
BR_00048,CR_TK_125,1.0,0.5,0.0,0.75,C
BR_00048,CR_TK_135,1.0,0.5,0.0,0.75,C
BR_00048,CR_TK_136,1.0,0.5,0.0,0.75,C
BR_00048,CR_TK_150,1.0,0.5,0.0,0.75,C
BR_00048,CR_TK_155,1.0,0.5,0.0,0.75,C
BR_00048,CR_TK_156,1.0,0.5,0.0,0.75,C
BR_00048,CR_TK_162,1.0,0.5,0.0,0.75,C
BR_00048,CR_TK_170,1.0,0.5,0.0,0.75,C
BR_00048,CR_TK_173,1.0,0.5,0.0,0.75,C
BR_00048,CR_TK_183,1.0,0.5,0.0,0.75,C
BR_00048,CR_TK_184,1.0,0.5,0.0,0.75,C
BR_00048,CR_TK_190,1.0,0.5,0.0,0.75,C
BR_00049,CR_YT_003,1.0,0.75,0.0,0.875,B
BR_00049,CR_YT_031,1.0,1.0,0.0,1.0,A
BR_00049,CR_YT_040,1.0,1.0,0.0,1.0,A
BR_00049,CR_YT_048,1.0,1.0,0.0,1.0,A
BR_00049,CR_YT_058,1.0,0.75,0.0,0.875,B
BR_00049,CR_YT_060,1.0,1.0,0.0,1.0,A
BR_00049,CR_YT_062,1.0,1.0,0.0,1.0,A
BR_00049,CR_YT_068,1.0,1.0,0.0,1.0,A
BR_00049,CR_YT_073,1.0,1.0,0.0,1.0,A
BR_00049,CR_YT_079,1.0,1.0,0.0,1.0,A
BR_00049,CR_YT_091,1.0,0.75,0.0,0.875,B
BR_00049,CR_YT_099,1.0,0.75,0.0,0.875,B
BR_00049,CR_YT_102,1.0,1.0,0.92,0.968,A
BR_00049,CR_YT_123,1.0,0.75,0.0,0.875,B
BR_00049,CR_YT_133,1.0,0.75,0.0,0.875,B
BR_00049,CR_YT_136,1.0,0.75,0.0,0.875,B
BR_00049,CR_YT_148,1.0,0.75,0.0,0.875,B
BR_00049,CR_YT_158,1.0,0.75,0.0,0.875,B
BR_00049,CR_YT_163,1.0,0.75,0.0,0.875,B
BR_00049,CR_YT_179,1.0,1.0,0.0,1.0,A
BR_00049,CR_YT_203,1.0,0.75,0.0,0.875,B
BR_00049,CR_YT_217,1.0,0.75,0.0,0.875,B
BR_00049,CR_YT_223,1.0,0.75,0.0,0.875,B
BR_00049,CR_YT_226,1.0,1.0,0.0,1.0,A
BR_00049,CR_YT_237,1.0,0.75,0.86,0.869,B
BR_00049,CR_YT_243,1.0,0.75,0.0,0.875,B
BR_00049,CR_YT_260,1.0,0.75,0.0,0.875,B
BR_00049,CR_YT_273,1.0,1.0,0.0,1.0,A
BR_00049,CR_YT_276,1.0,1.0,0.0,1.0,A
BR_00049,CR_YT_283,1.0,0.75,0.0,0.875,B
BR_00049,CR_YT_288,1.0,1.0,0.0,1.0,A
BR_00049,CR_YT_300,1.0,1.0,0.0,1.0,A
BR_00049,CR_TK_016,1.0,1.0,0.0,1.0,A
BR_00049,CR_TK_022,1.0,0.75,0.0,0.875,B
BR_00049,CR_TK_027,1.0,0.75,0.0,0.875,B
BR_00049,CR_TK_028,1.0,0.75,0.0,0.875,B
BR_00049,CR_TK_034,1.0,0.75,0.0,0.875,B
BR_00049,CR_TK_042,1.0,0.75,0.0,0.875,B
BR_00049,CR_TK_055,1.0,0.75,0.0,0.875,B
BR_00049,CR_TK_063,1.0,1.0,0.0,1.0,A
BR_00049,CR_TK_077,1.0,1.0,0.9,0.96,A
BR_00049,CR_TK_078,1.0,0.75,0.0,0.875,B
BR_00049,CR_TK_081,1.0,0.75,0.0,0.875,B
BR_00049,CR_TK_084,1.0,1.0,0.0,1.0,A
BR_00049,CR_TK_087,1.0,0.75,0.0,0.875,B
BR_00049,CR_TK_088,1.0,0.75,0.0,0.875,B
BR_00049,CR_TK_091,1.0,1.0,0.0,1.0,A
BR_00049,CR_TK_150,1.0,0.75,0.0,0.875,B
BR_00049,CR_TK_156,1.0,0.75,0.0,0.875,B
BR_00049,CR_TK_162,1.0,0.75,0.0,0.875,B
BR_00050,CR_YT_003,1.0,0.75,0.0,0.875,B
BR_00050,CR_YT_031,1.0,0.75,0.0,0.875,B
BR_00050,CR_YT_040,1.0,1.0,0.0,1.0,A
BR_00050,CR_YT_048,1.0,1.0,0.0,1.0,A
BR_00050,CR_YT_058,1.0,0.75,0.0,0.875,B
BR_00050,CR_YT_060,1.0,1.0,0.0,1.0,A
BR_00050,CR_YT_062,1.0,0.75,0.0,0.875,B
BR_00050,CR_YT_068,1.0,1.0,0.0,1.0,A
BR_00050,CR_YT_073,1.0,1.0,0.0,1.0,A
BR_00050,CR_YT_079,1.0,1.0,0.0,1.0,A
BR_00050,CR_YT_091,1.0,0.75,0.0,0.875,B
BR_00050,CR_YT_099,1.0,0.75,0.0,0.875,B
BR_00050,CR_YT_102,1.0,1.0,0.0,1.0,A
BR_00050,CR_YT_123,1.0,0.75,0.0,0.875,B
BR_00050,CR_YT_133,1.0,0.75,0.0,0.875,B
BR_00050,CR_YT_136,1.0,0.75,0.82,0.853,B
BR_00050,CR_YT_148,1.0,0.75,0.0,0.875,B
BR_00050,CR_YT_158,1.0,0.75,0.0,0.875,B
BR_00050,CR_YT_163,1.0,0.75,0.74,0.821,B
BR_00050,CR_YT_179,1.0,0.75,0.0,0.875,B
BR_00050,CR_YT_203,1.0,0.75,0.0,0.875,B
BR_00050,CR_YT_217,1.0,0.75,0.0,0.875,B
BR_00050,CR_YT_223,1.0,0.75,0.0,0.875,B
BR_00050,CR_YT_226,1.0,0.75,0.0,0.875,B
BR_00050,CR_YT_237,1.0,0.75,0.0,0.875,B
BR_00050,CR_YT_243,1.0,0.75,0.0,0.875,B
BR_00050,CR_YT_260,1.0,0.75,0.0,0.875,B
BR_00050,CR_YT_273,1.0,1.0,0.0,1.0,A
BR_00050,CR_YT_276,1.0,1.0,0.0,1.0,A
BR_00050,CR_YT_283,1.0,0.75,0.0,0.875,B
BR_00050,CR_YT_288,1.0,0.75,0.0,0.875,B
BR_00050,CR_YT_300,1.0,1.0,0.0,1.0,A
BR_00050,CR_TK_016,1.0,1.0,0.0,1.0,A
BR_00050,CR_TK_022,1.0,0.75,0.0,0.875,B
BR_00050,CR_TK_027,1.0,0.75,0.0,0.875,B
BR_00050,CR_TK_028,1.0,0.75,0.0,0.875,B
BR_00050,CR_TK_034,1.0,0.75,0.0,0.875,B
BR_00050,CR_TK_042,1.0,0.75,0.0,0.875,B
BR_00050,CR_TK_055,1.0,0.75,0.0,0.875,B
BR_00050,CR_TK_063,1.0,1.0,0.0,1.0,A
BR_00050,CR_TK_077,1.0,1.0,0.0,1.0,A
BR_00050,CR_TK_078,1.0,0.75,0.0,0.875,B
BR_00050,CR_TK_081,1.0,0.75,0.0,0.875,B
BR_00050,CR_TK_084,1.0,1.0,0.0,1.0,A
BR_00050,CR_TK_087,1.0,0.75,0.0,0.875,B
BR_00050,CR_TK_088,1.0,0.75,1.0,0.925,A
BR_00050,CR_TK_091,1.0,0.75,0.0,0.875,B
BR_00050,CR_TK_150,1.0,0.75,0.0,0.875,B
BR_00050,CR_TK_156,1.0,0.75,0.0,0.875,B
BR_00050,CR_TK_162,1.0,0.75,0.0,0.875,B
BR_00051,CR_YT_002,1.0,0.75,0.0,0.875,B
BR_00051,CR_YT_004,1.0,0.75,0.96,0.909,A
BR_00051,CR_YT_034,1.0,0.75,0.0,0.875,B
BR_00051,CR_YT_038,1.0,0.75,0.0,0.875,B
BR_00051,CR_YT_055,1.0,0.75,0.0,0.875,B
BR_00051,CR_YT_063,1.0,0.75,0.0,0.875,B
BR_00051,CR_YT_078,1.0,1.0,0.0,1.0,A
BR_00051,CR_YT_093,1.0,1.0,0.0,1.0,A
BR_00051,CR_YT_095,1.0,0.75,0.0,0.875,B
BR_00051,CR_YT_117,1.0,0.75,0.0,0.875,B
BR_00051,CR_YT_121,1.0,1.0,0.0,1.0,A
BR_00051,CR_YT_128,1.0,1.0,0.0,1.0,A
BR_00051,CR_YT_141,1.0,1.0,0.0,1.0,A
BR_00051,CR_YT_142,1.0,1.0,0.0,1.0,A
BR_00051,CR_YT_143,1.0,0.75,0.0,0.875,B
BR_00051,CR_YT_149,1.0,0.75,0.0,0.875,B
BR_00051,CR_YT_150,1.0,1.0,0.0,1.0,A
BR_00051,CR_YT_154,1.0,1.0,0.0,1.0,A
BR_00051,CR_YT_169,1.0,0.75,0.0,0.875,B
BR_00051,CR_YT_178,1.0,0.75,0.0,0.875,B
BR_00051,CR_YT_185,1.0,0.75,0.0,0.875,B
BR_00051,CR_YT_194,1.0,1.0,0.0,1.0,A
BR_00051,CR_YT_253,1.0,1.0,0.0,1.0,A
BR_00051,CR_YT_266,1.0,1.0,0.0,1.0,A
BR_00051,CR_YT_267,1.0,0.75,0.0,0.875,B
BR_00051,CR_YT_290,1.0,1.0,0.0,1.0,A
BR_00051,CR_YT_296,1.0,0.75,0.0,0.875,B
BR_00051,CR_TK_019,1.0,1.0,0.0,1.0,A
BR_00051,CR_TK_025,1.0,1.0,0.0,1.0,A
BR_00051,CR_TK_038,1.0,1.0,0.86,0.944,A
BR_00051,CR_TK_040,1.0,0.75,0.0,0.875,B
BR_00051,CR_TK_053,1.0,1.0,0.0,1.0,A
BR_00051,CR_TK_060,1.0,1.0,0.0,1.0,A
BR_00051,CR_TK_067,1.0,1.0,0.0,1.0,A
BR_00051,CR_TK_073,1.0,1.0,0.0,1.0,A
BR_00051,CR_TK_080,1.0,1.0,0.0,1.0,A
BR_00051,CR_TK_095,1.0,1.0,0.0,1.0,A
BR_00051,CR_TK_102,1.0,0.75,0.0,0.875,B
BR_00051,CR_TK_106,1.0,1.0,0.0,1.0,A
BR_00051,CR_TK_109,1.0,1.0,0.0,1.0,A
BR_00051,CR_TK_117,1.0,0.75,0.0,0.875,B
BR_00051,CR_TK_126,1.0,1.0,0.0,1.0,A
BR_00051,CR_TK_127,1.0,1.0,0.0,1.0,A
BR_00051,CR_TK_139,1.0,1.0,0.0,1.0,A
BR_00051,CR_TK_143,1.0,1.0,0.0,1.0,A
BR_00051,CR_TK_147,1.0,0.75,0.0,0.875,B
BR_00051,CR_TK_151,1.0,1.0,0.0,1.0,A
BR_00051,CR_TK_164,1.0,1.0,0.0,1.0,A
BR_00051,CR_TK_180,1.0,0.75,0.0,0.875,B
BR_00052,CR_YT_001,1.0,1.0,0.0,1.0,A
BR_00052,CR_YT_013,1.0,1.0,0.0,1.0,A
BR_00052,CR_YT_019,1.0,1.0,0.0,1.0,A
BR_00052,CR_YT_044,1.0,1.0,0.0,1.0,A
BR_00052,CR_YT_053,1.0,1.0,0.0,1.0,A
BR_00052,CR_YT_064,1.0,1.0,0.0,1.0,A
BR_00052,CR_YT_065,1.0,0.75,0.0,0.875,B
BR_00052,CR_YT_080,1.0,1.0,0.0,1.0,A
BR_00052,CR_YT_081,1.0,1.0,0.0,1.0,A
BR_00052,CR_YT_083,1.0,0.75,0.0,0.875,B
BR_00052,CR_YT_087,1.0,1.0,0.0,1.0,A
BR_00052,CR_YT_104,1.0,1.0,0.0,1.0,A
BR_00052,CR_YT_106,1.0,1.0,0.88,0.952,A
BR_00052,CR_YT_109,1.0,1.0,0.0,1.0,A
BR_00052,CR_YT_134,1.0,0.75,1.0,0.925,A
BR_00052,CR_YT_161,1.0,1.0,0.0,1.0,A
BR_00052,CR_YT_172,1.0,1.0,0.0,1.0,A
BR_00052,CR_YT_195,1.0,0.5,0.0,0.75,C
BR_00052,CR_YT_202,1.0,1.0,0.0,1.0,A
BR_00052,CR_YT_225,1.0,1.0,0.0,1.0,A
BR_00052,CR_YT_227,1.0,0.75,0.0,0.875,B
BR_00052,CR_YT_229,1.0,0.75,0.0,0.875,B
BR_00052,CR_YT_241,1.0,0.75,0.0,0.875,B
BR_00052,CR_YT_252,1.0,1.0,0.0,1.0,A
BR_00052,CR_YT_255,1.0,0.75,0.0,0.875,B
BR_00052,CR_YT_277,1.0,0.75,0.0,0.875,B
BR_00052,CR_YT_278,1.0,1.0,0.54,0.816,B
BR_00052,CR_YT_279,1.0,1.0,0.0,1.0,A
BR_00052,CR_YT_285,1.0,1.0,0.0,1.0,A
BR_00052,CR_YT_294,1.0,1.0,0.0,1.0,A
BR_00052,CR_TK_008,1.0,0.75,0.0,0.875,B
BR_00052,CR_TK_012,1.0,1.0,0.0,1.0,A
BR_00052,CR_TK_014,1.0,1.0,0.0,1.0,A
BR_00052,CR_TK_030,1.0,1.0,0.0,1.0,A
BR_00052,CR_TK_048,1.0,1.0,0.0,1.0,A
BR_00052,CR_TK_050,1.0,1.0,0.0,1.0,A
BR_00052,CR_TK_065,1.0,1.0,0.0,1.0,A
BR_00052,CR_TK_092,1.0,0.75,0.0,0.875,B
BR_00052,CR_TK_099,1.0,1.0,0.0,1.0,A
BR_00052,CR_TK_110,1.0,1.0,0.0,1.0,A
BR_00052,CR_TK_113,1.0,0.75,0.86,0.869,B
BR_00052,CR_TK_124,1.0,0.75,0.0,0.875,B
BR_00052,CR_TK_133,1.0,0.75,0.0,0.875,B
BR_00052,CR_TK_137,1.0,0.75,0.0,0.875,B
BR_00052,CR_TK_141,1.0,1.0,0.0,1.0,A
BR_00052,CR_TK_145,1.0,1.0,0.0,1.0,A
BR_00052,CR_TK_157,1.0,0.75,0.0,0.875,B
BR_00052,CR_TK_160,1.0,0.75,0.0,0.875,B
BR_00052,CR_TK_181,1.0,0.75,0.0,0.875,B
BR_00052,CR_TK_195,1.0,1.0,0.0,1.0,A
BR_00052,CR_TK_198,1.0,0.75,0.0,0.875,B
BR_00052,CR_TK_200,1.0,1.0,0.0,1.0,A
BR_00053,CR_YT_003,1.0,0.5,1.0,0.85,B
BR_00053,CR_YT_005,1.0,0.5,0.0,0.75,C
BR_00053,CR_YT_006,1.0,0.5,0.0,0.75,C
BR_00053,CR_YT_009,1.0,0.25,0.0,0.625,D
BR_00053,CR_YT_010,1.0,0.75,0.0,0.875,B
BR_00053,CR_YT_015,1.0,0.75,0.0,0.875,B
BR_00053,CR_YT_023,1.0,0.75,0.0,0.875,B
BR_00053,CR_YT_029,1.0,0.75,0.0,0.875,B
BR_00053,CR_YT_031,1.0,0.75,0.0,0.875,B
BR_00053,CR_YT_036,1.0,0.5,0.0,0.75,C
BR_00053,CR_YT_039,1.0,0.75,0.0,0.875,B
BR_00053,CR_YT_040,1.0,0.75,0.98,0.917,A
BR_00053,CR_YT_048,1.0,0.75,0.0,0.875,B
BR_00053,CR_YT_057,1.0,0.75,0.82,0.853,B
BR_00053,CR_YT_058,1.0,0.5,0.0,0.75,C
BR_00053,CR_YT_060,1.0,0.75,0.0,0.875,B
BR_00053,CR_YT_062,1.0,0.75,0.0,0.875,B
BR_00053,CR_YT_068,1.0,0.75,0.0,0.875,B
BR_00053,CR_YT_073,1.0,0.75,0.0,0.875,B
BR_00053,CR_YT_077,1.0,0.5,0.0,0.75,C
BR_00053,CR_YT_079,1.0,0.75,0.0,0.875,B
BR_00053,CR_YT_090,1.0,0.5,0.0,0.75,C
BR_00053,CR_YT_091,1.0,0.5,0.0,0.75,C
BR_00053,CR_YT_092,1.0,0.5,0.0,0.75,C
BR_00053,CR_YT_099,1.0,0.5,0.0,0.75,C
BR_00053,CR_YT_102,1.0,0.75,1.0,0.925,A
BR_00053,CR_YT_107,1.0,0.75,0.0,0.875,B
BR_00053,CR_YT_108,1.0,0.75,0.0,0.875,B
BR_00053,CR_YT_110,1.0,0.75,0.0,0.875,B
BR_00053,CR_YT_118,1.0,0.5,0.0,0.75,C
BR_00053,CR_YT_123,1.0,0.5,0.0,0.75,C
BR_00053,CR_YT_127,1.0,0.75,0.0,0.875,B
BR_00053,CR_YT_133,1.0,0.5,0.0,0.75,C
BR_00053,CR_YT_136,1.0,0.5,0.0,0.75,C
BR_00053,CR_YT_137,1.0,0.5,0.0,0.75,C
BR_00053,CR_YT_139,1.0,0.75,0.7,0.805,B
BR_00053,CR_YT_148,1.0,0.5,0.0,0.75,C
BR_00053,CR_YT_151,1.0,0.5,0.0,0.75,C
BR_00053,CR_YT_157,1.0,0.5,0.0,0.75,C
BR_00053,CR_YT_158,1.0,0.5,0.0,0.75,C
BR_00053,CR_YT_163,1.0,0.5,0.0,0.75,C
BR_00053,CR_YT_170,1.0,0.75,0.0,0.875,B
BR_00053,CR_YT_179,1.0,0.75,0.0,0.875,B
BR_00053,CR_YT_187,1.0,0.75,0.0,0.875,B
BR_00053,CR_YT_189,1.0,0.5,0.0,0.75,C
BR_00053,CR_YT_203,1.0,0.5,0.0,0.75,C
BR_00053,CR_YT_207,1.0,0.75,0.0,0.875,B
BR_00053,CR_YT_208,1.0,0.75,0.0,0.875,B
BR_00053,CR_YT_210,1.0,0.75,0.0,0.875,B
BR_00053,CR_YT_215,1.0,0.75,0.0,0.875,B
BR_00053,CR_YT_216,1.0,0.5,0.0,0.75,C
BR_00053,CR_YT_217,1.0,0.5,0.0,0.75,C
BR_00053,CR_YT_223,1.0,0.75,0.0,0.875,B
BR_00053,CR_YT_226,1.0,0.75,0.0,0.875,B
BR_00053,CR_YT_234,1.0,0.75,0.0,0.875,B
BR_00053,CR_YT_237,1.0,0.75,0.0,0.875,B
BR_00053,CR_YT_243,1.0,0.5,0.0,0.75,C
BR_00053,CR_YT_256,1.0,0.5,0.0,0.75,C
BR_00053,CR_YT_257,1.0,0.75,0.0,0.875,B
BR_00053,CR_YT_260,1.0,0.5,0.0,0.75,C
BR_00053,CR_YT_264,1.0,0.5,1.0,0.85,B
BR_00053,CR_YT_269,1.0,0.5,0.0,0.75,C
BR_00053,CR_YT_273,1.0,0.75,0.0,0.875,B
BR_00053,CR_YT_274,1.0,0.5,0.0,0.75,C
BR_00053,CR_YT_275,1.0,0.75,0.0,0.875,B
BR_00053,CR_YT_276,1.0,0.75,0.0,0.875,B
BR_00053,CR_YT_283,1.0,0.5,0.0,0.75,C
BR_00053,CR_YT_288,1.0,0.75,0.0,0.875,B
BR_00053,CR_YT_297,1.0,0.5,0.0,0.75,C
BR_00053,CR_YT_300,1.0,0.75,0.0,0.875,B
BR_00053,CR_TK_001,1.0,0.5,0.0,0.75,C
BR_00053,CR_TK_009,1.0,0.75,0.0,0.875,B
BR_00053,CR_TK_016,1.0,0.75,0.0,0.875,B
BR_00053,CR_TK_022,1.0,0.5,0.76,0.754,C
BR_00053,CR_TK_024,1.0,0.75,0.0,0.875,B
BR_00053,CR_TK_027,1.0,0.5,0.68,0.722,C
BR_00053,CR_TK_028,1.0,0.5,0.0,0.75,C
BR_00053,CR_TK_034,1.0,0.5,0.0,0.75,C
BR_00053,CR_TK_035,1.0,0.5,0.0,0.75,C
BR_00053,CR_TK_042,1.0,0.5,0.0,0.75,C
BR_00053,CR_TK_052,1.0,0.75,0.0,0.875,B
BR_00053,CR_TK_055,1.0,0.5,0.0,0.75,C
BR_00053,CR_TK_063,1.0,0.75,0.0,0.875,B
BR_00053,CR_TK_064,1.0,0.5,0.0,0.75,C
BR_00053,CR_TK_077,1.0,0.75,0.8,0.845,B
BR_00053,CR_TK_078,1.0,0.5,0.98,0.842,B
BR_00053,CR_TK_079,1.0,0.75,0.0,0.875,B
BR_00053,CR_TK_081,1.0,0.75,0.0,0.875,B
BR_00053,CR_TK_084,1.0,0.75,0.0,0.875,B
BR_00053,CR_TK_087,1.0,0.5,0.0,0.75,C
BR_00053,CR_TK_088,1.0,0.5,1.0,0.85,B
BR_00053,CR_TK_089,1.0,0.75,0.0,0.875,B
BR_00053,CR_TK_091,1.0,0.75,0.0,0.875,B
BR_00053,CR_TK_107,1.0,0.75,0.0,0.875,B
BR_00053,CR_TK_115,1.0,0.5,0.0,0.75,C
BR_00053,CR_TK_125,1.0,0.5,0.0,0.75,C
BR_00053,CR_TK_135,1.0,0.75,0.0,0.875,B
BR_00053,CR_TK_136,1.0,0.5,0.0,0.75,C
BR_00053,CR_TK_150,1.0,0.75,0.0,0.875,B
BR_00053,CR_TK_155,1.0,0.5,0.0,0.75,C
BR_00053,CR_TK_156,1.0,0.5,0.0,0.75,C
BR_00053,CR_TK_162,1.0,0.75,0.0,0.875,B
BR_00053,CR_TK_170,1.0,0.5,0.0,0.75,C
BR_00053,CR_TK_173,1.0,0.5,0.0,0.75,C
BR_00053,CR_TK_183,1.0,0.5,0.0,0.75,C
BR_00053,CR_TK_184,1.0,0.5,0.0,0.75,C
BR_00053,CR_TK_190,1.0,0.75,0.0,0.875,B
BR_00054,CR_YT_003,1.0,0.75,0.0,0.875,B
BR_00054,CR_YT_007,1.0,1.0,0.0,1.0,A
BR_00054,CR_YT_012,1.0,0.75,0.0,0.875,B
BR_00054,CR_YT_020,0.5,1.0,0.0,0.75,C
BR_00054,CR_YT_022,1.0,0.75,0.0,0.875,B
BR_00054,CR_YT_031,1.0,0.75,0.0,0.875,B
BR_00054,CR_YT_032,0.5,1.0,0.0,0.75,C
BR_00054,CR_YT_033,0.5,0.75,0.0,0.625,D
BR_00054,CR_YT_040,1.0,0.75,1.0,0.925,A
BR_00054,CR_YT_041,1.0,1.0,0.0,1.0,A
BR_00054,CR_YT_042,0.5,1.0,0.0,0.75,C
BR_00054,CR_YT_045,1.0,1.0,0.0,1.0,A
BR_00054,CR_YT_046,1.0,1.0,0.0,1.0,A
BR_00054,CR_YT_047,1.0,1.0,0.0,1.0,A
BR_00054,CR_YT_048,1.0,0.75,0.0,0.875,B
BR_00054,CR_YT_049,1.0,1.0,0.0,1.0,A
BR_00054,CR_YT_051,1.0,0.75,0.0,0.875,B
BR_00054,CR_YT_054,1.0,1.0,0.0,1.0,A
BR_00054,CR_YT_058,1.0,0.75,0.78,0.837,B
BR_00054,CR_YT_060,1.0,0.75,0.0,0.875,B
BR_00054,CR_YT_061,1.0,1.0,0.0,1.0,A
BR_00054,CR_YT_062,1.0,0.75,0.0,0.875,B
BR_00054,CR_YT_067,1.0,1.0,0.0,1.0,A
BR_00054,CR_YT_068,1.0,0.75,0.0,0.875,B
BR_00054,CR_YT_070,0.5,1.0,0.0,0.75,C
BR_00054,CR_YT_071,1.0,1.0,0.0,1.0,A
BR_00054,CR_YT_073,1.0,0.75,0.76,0.829,B
BR_00054,CR_YT_075,0.5,1.0,0.0,0.75,C
BR_00054,CR_YT_079,1.0,0.75,0.0,0.875,B
BR_00054,CR_YT_085,1.0,1.0,0.0,1.0,A
BR_00054,CR_YT_088,1.0,1.0,0.0,1.0,A
BR_00054,CR_YT_091,1.0,0.75,0.0,0.875,B
BR_00054,CR_YT_099,1.0,0.75,0.0,0.875,B
BR_00054,CR_YT_102,1.0,0.75,0.0,0.875,B
BR_00054,CR_YT_111,1.0,1.0,0.0,1.0,A
BR_00054,CR_YT_115,1.0,1.0,0.0,1.0,A
BR_00054,CR_YT_120,1.0,0.75,0.0,0.875,B
BR_00054,CR_YT_122,0.5,1.0,0.0,0.75,C
BR_00054,CR_YT_123,1.0,0.5,0.0,0.75,C
BR_00054,CR_YT_125,1.0,1.0,0.0,1.0,A
BR_00054,CR_YT_126,0.5,1.0,0.0,0.75,C
BR_00054,CR_YT_129,0.5,0.75,0.0,0.625,D
BR_00054,CR_YT_130,0.5,1.0,0.0,0.75,C
BR_00054,CR_YT_133,1.0,0.75,0.0,0.875,B
BR_00054,CR_YT_135,1.0,1.0,0.0,1.0,A
BR_00054,CR_YT_136,1.0,0.5,0.0,0.75,C
BR_00054,CR_YT_138,1.0,1.0,0.92,0.968,A
BR_00054,CR_YT_146,0.5,1.0,0.0,0.75,C
BR_00054,CR_YT_148,1.0,0.75,0.0,0.875,B
BR_00054,CR_YT_158,1.0,0.75,0.0,0.875,B
BR_00054,CR_YT_162,0.5,1.0,0.0,0.75,C
BR_00054,CR_YT_163,1.0,0.75,0.0,0.875,B
BR_00054,CR_YT_167,0.5,1.0,0.0,0.75,C
BR_00054,CR_YT_171,1.0,1.0,0.0,1.0,A
BR_00054,CR_YT_179,1.0,0.75,0.0,0.875,B
BR_00054,CR_YT_183,0.5,1.0,0.0,0.75,C
BR_00054,CR_YT_184,0.5,1.0,1.0,0.85,B
BR_00054,CR_YT_186,1.0,1.0,0.0,1.0,A
BR_00054,CR_YT_193,1.0,1.0,0.0,1.0,A
BR_00054,CR_YT_203,1.0,0.75,0.0,0.875,B
BR_00054,CR_YT_212,0.5,1.0,1.0,0.85,B
BR_00054,CR_YT_214,1.0,1.0,0.0,1.0,A
BR_00054,CR_YT_217,1.0,0.75,0.0,0.875,B
BR_00054,CR_YT_221,1.0,1.0,0.0,1.0,A
BR_00054,CR_YT_223,1.0,0.75,0.0,0.875,B
BR_00054,CR_YT_226,1.0,0.75,0.0,0.875,B
BR_00054,CR_YT_228,1.0,1.0,0.0,1.0,A
BR_00054,CR_YT_230,1.0,1.0,0.0,1.0,A
BR_00054,CR_YT_231,0.5,0.75,0.0,0.625,D
BR_00054,CR_YT_237,1.0,0.75,0.0,0.875,B
BR_00054,CR_YT_243,1.0,0.75,0.0,0.875,B
BR_00054,CR_YT_244,1.0,1.0,0.8,0.92,A
BR_00054,CR_YT_245,1.0,1.0,0.0,1.0,A
BR_00054,CR_YT_258,0.5,0.75,0.46,0.559,D
BR_00054,CR_YT_260,1.0,0.5,0.0,0.75,C
BR_00054,CR_YT_270,0.5,1.0,0.0,0.75,C
BR_00054,CR_YT_273,1.0,0.75,0.0,0.875,B
BR_00054,CR_YT_276,1.0,0.75,0.0,0.875,B
BR_00054,CR_YT_281,1.0,1.0,0.0,1.0,A
BR_00054,CR_YT_283,1.0,0.75,0.0,0.875,B
BR_00054,CR_YT_288,1.0,0.75,0.0,0.875,B
BR_00054,CR_YT_299,0.5,0.75,0.0,0.625,D
BR_00054,CR_YT_300,1.0,0.75,0.0,0.875,B
BR_00054,CR_TK_006,0.5,0.75,0.0,0.625,D
BR_00054,CR_TK_011,1.0,1.0,0.0,1.0,A
BR_00054,CR_TK_015,1.0,1.0,0.0,1.0,A
BR_00054,CR_TK_016,1.0,0.75,0.0,0.875,B
BR_00054,CR_TK_018,1.0,1.0,0.0,1.0,A
BR_00054,CR_TK_020,1.0,1.0,0.0,1.0,A
BR_00054,CR_TK_021,1.0,1.0,0.0,1.0,A
BR_00054,CR_TK_022,1.0,0.5,0.0,0.75,C
BR_00054,CR_TK_023,1.0,1.0,0.0,1.0,A
BR_00054,CR_TK_026,0.5,1.0,0.0,0.75,C
BR_00054,CR_TK_027,1.0,0.75,0.0,0.875,B
BR_00054,CR_TK_028,1.0,0.5,0.0,0.75,C
BR_00054,CR_TK_032,0.5,1.0,0.78,0.762,C
BR_00054,CR_TK_034,1.0,0.5,0.0,0.75,C
BR_00054,CR_TK_041,0.5,1.0,0.8,0.77,C
BR_00054,CR_TK_042,1.0,0.75,0.0,0.875,B
BR_00054,CR_TK_045,0.5,1.0,0.0,0.75,C
BR_00054,CR_TK_046,0.5,1.0,0.0,0.75,C
BR_00054,CR_TK_051,1.0,1.0,0.0,1.0,A
BR_00054,CR_TK_055,1.0,0.75,0.0,0.875,B
BR_00054,CR_TK_057,1.0,0.75,0.0,0.875,B
BR_00054,CR_TK_058,0.5,1.0,0.0,0.75,C
BR_00054,CR_TK_061,1.0,1.0,0.9,0.96,A
BR_00054,CR_TK_063,1.0,0.75,0.0,0.875,B
BR_00054,CR_TK_074,1.0,1.0,0.52,0.808,B
BR_00054,CR_TK_076,1.0,1.0,0.0,1.0,A
BR_00054,CR_TK_077,1.0,0.75,0.88,0.877,B
BR_00054,CR_TK_078,1.0,0.75,0.0,0.875,B
BR_00054,CR_TK_081,1.0,0.75,0.0,0.875,B
BR_00054,CR_TK_084,1.0,0.75,0.0,0.875,B
BR_00054,CR_TK_086,0.5,1.0,0.0,0.75,C
BR_00054,CR_TK_087,1.0,0.75,0.0,0.875,B
BR_00054,CR_TK_088,1.0,0.75,0.0,0.875,B
BR_00054,CR_TK_091,1.0,0.75,0.0,0.875,B
BR_00054,CR_TK_108,1.0,1.0,0.0,1.0,A
BR_00054,CR_TK_118,0.5,1.0,0.0,0.75,C
BR_00054,CR_TK_120,1.0,1.0,0.0,1.0,A
BR_00054,CR_TK_128,0.5,1.0,0.0,0.75,C
BR_00054,CR_TK_134,0.5,1.0,0.0,0.75,C
BR_00054,CR_TK_140,1.0,1.0,0.0,1.0,A
BR_00054,CR_TK_142,1.0,1.0,0.0,1.0,A
BR_00054,CR_TK_146,1.0,1.0,0.0,1.0,A
BR_00054,CR_TK_150,1.0,0.75,0.0,0.875,B
BR_00054,CR_TK_152,1.0,1.0,0.0,1.0,A
BR_00054,CR_TK_156,1.0,0.75,0.0,0.875,B
BR_00054,CR_TK_159,0.5,0.75,0.0,0.625,D
BR_00054,CR_TK_161,1.0,1.0,0.0,1.0,A
BR_00054,CR_TK_162,1.0,0.75,0.0,0.875,B
BR_00054,CR_TK_165,1.0,1.0,0.0,1.0,A
BR_00054,CR_TK_166,1.0,1.0,0.0,1.0,A
BR_00054,CR_TK_171,1.0,1.0,0.0,1.0,A
BR_00054,CR_TK_175,1.0,1.0,0.0,1.0,A
BR_00054,CR_TK_179,0.5,0.75,0.62,0.623,D
BR_00054,CR_TK_191,1.0,1.0,0.0,1.0,A
BR_00054,CR_TK_192,1.0,1.0,0.0,1.0,A
BR_00054,CR_TK_196,1.0,0.75,0.0,0.875,B
BR_00054,CR_TK_197,0.5,0.75,0.0,0.625,D
BR_00054,CR_TK_199,0.5,1.0,0.0,0.75,C
BR_00055,CR_YT_008,1.0,0.5,0.0,0.75,C
BR_00055,CR_YT_016,1.0,0.5,0.0,0.75,C
BR_00055,CR_YT_018,1.0,0.5,0.0,0.75,C
BR_00055,CR_YT_021,1.0,0.5,0.0,0.75,C
BR_00055,CR_YT_024,1.0,0.75,0.0,0.875,B
BR_00055,CR_YT_025,1.0,0.75,0.0,0.875,B
BR_00055,CR_YT_027,1.0,0.75,0.0,0.875,B
BR_00055,CR_YT_043,1.0,0.75,0.0,0.875,B
BR_00055,CR_YT_050,1.0,1.0,0.0,1.0,A
BR_00055,CR_YT_052,1.0,0.75,0.0,0.875,B
BR_00055,CR_YT_082,1.0,0.75,0.0,0.875,B
BR_00055,CR_YT_086,1.0,0.5,0.0,0.75,C
BR_00055,CR_YT_097,1.0,0.75,0.0,0.875,B
BR_00055,CR_YT_098,1.0,0.75,0.0,0.875,B
BR_00055,CR_YT_101,1.0,0.5,0.0,0.75,C
BR_00055,CR_YT_103,1.0,0.5,0.0,0.75,C
BR_00055,CR_YT_113,1.0,1.0,0.0,1.0,A
BR_00055,CR_YT_119,1.0,0.75,0.0,0.875,B
BR_00055,CR_YT_124,1.0,1.0,0.9,0.96,A
BR_00055,CR_YT_131,1.0,1.0,0.0,1.0,A
BR_00055,CR_YT_140,1.0,0.75,0.0,0.875,B
BR_00055,CR_YT_144,1.0,0.5,0.82,0.778,C
BR_00055,CR_YT_147,1.0,0.75,0.0,0.875,B
BR_00055,CR_YT_152,1.0,0.75,0.0,0.875,B
BR_00055,CR_YT_159,1.0,0.5,0.0,0.75,C
BR_00055,CR_YT_160,1.0,1.0,0.0,1.0,A
BR_00055,CR_YT_164,1.0,1.0,0.0,1.0,A
BR_00055,CR_YT_166,1.0,1.0,0.0,1.0,A
BR_00055,CR_YT_173,1.0,0.75,0.0,0.875,B
BR_00055,CR_YT_177,1.0,0.75,0.0,0.875,B
BR_00055,CR_YT_180,1.0,1.0,0.0,1.0,A
BR_00055,CR_YT_182,1.0,0.75,0.0,0.875,B
BR_00055,CR_YT_191,1.0,1.0,0.0,1.0,A
BR_00055,CR_YT_197,1.0,0.25,0.0,0.625,D
BR_00055,CR_YT_200,1.0,0.75,0.0,0.875,B
BR_00055,CR_YT_201,1.0,0.75,0.0,0.875,B
BR_00055,CR_YT_219,1.0,1.0,1.0,1.0,A
BR_00055,CR_YT_220,1.0,0.75,0.0,0.875,B
BR_00055,CR_YT_222,1.0,1.0,0.0,1.0,A
BR_00055,CR_YT_232,1.0,0.75,0.0,0.875,B
BR_00055,CR_YT_233,1.0,0.75,0.0,0.875,B
BR_00055,CR_YT_236,1.0,1.0,0.0,1.0,A
BR_00055,CR_YT_238,1.0,0.75,0.0,0.875,B
BR_00055,CR_YT_246,1.0,1.0,0.0,1.0,A
BR_00055,CR_YT_249,1.0,0.75,0.0,0.875,B
BR_00055,CR_YT_250,1.0,0.75,0.0,0.875,B
BR_00055,CR_YT_251,1.0,0.5,0.0,0.75,C
BR_00055,CR_YT_261,1.0,1.0,0.0,1.0,A
BR_00055,CR_YT_263,1.0,0.5,0.0,0.75,C
BR_00055,CR_YT_271,1.0,0.75,0.0,0.875,B
BR_00055,CR_YT_282,1.0,0.75,0.0,0.875,B
BR_00055,CR_YT_284,1.0,0.75,0.0,0.875,B
BR_00055,CR_YT_287,1.0,0.75,0.74,0.821,B
BR_00055,CR_YT_289,1.0,0.75,0.0,0.875,B
BR_00055,CR_YT_293,1.0,1.0,0.0,1.0,A
BR_00055,CR_YT_295,1.0,1.0,0.0,1.0,A
BR_00055,CR_TK_002,1.0,0.5,0.0,0.75,C
BR_00055,CR_TK_003,1.0,1.0,0.0,1.0,A
BR_00055,CR_TK_007,1.0,0.75,0.0,0.875,B
BR_00055,CR_TK_010,1.0,0.75,0.0,0.875,B
BR_00055,CR_TK_013,1.0,1.0,0.0,1.0,A
BR_00055,CR_TK_017,1.0,1.0,0.0,1.0,A
BR_00055,CR_TK_054,1.0,0.75,0.0,0.875,B
BR_00055,CR_TK_059,1.0,1.0,0.0,1.0,A
BR_00055,CR_TK_068,1.0,0.75,0.0,0.875,B
BR_00055,CR_TK_069,1.0,0.75,0.82,0.853,B
BR_00055,CR_TK_070,1.0,1.0,0.0,1.0,A
BR_00055,CR_TK_072,1.0,1.0,0.0,1.0,A
BR_00055,CR_TK_082,1.0,0.5,0.0,0.75,C
BR_00055,CR_TK_083,1.0,0.75,0.0,0.875,B
BR_00055,CR_TK_085,1.0,0.75,0.0,0.875,B
BR_00055,CR_TK_093,1.0,0.75,0.0,0.875,B
BR_00055,CR_TK_094,1.0,0.75,0.0,0.875,B
BR_00055,CR_TK_096,1.0,1.0,0.0,1.0,A
BR_00055,CR_TK_097,1.0,1.0,0.0,1.0,A
BR_00055,CR_TK_098,1.0,0.25,0.0,0.625,D
BR_00055,CR_TK_100,1.0,0.5,0.0,0.75,C
BR_00055,CR_TK_103,1.0,0.75,0.0,0.875,B
BR_00055,CR_TK_104,1.0,1.0,0.0,1.0,A
BR_00055,CR_TK_112,1.0,1.0,0.0,1.0,A
BR_00055,CR_TK_114,1.0,0.75,0.0,0.875,B
BR_00055,CR_TK_116,1.0,0.5,0.0,0.75,C
BR_00055,CR_TK_123,1.0,0.75,0.0,0.875,B
BR_00055,CR_TK_130,1.0,0.75,0.0,0.875,B
BR_00055,CR_TK_148,1.0,1.0,0.0,1.0,A
BR_00055,CR_TK_153,1.0,0.75,0.0,0.875,B
BR_00055,CR_TK_154,1.0,0.75,0.0,0.875,B
BR_00055,CR_TK_158,1.0,0.75,0.0,0.875,B
BR_00055,CR_TK_167,1.0,0.75,0.0,0.875,B
BR_00055,CR_TK_168,1.0,1.0,0.0,1.0,A
BR_00055,CR_TK_169,1.0,0.75,0.0,0.875,B
BR_00055,CR_TK_176,1.0,0.5,0.0,0.75,C
BR_00055,CR_TK_178,1.0,0.75,0.0,0.875,B
BR_00055,CR_TK_185,1.0,1.0,0.74,0.896,B
BR_00055,CR_TK_186,1.0,0.75,0.0,0.875,B
BR_00055,CR_TK_187,1.0,0.75,0.0,0.875,B
BR_00055,CR_TK_189,1.0,0.75,0.0,0.875,B
BR_00055,CR_TK_194,1.0,0.75,0.0,0.875,B
BR_00056,CR_YT_008,1.0,0.5,0.0,0.75,C
BR_00056,CR_YT_016,1.0,1.0,0.0,1.0,A
BR_00056,CR_YT_018,1.0,1.0,0.0,1.0,A
BR_00056,CR_YT_021,1.0,1.0,0.0,1.0,A
BR_00056,CR_YT_024,1.0,1.0,0.0,1.0,A
BR_00056,CR_YT_025,1.0,0.75,0.0,0.875,B
BR_00056,CR_YT_027,1.0,1.0,0.0,1.0,A
BR_00056,CR_YT_043,1.0,0.75,0.0,0.875,B
BR_00056,CR_YT_050,1.0,0.75,0.0,0.875,B
BR_00056,CR_YT_052,1.0,0.75,0.0,0.875,B
BR_00056,CR_YT_082,1.0,0.75,0.0,0.875,B
BR_00056,CR_YT_086,1.0,1.0,0.74,0.896,B
BR_00056,CR_YT_097,1.0,1.0,0.0,1.0,A
BR_00056,CR_YT_098,1.0,1.0,0.0,1.0,A
BR_00056,CR_YT_101,1.0,1.0,0.0,1.0,A
BR_00056,CR_YT_103,1.0,1.0,0.0,1.0,A
BR_00056,CR_YT_113,1.0,0.75,0.0,0.875,B
BR_00056,CR_YT_119,1.0,0.75,0.8,0.845,B
BR_00056,CR_YT_124,1.0,0.75,0.62,0.773,C
BR_00056,CR_YT_131,1.0,0.75,0.0,0.875,B
BR_00056,CR_YT_140,1.0,1.0,0.0,1.0,A
BR_00056,CR_YT_144,1.0,1.0,0.0,1.0,A
BR_00056,CR_YT_147,1.0,0.75,0.0,0.875,B
BR_00056,CR_YT_152,1.0,1.0,0.0,1.0,A
BR_00056,CR_YT_159,1.0,1.0,0.0,1.0,A
BR_00056,CR_YT_160,1.0,0.75,0.0,0.875,B
BR_00056,CR_YT_164,1.0,0.75,0.0,0.875,B
BR_00056,CR_YT_166,1.0,0.75,0.0,0.875,B
BR_00056,CR_YT_173,1.0,1.0,0.0,1.0,A
BR_00056,CR_YT_177,1.0,0.75,0.0,0.875,B
BR_00056,CR_YT_180,1.0,0.75,0.0,0.875,B
BR_00056,CR_YT_182,1.0,0.75,0.0,0.875,B
BR_00056,CR_YT_191,1.0,0.75,0.0,0.875,B
BR_00056,CR_YT_197,1.0,0.75,0.0,0.875,B
BR_00056,CR_YT_200,1.0,0.75,0.0,0.875,B
BR_00056,CR_YT_201,1.0,1.0,0.0,1.0,A
BR_00056,CR_YT_219,1.0,0.75,0.0,0.875,B
BR_00056,CR_YT_220,1.0,0.75,0.0,0.875,B
BR_00056,CR_YT_222,1.0,0.75,0.0,0.875,B
BR_00056,CR_YT_232,1.0,1.0,0.0,1.0,A
BR_00056,CR_YT_233,1.0,1.0,0.0,1.0,A
BR_00056,CR_YT_236,1.0,0.75,0.0,0.875,B
BR_00056,CR_YT_238,1.0,0.75,0.0,0.875,B
BR_00056,CR_YT_246,1.0,0.75,1.0,0.925,A
BR_00056,CR_YT_249,1.0,0.5,0.0,0.75,C
BR_00056,CR_YT_250,1.0,0.75,0.0,0.875,B
BR_00056,CR_YT_251,1.0,1.0,0.84,0.936,A
BR_00056,CR_YT_261,1.0,0.75,0.0,0.875,B
BR_00056,CR_YT_263,1.0,1.0,0.0,1.0,A
BR_00056,CR_YT_271,1.0,1.0,0.0,1.0,A
BR_00056,CR_YT_282,1.0,0.5,0.0,0.75,C
BR_00056,CR_YT_284,1.0,1.0,0.0,1.0,A
BR_00056,CR_YT_287,1.0,0.75,1.0,0.925,A
BR_00056,CR_YT_289,1.0,1.0,0.0,1.0,A
BR_00056,CR_YT_293,1.0,0.75,0.0,0.875,B
BR_00056,CR_YT_295,1.0,0.75,0.0,0.875,B
BR_00056,CR_TK_002,1.0,1.0,0.0,1.0,A
BR_00056,CR_TK_003,1.0,0.75,0.0,0.875,B
BR_00056,CR_TK_007,1.0,1.0,0.0,1.0,A
BR_00056,CR_TK_010,1.0,1.0,0.0,1.0,A
BR_00056,CR_TK_013,1.0,0.75,0.0,0.875,B
BR_00056,CR_TK_017,1.0,0.75,0.0,0.875,B
BR_00056,CR_TK_054,1.0,1.0,0.0,1.0,A
BR_00056,CR_TK_059,1.0,0.75,0.66,0.789,C
BR_00056,CR_TK_068,1.0,0.75,0.0,0.875,B
BR_00056,CR_TK_069,1.0,0.75,0.0,0.875,B
BR_00056,CR_TK_070,1.0,0.75,0.0,0.875,B
BR_00056,CR_TK_072,1.0,0.75,0.0,0.875,B
BR_00056,CR_TK_082,1.0,1.0,0.0,1.0,A
BR_00056,CR_TK_083,1.0,1.0,0.0,1.0,A
BR_00056,CR_TK_085,1.0,1.0,0.0,1.0,A
BR_00056,CR_TK_093,1.0,1.0,0.0,1.0,A
BR_00056,CR_TK_094,1.0,1.0,0.0,1.0,A
BR_00056,CR_TK_096,1.0,0.75,0.88,0.877,B
BR_00056,CR_TK_097,1.0,0.75,0.0,0.875,B
BR_00056,CR_TK_098,1.0,0.75,0.0,0.875,B
BR_00056,CR_TK_100,1.0,1.0,0.88,0.952,A
BR_00056,CR_TK_103,1.0,0.75,0.0,0.875,B
BR_00056,CR_TK_104,1.0,0.75,0.0,0.875,B
BR_00056,CR_TK_112,1.0,0.75,0.74,0.821,B
BR_00056,CR_TK_114,1.0,1.0,0.0,1.0,A
BR_00056,CR_TK_116,1.0,0.75,0.0,0.875,B
BR_00056,CR_TK_123,1.0,1.0,0.0,1.0,A
BR_00056,CR_TK_130,1.0,0.75,0.0,0.875,B
BR_00056,CR_TK_148,1.0,0.75,0.0,0.875,B
BR_00056,CR_TK_153,1.0,1.0,0.0,1.0,A
BR_00056,CR_TK_154,1.0,1.0,0.0,1.0,A
BR_00056,CR_TK_158,1.0,0.75,0.0,0.875,B
BR_00056,CR_TK_167,1.0,1.0,0.0,1.0,A
BR_00056,CR_TK_168,1.0,0.75,0.0,0.875,B
BR_00056,CR_TK_169,1.0,0.75,0.0,0.875,B
BR_00056,CR_TK_176,1.0,1.0,0.0,1.0,A
BR_00056,CR_TK_178,1.0,0.75,0.0,0.875,B
BR_00056,CR_TK_185,1.0,0.75,0.0,0.875,B
BR_00056,CR_TK_186,1.0,0.5,0.0,0.75,C
BR_00056,CR_TK_187,1.0,0.75,0.0,0.875,B
BR_00056,CR_TK_189,1.0,1.0,0.0,1.0,A
BR_00056,CR_TK_194,1.0,1.0,0.0,1.0,A
BR_00057,CR_YT_003,1.0,0.5,0.0,0.75,C
BR_00057,CR_YT_005,1.0,0.5,0.0,0.75,C
BR_00057,CR_YT_006,1.0,0.5,0.0,0.75,C
BR_00057,CR_YT_009,1.0,0.5,0.0,0.75,C
BR_00057,CR_YT_010,1.0,0.75,0.0,0.875,B
BR_00057,CR_YT_015,1.0,0.75,0.0,0.875,B
BR_00057,CR_YT_023,1.0,0.75,0.0,0.875,B
BR_00057,CR_YT_029,1.0,0.75,0.0,0.875,B
BR_00057,CR_YT_031,1.0,0.75,0.0,0.875,B
BR_00057,CR_YT_036,1.0,0.5,0.0,0.75,C
BR_00057,CR_YT_039,1.0,0.75,0.0,0.875,B
BR_00057,CR_YT_040,1.0,0.75,0.0,0.875,B
BR_00057,CR_YT_048,1.0,0.75,0.0,0.875,B
BR_00057,CR_YT_057,1.0,0.75,0.0,0.875,B
BR_00057,CR_YT_058,1.0,0.5,0.78,0.762,C
BR_00057,CR_YT_060,1.0,0.75,0.0,0.875,B
BR_00057,CR_YT_062,1.0,0.75,0.72,0.813,B
BR_00057,CR_YT_068,1.0,0.75,0.0,0.875,B
BR_00057,CR_YT_073,1.0,0.75,0.76,0.829,B
BR_00057,CR_YT_077,1.0,0.5,0.0,0.75,C
BR_00057,CR_YT_079,1.0,0.75,0.0,0.875,B
BR_00057,CR_YT_090,1.0,0.5,0.0,0.75,C
BR_00057,CR_YT_091,1.0,0.5,0.0,0.75,C
BR_00057,CR_YT_092,1.0,0.5,0.0,0.75,C
BR_00057,CR_YT_099,1.0,0.5,0.0,0.75,C
BR_00057,CR_YT_102,1.0,0.75,0.0,0.875,B
BR_00057,CR_YT_107,1.0,0.75,0.0,0.875,B
BR_00057,CR_YT_108,1.0,0.75,0.0,0.875,B
BR_00057,CR_YT_110,1.0,0.75,0.9,0.885,B
BR_00057,CR_YT_118,1.0,0.5,0.0,0.75,C
BR_00057,CR_YT_123,1.0,0.5,0.0,0.75,C
BR_00057,CR_YT_127,1.0,0.75,0.0,0.875,B
BR_00057,CR_YT_133,1.0,0.5,0.0,0.75,C
BR_00057,CR_YT_136,1.0,0.5,0.82,0.778,C
BR_00057,CR_YT_137,1.0,0.5,0.0,0.75,C
BR_00057,CR_YT_139,1.0,0.75,0.0,0.875,B
BR_00057,CR_YT_148,1.0,0.5,0.0,0.75,C
BR_00057,CR_YT_151,1.0,0.5,0.0,0.75,C
BR_00057,CR_YT_157,1.0,0.5,0.0,0.75,C
BR_00057,CR_YT_158,1.0,0.5,0.0,0.75,C
BR_00057,CR_YT_163,1.0,0.5,0.74,0.746,C
BR_00057,CR_YT_170,1.0,0.75,0.0,0.875,B
BR_00057,CR_YT_179,1.0,0.75,0.0,0.875,B
BR_00057,CR_YT_187,1.0,0.75,0.0,0.875,B
BR_00057,CR_YT_189,1.0,0.5,0.0,0.75,C
BR_00057,CR_YT_203,1.0,0.5,0.0,0.75,C
BR_00057,CR_YT_207,1.0,0.75,0.0,0.875,B
BR_00057,CR_YT_208,1.0,0.75,0.0,0.875,B
BR_00057,CR_YT_210,1.0,0.75,0.0,0.875,B
BR_00057,CR_YT_215,1.0,0.75,0.0,0.875,B
BR_00057,CR_YT_216,1.0,0.5,0.0,0.75,C
BR_00057,CR_YT_217,1.0,0.5,0.0,0.75,C
BR_00057,CR_YT_223,1.0,0.75,0.0,0.875,B
BR_00057,CR_YT_226,1.0,0.75,0.0,0.875,B
BR_00057,CR_YT_234,1.0,0.75,0.0,0.875,B
BR_00057,CR_YT_237,1.0,0.75,0.0,0.875,B
BR_00057,CR_YT_243,1.0,0.5,0.0,0.75,C
BR_00057,CR_YT_256,1.0,0.5,0.0,0.75,C
BR_00057,CR_YT_257,1.0,0.75,0.0,0.875,B
BR_00057,CR_YT_260,1.0,0.5,0.0,0.75,C
BR_00057,CR_YT_264,1.0,0.5,0.0,0.75,C
BR_00057,CR_YT_269,1.0,0.5,0.0,0.75,C
BR_00057,CR_YT_273,1.0,0.75,0.0,0.875,B
BR_00057,CR_YT_274,1.0,0.5,0.0,0.75,C
BR_00057,CR_YT_275,1.0,0.75,0.0,0.875,B
BR_00057,CR_YT_276,1.0,0.75,0.0,0.875,B
BR_00057,CR_YT_283,1.0,0.5,0.0,0.75,C
BR_00057,CR_YT_288,1.0,0.75,0.0,0.875,B
BR_00057,CR_YT_297,1.0,0.5,0.0,0.75,C
BR_00057,CR_YT_300,1.0,0.75,0.0,0.875,B
BR_00057,CR_TK_001,1.0,0.5,0.0,0.75,C
BR_00057,CR_TK_009,1.0,0.75,0.0,0.875,B
BR_00057,CR_TK_016,1.0,0.75,0.0,0.875,B
BR_00057,CR_TK_022,1.0,0.5,0.72,0.738,C
BR_00057,CR_TK_024,1.0,0.75,0.0,0.875,B
BR_00057,CR_TK_027,1.0,0.5,0.0,0.75,C
BR_00057,CR_TK_028,1.0,0.5,0.0,0.75,C
BR_00057,CR_TK_034,1.0,0.5,0.0,0.75,C
BR_00057,CR_TK_035,1.0,0.5,0.0,0.75,C
BR_00057,CR_TK_042,1.0,0.5,0.0,0.75,C
BR_00057,CR_TK_052,1.0,0.75,0.0,0.875,B
BR_00057,CR_TK_055,1.0,0.5,0.0,0.75,C
BR_00057,CR_TK_063,1.0,0.75,0.0,0.875,B
BR_00057,CR_TK_064,1.0,0.5,0.72,0.738,C
BR_00057,CR_TK_077,1.0,0.75,0.0,0.875,B
BR_00057,CR_TK_078,1.0,0.5,0.0,0.75,C
BR_00057,CR_TK_079,1.0,0.75,0.0,0.875,B
BR_00057,CR_TK_081,1.0,0.75,0.0,0.875,B
BR_00057,CR_TK_084,1.0,0.75,0.92,0.893,B
BR_00057,CR_TK_087,1.0,0.5,0.0,0.75,C
BR_00057,CR_TK_088,1.0,0.5,0.0,0.75,C
BR_00057,CR_TK_089,1.0,0.75,0.0,0.875,B
BR_00057,CR_TK_091,1.0,0.75,0.0,0.875,B
BR_00057,CR_TK_107,1.0,0.75,0.0,0.875,B
BR_00057,CR_TK_115,1.0,0.5,0.0,0.75,C
BR_00057,CR_TK_125,1.0,0.5,0.0,0.75,C
BR_00057,CR_TK_135,1.0,0.75,0.0,0.875,B
BR_00057,CR_TK_136,1.0,0.5,0.0,0.75,C
BR_00057,CR_TK_150,1.0,0.75,0.0,0.875,B
BR_00057,CR_TK_155,1.0,0.5,0.0,0.75,C
BR_00057,CR_TK_156,1.0,0.5,0.0,0.75,C
BR_00057,CR_TK_162,1.0,0.75,0.0,0.875,B
BR_00057,CR_TK_170,1.0,0.5,0.0,0.75,C
BR_00057,CR_TK_173,1.0,0.5,0.0,0.75,C
BR_00057,CR_TK_183,1.0,0.5,0.0,0.75,C
BR_00057,CR_TK_184,1.0,0.5,0.0,0.75,C
BR_00057,CR_TK_190,1.0,0.75,0.0,0.875,B
BR_00058,CR_YT_007,0.5,1.0,0.82,0.778,C
BR_00058,CR_YT_012,0.5,0.75,0.54,0.591,D
BR_00058,CR_YT_020,1.0,1.0,0.0,1.0,A
BR_00058,CR_YT_022,0.5,0.75,0.0,0.625,D
BR_00058,CR_YT_032,1.0,0.75,0.0,0.875,B
BR_00058,CR_YT_033,1.0,0.75,0.0,0.875,B
BR_00058,CR_YT_041,0.5,1.0,0.78,0.762,C
BR_00058,CR_YT_042,1.0,1.0,0.0,1.0,A
BR_00058,CR_YT_045,0.5,0.75,0.0,0.625,D
BR_00058,CR_YT_046,0.5,0.75,0.0,0.625,D
BR_00058,CR_YT_047,0.5,1.0,0.0,0.75,C
BR_00058,CR_YT_049,0.5,1.0,0.0,0.75,C
BR_00058,CR_YT_051,0.5,0.75,0.0,0.625,D
BR_00058,CR_YT_054,0.5,0.75,0.0,0.625,D
BR_00058,CR_YT_061,0.5,1.0,0.0,0.75,C
BR_00058,CR_YT_067,0.5,1.0,0.0,0.75,C
BR_00058,CR_YT_070,1.0,0.75,0.0,0.875,B
BR_00058,CR_YT_071,0.5,1.0,0.0,0.75,C
BR_00058,CR_YT_075,1.0,0.75,0.82,0.853,B
BR_00058,CR_YT_085,0.5,1.0,0.0,0.75,C
BR_00058,CR_YT_088,0.5,1.0,0.0,0.75,C
BR_00058,CR_YT_111,0.5,1.0,0.82,0.778,C
BR_00058,CR_YT_115,0.5,1.0,0.0,0.75,C
BR_00058,CR_YT_120,0.5,0.75,0.0,0.625,D
BR_00058,CR_YT_122,1.0,0.75,0.0,0.875,B
BR_00058,CR_YT_125,0.5,0.75,0.0,0.625,D
BR_00058,CR_YT_126,1.0,0.75,0.0,0.875,B
BR_00058,CR_YT_129,1.0,0.5,0.0,0.75,C
BR_00058,CR_YT_130,1.0,1.0,0.0,1.0,A
BR_00058,CR_YT_135,0.5,0.75,0.0,0.625,D
BR_00058,CR_YT_138,0.5,0.75,0.0,0.625,D
BR_00058,CR_YT_146,1.0,0.75,0.0,0.875,B
BR_00058,CR_YT_162,1.0,0.75,0.0,0.875,B
BR_00058,CR_YT_167,1.0,1.0,0.0,1.0,A
BR_00058,CR_YT_171,0.5,1.0,0.0,0.75,C
BR_00058,CR_YT_183,1.0,0.75,0.0,0.875,B
BR_00058,CR_YT_184,1.0,0.75,1.0,0.925,A
BR_00058,CR_YT_186,0.5,1.0,0.0,0.75,C
BR_00058,CR_YT_193,0.5,0.75,0.0,0.625,D
BR_00058,CR_YT_212,1.0,0.75,0.0,0.875,B
BR_00058,CR_YT_214,0.5,1.0,0.0,0.75,C
BR_00058,CR_YT_221,0.5,0.75,0.0,0.625,D
BR_00058,CR_YT_228,0.5,1.0,0.66,0.714,C
BR_00058,CR_YT_230,0.5,0.75,0.0,0.625,D
BR_00058,CR_YT_231,1.0,0.75,0.0,0.875,B
BR_00058,CR_YT_244,0.5,1.0,0.0,0.75,C
BR_00058,CR_YT_245,0.5,1.0,0.0,0.75,C
BR_00058,CR_YT_258,1.0,0.75,0.0,0.875,B
BR_00058,CR_YT_270,1.0,1.0,0.0,1.0,A
BR_00058,CR_YT_281,0.5,0.75,0.0,0.625,D
BR_00058,CR_YT_299,1.0,0.75,0.0,0.875,B
BR_00058,CR_TK_006,1.0,0.75,0.0,0.875,B
BR_00058,CR_TK_011,0.5,1.0,0.0,0.75,C
BR_00058,CR_TK_015,0.5,0.75,0.0,0.625,D
BR_00058,CR_TK_018,0.5,0.75,0.0,0.625,D
BR_00058,CR_TK_020,0.5,1.0,0.0,0.75,C
BR_00058,CR_TK_021,0.5,0.75,0.0,0.625,D
BR_00058,CR_TK_023,0.5,1.0,0.0,0.75,C
BR_00058,CR_TK_026,1.0,0.75,0.0,0.875,B
BR_00058,CR_TK_032,1.0,1.0,0.78,0.912,A
BR_00058,CR_TK_041,1.0,1.0,0.8,0.92,A
BR_00058,CR_TK_045,1.0,1.0,0.0,1.0,A
BR_00058,CR_TK_046,1.0,1.0,0.0,1.0,A
BR_00058,CR_TK_051,0.5,1.0,0.0,0.75,C
BR_00058,CR_TK_057,0.5,0.75,0.0,0.625,D
BR_00058,CR_TK_058,1.0,1.0,0.0,1.0,A
BR_00058,CR_TK_061,0.5,1.0,0.9,0.81,B
BR_00058,CR_TK_074,0.5,0.75,0.0,0.625,D
BR_00058,CR_TK_076,0.5,0.75,0.0,0.625,D
BR_00058,CR_TK_086,1.0,0.75,0.0,0.875,B
BR_00058,CR_TK_108,0.5,0.75,0.0,0.625,D
BR_00058,CR_TK_118,1.0,0.75,0.0,0.875,B
BR_00058,CR_TK_120,0.5,0.75,0.0,0.625,D
BR_00058,CR_TK_128,1.0,1.0,0.0,1.0,A
BR_00058,CR_TK_134,1.0,1.0,0.0,1.0,A
BR_00058,CR_TK_140,0.5,1.0,0.0,0.75,C
BR_00058,CR_TK_142,0.5,1.0,0.0,0.75,C
BR_00058,CR_TK_146,0.5,0.75,0.0,0.625,D
BR_00058,CR_TK_152,0.5,1.0,0.0,0.75,C
BR_00058,CR_TK_159,1.0,0.75,0.0,0.875,B
BR_00058,CR_TK_161,0.5,0.75,0.0,0.625,D
BR_00058,CR_TK_165,0.5,1.0,0.0,0.75,C
BR_00058,CR_TK_166,0.5,1.0,0.8149,0.776,C
BR_00058,CR_TK_171,0.5,0.75,0.0,0.625,D
BR_00058,CR_TK_175,0.5,0.75,0.0,0.625,D
BR_00058,CR_TK_179,1.0,0.75,0.62,0.773,C
BR_00058,CR_TK_191,0.5,1.0,0.0,0.75,C
BR_00058,CR_TK_192,0.5,1.0,0.0,0.75,C
BR_00058,CR_TK_196,0.5,0.75,0.0,0.625,D
BR_00058,CR_TK_197,1.0,0.75,0.0,0.875,B
BR_00058,CR_TK_199,1.0,1.0,0.0,1.0,A
BR_00059,CR_YT_001,1.0,1.0,0.0,1.0,A
BR_00059,CR_YT_013,1.0,0.75,0.0,0.875,B
BR_00059,CR_YT_019,1.0,1.0,0.0,1.0,A
BR_00059,CR_YT_044,1.0,1.0,0.0,1.0,A
BR_00059,CR_YT_053,1.0,1.0,0.0,1.0,A
BR_00059,CR_YT_064,1.0,0.75,0.0,0.875,B
BR_00059,CR_YT_065,1.0,0.75,0.0,0.875,B
BR_00059,CR_YT_080,1.0,0.75,0.0,0.875,B
BR_00059,CR_YT_081,1.0,0.75,0.0,0.875,B
BR_00059,CR_YT_083,1.0,0.75,0.0,0.875,B
BR_00059,CR_YT_087,1.0,0.75,0.0,0.875,B
BR_00059,CR_YT_104,1.0,1.0,0.0,1.0,A
BR_00059,CR_YT_106,1.0,1.0,0.0,1.0,A
BR_00059,CR_YT_109,1.0,1.0,0.72,0.888,B
BR_00059,CR_YT_134,1.0,0.75,0.0,0.875,B
BR_00059,CR_YT_161,1.0,1.0,0.48,0.792,C
BR_00059,CR_YT_172,1.0,0.75,0.0,0.875,B
BR_00059,CR_YT_195,1.0,0.5,0.0,0.75,C
BR_00059,CR_YT_202,1.0,0.75,0.0,0.875,B
BR_00059,CR_YT_225,1.0,0.75,0.0,0.875,B
BR_00059,CR_YT_227,1.0,0.75,0.0,0.875,B
BR_00059,CR_YT_229,1.0,0.75,0.0,0.875,B
BR_00059,CR_YT_241,1.0,0.75,0.86,0.869,B
BR_00059,CR_YT_252,1.0,0.75,0.0,0.875,B
BR_00059,CR_YT_255,1.0,0.75,0.0,0.875,B
BR_00059,CR_YT_277,1.0,0.75,0.0,0.875,B
BR_00059,CR_YT_278,1.0,0.75,0.0,0.875,B
BR_00059,CR_YT_279,1.0,1.0,0.0,1.0,A
BR_00059,CR_YT_285,1.0,0.75,0.0,0.875,B
BR_00059,CR_YT_294,1.0,1.0,0.0,1.0,A
BR_00059,CR_TK_008,1.0,0.75,0.0,0.875,B
BR_00059,CR_TK_012,1.0,1.0,0.0,1.0,A
BR_00059,CR_TK_014,1.0,1.0,0.0,1.0,A
BR_00059,CR_TK_030,1.0,0.75,0.0,0.875,B
BR_00059,CR_TK_048,1.0,1.0,0.0,1.0,A
BR_00059,CR_TK_050,1.0,0.75,0.0,0.875,B
BR_00059,CR_TK_065,1.0,0.75,0.0,0.875,B
BR_00059,CR_TK_092,1.0,0.75,0.0,0.875,B
BR_00059,CR_TK_099,1.0,0.75,0.0,0.875,B
BR_00059,CR_TK_110,1.0,1.0,0.0,1.0,A
BR_00059,CR_TK_113,1.0,0.75,0.0,0.875,B
BR_00059,CR_TK_124,1.0,0.75,0.0,0.875,B
BR_00059,CR_TK_133,1.0,0.75,0.0,0.875,B
BR_00059,CR_TK_137,1.0,0.5,0.0,0.75,C
BR_00059,CR_TK_141,1.0,1.0,0.96,0.984,A
BR_00059,CR_TK_145,1.0,0.75,0.0,0.875,B
BR_00059,CR_TK_157,1.0,0.75,0.0,0.875,B
BR_00059,CR_TK_160,1.0,0.75,0.0,0.875,B
BR_00059,CR_TK_181,1.0,0.75,0.0,0.875,B
BR_00059,CR_TK_195,1.0,0.75,0.0,0.875,B
BR_00059,CR_TK_198,1.0,0.75,0.0,0.875,B
BR_00059,CR_TK_200,1.0,0.75,1.0,0.925,A
BR_00060,CR_YT_001,1.0,1.0,0.0,1.0,A
BR_00060,CR_YT_013,1.0,1.0,0.0,1.0,A
BR_00060,CR_YT_019,1.0,1.0,0.0,1.0,A
BR_00060,CR_YT_044,1.0,1.0,0.0,1.0,A
BR_00060,CR_YT_053,1.0,1.0,0.9,0.96,A
BR_00060,CR_YT_064,1.0,1.0,0.0,1.0,A
BR_00060,CR_YT_065,1.0,1.0,0.78,0.912,A
BR_00060,CR_YT_080,1.0,1.0,0.0,1.0,A
BR_00060,CR_YT_081,1.0,1.0,0.0,1.0,A
BR_00060,CR_YT_083,1.0,0.75,0.0,0.875,B
BR_00060,CR_YT_087,1.0,1.0,0.0,1.0,A
BR_00060,CR_YT_104,1.0,1.0,0.0,1.0,A
BR_00060,CR_YT_106,1.0,1.0,0.0,1.0,A
BR_00060,CR_YT_109,1.0,1.0,0.76,0.904,A
BR_00060,CR_YT_134,1.0,1.0,0.0,1.0,A
BR_00060,CR_YT_161,1.0,1.0,0.0,1.0,A
BR_00060,CR_YT_172,1.0,1.0,0.0,1.0,A
BR_00060,CR_YT_195,1.0,0.5,0.0,0.75,C
BR_00060,CR_YT_202,1.0,1.0,0.0,1.0,A
BR_00060,CR_YT_225,1.0,1.0,0.0,1.0,A
BR_00060,CR_YT_227,1.0,0.75,0.0,0.875,B
BR_00060,CR_YT_229,1.0,1.0,0.0,1.0,A
BR_00060,CR_YT_241,1.0,0.75,0.0,0.875,B
BR_00060,CR_YT_252,1.0,1.0,0.0,1.0,A
BR_00060,CR_YT_255,1.0,0.75,0.0,0.875,B
BR_00060,CR_YT_277,1.0,1.0,0.0,1.0,A
BR_00060,CR_YT_278,1.0,1.0,0.0,1.0,A
BR_00060,CR_YT_279,1.0,1.0,0.0,1.0,A
BR_00060,CR_YT_285,1.0,1.0,0.0,1.0,A
BR_00060,CR_YT_294,1.0,1.0,0.0,1.0,A
BR_00060,CR_TK_008,1.0,0.75,0.0,0.875,B
BR_00060,CR_TK_012,1.0,1.0,0.0,1.0,A
BR_00060,CR_TK_014,1.0,1.0,0.0,1.0,A
BR_00060,CR_TK_030,1.0,1.0,0.0,1.0,A
BR_00060,CR_TK_048,1.0,1.0,0.0,1.0,A
BR_00060,CR_TK_050,1.0,1.0,0.0,1.0,A
BR_00060,CR_TK_065,1.0,1.0,0.0,1.0,A
BR_00060,CR_TK_092,1.0,0.75,0.0,0.875,B
BR_00060,CR_TK_099,1.0,1.0,0.0,1.0,A
BR_00060,CR_TK_110,1.0,1.0,0.0,1.0,A
BR_00060,CR_TK_113,1.0,0.75,0.0,0.875,B
BR_00060,CR_TK_124,1.0,0.75,0.0,0.875,B
BR_00060,CR_TK_133,1.0,0.75,0.0,0.875,B
BR_00060,CR_TK_137,1.0,0.75,0.0,0.875,B
BR_00060,CR_TK_141,1.0,1.0,0.0,1.0,A
BR_00060,CR_TK_145,1.0,1.0,0.0,1.0,A
BR_00060,CR_TK_157,1.0,0.75,0.0,0.875,B
BR_00060,CR_TK_160,1.0,0.75,0.0,0.875,B
BR_00060,CR_TK_181,1.0,0.75,0.0,0.875,B
BR_00060,CR_TK_195,1.0,1.0,0.0,1.0,A
BR_00060,CR_TK_198,1.0,1.0,0.0,1.0,A
BR_00060,CR_TK_200,1.0,1.0,0.0,1.0,A
BR_00061,CR_YT_003,1.0,1.0,0.0,1.0,A
BR_00061,CR_YT_031,1.0,1.0,0.0,1.0,A
BR_00061,CR_YT_040,1.0,1.0,0.0,1.0,A
BR_00061,CR_YT_048,1.0,1.0,0.58,0.832,B
BR_00061,CR_YT_058,1.0,1.0,0.0,1.0,A
BR_00061,CR_YT_060,1.0,1.0,0.0,1.0,A
BR_00061,CR_YT_062,1.0,1.0,0.0,1.0,A
BR_00061,CR_YT_068,1.0,1.0,0.0,1.0,A
BR_00061,CR_YT_073,1.0,1.0,0.0,1.0,A
BR_00061,CR_YT_079,1.0,1.0,0.0,1.0,A
BR_00061,CR_YT_091,1.0,1.0,0.0,1.0,A
BR_00061,CR_YT_099,1.0,1.0,0.0,1.0,A
BR_00061,CR_YT_102,1.0,1.0,0.0,1.0,A
BR_00061,CR_YT_123,1.0,1.0,0.0,1.0,A
BR_00061,CR_YT_133,1.0,1.0,0.0,1.0,A
BR_00061,CR_YT_136,1.0,1.0,0.0,1.0,A
BR_00061,CR_YT_148,1.0,1.0,0.0,1.0,A
BR_00061,CR_YT_158,1.0,1.0,0.0,1.0,A
BR_00061,CR_YT_163,1.0,1.0,0.0,1.0,A
BR_00061,CR_YT_179,1.0,1.0,0.0,1.0,A
BR_00061,CR_YT_203,1.0,1.0,0.0,1.0,A
BR_00061,CR_YT_217,1.0,1.0,0.0,1.0,A
BR_00061,CR_YT_223,1.0,1.0,0.0,1.0,A
BR_00061,CR_YT_226,1.0,1.0,0.0,1.0,A
BR_00061,CR_YT_237,1.0,1.0,0.76,0.904,A
BR_00061,CR_YT_243,1.0,1.0,0.0,1.0,A
BR_00061,CR_YT_260,1.0,1.0,0.0,1.0,A
BR_00061,CR_YT_273,1.0,1.0,0.0,1.0,A
BR_00061,CR_YT_276,1.0,1.0,0.0,1.0,A
BR_00061,CR_YT_283,1.0,1.0,0.0,1.0,A
BR_00061,CR_YT_288,1.0,1.0,0.0,1.0,A
BR_00061,CR_YT_300,1.0,1.0,0.0,1.0,A
BR_00061,CR_TK_016,1.0,1.0,0.0,1.0,A
BR_00061,CR_TK_022,1.0,1.0,0.0,1.0,A
BR_00061,CR_TK_027,1.0,1.0,0.0,1.0,A
BR_00061,CR_TK_028,1.0,1.0,0.0,1.0,A
BR_00061,CR_TK_034,1.0,0.75,0.0,0.875,B
BR_00061,CR_TK_042,1.0,1.0,0.0,1.0,A
BR_00061,CR_TK_055,1.0,1.0,1.0,1.0,A
BR_00061,CR_TK_063,1.0,1.0,0.0,1.0,A
BR_00061,CR_TK_077,1.0,1.0,0.0,1.0,A
BR_00061,CR_TK_078,1.0,1.0,0.0,1.0,A
BR_00061,CR_TK_081,1.0,1.0,0.0,1.0,A
BR_00061,CR_TK_084,1.0,1.0,0.0,1.0,A
BR_00061,CR_TK_087,1.0,1.0,0.86,0.944,A
BR_00061,CR_TK_088,1.0,1.0,0.0,1.0,A
BR_00061,CR_TK_091,1.0,1.0,0.0,1.0,A
BR_00061,CR_TK_150,1.0,1.0,0.0,1.0,A
BR_00061,CR_TK_156,1.0,1.0,0.0,1.0,A
BR_00061,CR_TK_162,1.0,1.0,0.0,1.0,A
BR_00062,CR_YT_008,1.0,0.25,0.6,0.615,D
BR_00062,CR_YT_016,1.0,0.75,0.0,0.875,B
BR_00062,CR_YT_018,1.0,0.75,0.0,0.875,B
BR_00062,CR_YT_021,1.0,0.75,0.0,0.875,B
BR_00062,CR_YT_024,1.0,1.0,0.0,1.0,A
BR_00062,CR_YT_025,1.0,0.5,0.0,0.75,C
BR_00062,CR_YT_027,1.0,1.0,0.0,1.0,A
BR_00062,CR_YT_043,1.0,0.5,0.0,0.75,C
BR_00062,CR_YT_050,1.0,0.75,0.0,0.875,B
BR_00062,CR_YT_052,1.0,0.5,0.0,0.75,C
BR_00062,CR_YT_082,1.0,0.5,0.0,0.75,C
BR_00062,CR_YT_086,1.0,0.75,0.0,0.875,B
BR_00062,CR_YT_097,1.0,1.0,0.0,1.0,A
BR_00062,CR_YT_098,1.0,1.0,0.0,1.0,A
BR_00062,CR_YT_101,1.0,0.75,0.0,0.875,B
BR_00062,CR_YT_103,1.0,0.75,0.0,0.875,B
BR_00062,CR_YT_113,1.0,0.75,0.0,0.875,B
BR_00062,CR_YT_119,1.0,0.5,0.0,0.75,C
BR_00062,CR_YT_124,1.0,0.75,0.0,0.875,B
BR_00062,CR_YT_131,1.0,0.75,0.0,0.875,B
BR_00062,CR_YT_140,1.0,1.0,0.0,1.0,A
BR_00062,CR_YT_144,1.0,0.75,0.0,0.875,B
BR_00062,CR_YT_147,1.0,0.5,0.0,0.75,C
BR_00062,CR_YT_152,1.0,1.0,0.0,1.0,A
BR_00062,CR_YT_159,1.0,0.75,0.0,0.875,B
BR_00062,CR_YT_160,1.0,0.75,0.0,0.875,B
BR_00062,CR_YT_164,1.0,0.75,0.0,0.875,B
BR_00062,CR_YT_166,1.0,0.75,0.0,0.875,B
BR_00062,CR_YT_173,1.0,1.0,0.0,1.0,A
BR_00062,CR_YT_177,1.0,0.5,0.0,0.75,C
BR_00062,CR_YT_180,1.0,0.75,0.0,0.875,B
BR_00062,CR_YT_182,1.0,0.5,0.8,0.77,C
BR_00062,CR_YT_191,1.0,0.75,0.0,0.875,B
BR_00062,CR_YT_197,1.0,0.5,0.0,0.75,C
BR_00062,CR_YT_200,1.0,0.5,0.0,0.75,C
BR_00062,CR_YT_201,1.0,1.0,0.88,0.952,A
BR_00062,CR_YT_219,1.0,0.75,0.0,0.875,B
BR_00062,CR_YT_220,1.0,0.5,0.0,0.75,C
BR_00062,CR_YT_222,1.0,0.75,0.86,0.869,B
BR_00062,CR_YT_232,1.0,1.0,0.0,1.0,A
BR_00062,CR_YT_233,1.0,1.0,0.0,1.0,A
BR_00062,CR_YT_236,1.0,0.75,0.0,0.875,B
BR_00062,CR_YT_238,1.0,0.5,0.0,0.75,C
BR_00062,CR_YT_246,1.0,0.75,1.0,0.925,A
BR_00062,CR_YT_249,1.0,0.5,0.0,0.75,C
BR_00062,CR_YT_250,1.0,0.5,0.0,0.75,C
BR_00062,CR_YT_251,1.0,0.75,0.84,0.861,B
BR_00062,CR_YT_261,1.0,0.5,0.0,0.75,C
BR_00062,CR_YT_263,1.0,0.75,0.0,0.875,B
BR_00062,CR_YT_271,1.0,1.0,0.0,1.0,A
BR_00062,CR_YT_282,1.0,0.5,0.0,0.75,C
BR_00062,CR_YT_284,1.0,1.0,0.0,1.0,A
BR_00062,CR_YT_287,1.0,0.5,0.0,0.75,C
BR_00062,CR_YT_289,1.0,1.0,0.0,1.0,A
BR_00062,CR_YT_293,1.0,0.75,0.8,0.845,B
BR_00062,CR_YT_295,1.0,0.75,0.0,0.875,B
BR_00062,CR_TK_002,1.0,0.75,0.0,0.875,B
BR_00062,CR_TK_003,1.0,0.75,0.0,0.875,B
BR_00062,CR_TK_007,1.0,1.0,1.0,1.0,A
BR_00062,CR_TK_010,1.0,1.0,1.0,1.0,A
BR_00062,CR_TK_013,1.0,0.75,0.0,0.875,B
BR_00062,CR_TK_017,1.0,0.75,0.0,0.875,B
BR_00062,CR_TK_054,1.0,1.0,0.0,1.0,A
BR_00062,CR_TK_059,1.0,0.75,0.66,0.789,C
BR_00062,CR_TK_068,1.0,0.5,0.0,0.75,C
BR_00062,CR_TK_069,1.0,0.5,0.0,0.75,C
BR_00062,CR_TK_070,1.0,0.75,0.0,0.875,B
BR_00062,CR_TK_072,1.0,0.75,0.0,0.875,B
BR_00062,CR_TK_082,1.0,0.75,0.0,0.875,B
BR_00062,CR_TK_083,1.0,1.0,0.0,1.0,A
BR_00062,CR_TK_085,1.0,1.0,0.0,1.0,A
BR_00062,CR_TK_093,1.0,1.0,0.0,1.0,A
BR_00062,CR_TK_094,1.0,1.0,0.0,1.0,A
BR_00062,CR_TK_096,1.0,0.75,0.9013,0.8855,B
BR_00062,CR_TK_097,1.0,0.75,0.0,0.875,B
BR_00062,CR_TK_098,1.0,0.5,0.0,0.75,C
BR_00062,CR_TK_100,1.0,0.75,0.0,0.875,B
BR_00062,CR_TK_103,1.0,0.5,0.0,0.75,C
BR_00062,CR_TK_104,1.0,0.75,0.0,0.875,B
BR_00062,CR_TK_112,1.0,0.75,0.0,0.875,B
BR_00062,CR_TK_114,1.0,1.0,0.0,1.0,A
BR_00062,CR_TK_116,1.0,0.75,0.0,0.875,B
BR_00062,CR_TK_123,1.0,1.0,0.0,1.0,A
BR_00062,CR_TK_130,1.0,0.5,0.0,0.75,C
BR_00062,CR_TK_148,1.0,0.75,0.88,0.877,B
BR_00062,CR_TK_153,1.0,1.0,0.0,1.0,A
BR_00062,CR_TK_154,1.0,1.0,0.0,1.0,A
BR_00062,CR_TK_158,1.0,0.5,0.0,0.75,C
BR_00062,CR_TK_167,1.0,1.0,0.0,1.0,A
BR_00062,CR_TK_168,1.0,0.75,0.84,0.861,B
BR_00062,CR_TK_169,1.0,0.5,0.0,0.75,C
BR_00062,CR_TK_176,1.0,0.75,0.0,0.875,B
BR_00062,CR_TK_178,1.0,0.5,0.0,0.75,C
BR_00062,CR_TK_185,1.0,0.75,0.0,0.875,B
BR_00062,CR_TK_186,1.0,0.5,0.0,0.75,C
BR_00062,CR_TK_187,1.0,0.5,0.0,0.75,C
BR_00062,CR_TK_189,1.0,1.0,0.0,1.0,A
BR_00062,CR_TK_194,1.0,1.0,0.0,1.0,A
BR_00063,CR_YT_003,1.0,0.5,0.86,0.794,C
BR_00063,CR_YT_007,1.0,0.75,0.0,0.875,B
BR_00063,CR_YT_012,1.0,0.75,0.0,0.875,B
BR_00063,CR_YT_020,0.5,0.75,0.78,0.687,D
BR_00063,CR_YT_022,1.0,0.75,0.0,0.875,B
BR_00063,CR_YT_031,1.0,0.5,0.0,0.75,C
BR_00063,CR_YT_032,0.5,0.75,0.0,0.625,D
BR_00063,CR_YT_033,0.5,0.75,0.0,0.625,D
BR_00063,CR_YT_040,1.0,0.5,0.0,0.75,C
BR_00063,CR_YT_041,1.0,1.0,0.0,1.0,A
BR_00063,CR_YT_042,0.5,0.75,0.0,0.625,D
BR_00063,CR_YT_045,1.0,0.75,0.66,0.789,C
BR_00063,CR_YT_046,1.0,0.75,0.0,0.875,B
BR_00063,CR_YT_047,1.0,0.75,0.0,0.875,B
BR_00063,CR_YT_048,1.0,0.75,0.0,0.875,B
BR_00063,CR_YT_049,1.0,0.75,0.0,0.875,B
BR_00063,CR_YT_051,1.0,0.75,0.0,0.875,B
BR_00063,CR_YT_054,1.0,0.75,0.0,0.875,B
BR_00063,CR_YT_058,1.0,0.5,0.0,0.75,C
BR_00063,CR_YT_060,1.0,0.75,0.0,0.875,B
BR_00063,CR_YT_061,1.0,0.75,0.0,0.875,B
BR_00063,CR_YT_062,1.0,0.5,0.0,0.75,C
BR_00063,CR_YT_067,1.0,0.75,0.0,0.875,B
BR_00063,CR_YT_068,1.0,0.5,0.0,0.75,C
BR_00063,CR_YT_070,0.5,0.75,0.0,0.625,D
BR_00063,CR_YT_071,1.0,1.0,0.0,1.0,A
BR_00063,CR_YT_073,1.0,0.75,0.0,0.875,B
BR_00063,CR_YT_075,0.5,0.75,0.0,0.625,D
BR_00063,CR_YT_079,1.0,0.75,0.0,0.875,B
BR_00063,CR_YT_085,1.0,0.75,0.0,0.875,B
BR_00063,CR_YT_088,1.0,0.75,0.0,0.875,B
BR_00063,CR_YT_091,1.0,0.5,0.0,0.75,C
BR_00063,CR_YT_099,1.0,0.5,0.0,0.75,C
BR_00063,CR_YT_102,1.0,0.5,0.0,0.75,C
BR_00063,CR_YT_111,1.0,1.0,0.0,1.0,A
BR_00063,CR_YT_115,1.0,1.0,0.0,1.0,A
BR_00063,CR_YT_120,1.0,0.75,0.0,0.875,B
BR_00063,CR_YT_122,0.5,0.75,0.0,0.625,D
BR_00063,CR_YT_123,1.0,0.5,0.0,0.75,C
BR_00063,CR_YT_125,1.0,0.75,0.0,0.875,B
BR_00063,CR_YT_126,0.5,0.75,0.0,0.625,D
BR_00063,CR_YT_129,0.5,0.5,0.0,0.5,D
BR_00063,CR_YT_130,0.5,1.0,0.0,0.75,C
BR_00063,CR_YT_133,1.0,0.5,0.0,0.75,C
BR_00063,CR_YT_135,1.0,0.75,0.0,0.875,B
BR_00063,CR_YT_136,1.0,0.5,0.0,0.75,C
BR_00063,CR_YT_138,1.0,0.75,0.0,0.875,B
BR_00063,CR_YT_146,0.5,0.75,0.0,0.625,D
BR_00063,CR_YT_148,1.0,0.5,0.0,0.75,C
BR_00063,CR_YT_158,1.0,0.5,0.0,0.75,C
BR_00063,CR_YT_162,0.5,0.75,0.0,0.625,D
BR_00063,CR_YT_163,1.0,0.5,0.0,0.75,C
BR_00063,CR_YT_167,0.5,0.75,0.0,0.625,D
BR_00063,CR_YT_171,1.0,1.0,0.0,1.0,A
BR_00063,CR_YT_179,1.0,0.5,0.0,0.75,C
BR_00063,CR_YT_183,0.5,0.75,0.0,0.625,D
BR_00063,CR_YT_184,0.5,0.75,0.0,0.625,D
BR_00063,CR_YT_186,1.0,0.75,0.0,0.875,B
BR_00063,CR_YT_193,1.0,0.75,0.0,0.875,B
BR_00063,CR_YT_203,1.0,0.5,0.0,0.75,C
BR_00063,CR_YT_212,0.5,0.75,0.0,0.625,D
BR_00063,CR_YT_214,1.0,0.75,0.68,0.797,C
BR_00063,CR_YT_217,1.0,0.5,0.0,0.75,C
BR_00063,CR_YT_221,1.0,0.75,0.0,0.875,B
BR_00063,CR_YT_223,1.0,0.5,0.0,0.75,C
BR_00063,CR_YT_226,1.0,0.5,0.0,0.75,C
BR_00063,CR_YT_228,1.0,0.75,0.74,0.821,B
BR_00063,CR_YT_230,1.0,0.75,0.0,0.875,B
BR_00063,CR_YT_231,0.5,0.75,0.0,0.625,D
BR_00063,CR_YT_237,1.0,0.5,0.0,0.75,C
BR_00063,CR_YT_243,1.0,0.5,0.0,0.75,C
BR_00063,CR_YT_244,1.0,0.75,0.0,0.875,B
BR_00063,CR_YT_245,1.0,0.75,0.0,0.875,B
BR_00063,CR_YT_258,0.5,0.5,0.0,0.5,D
BR_00063,CR_YT_260,1.0,0.5,0.0,0.75,C
BR_00063,CR_YT_270,0.5,0.75,0.7,0.655,D
BR_00063,CR_YT_273,1.0,0.75,0.0,0.875,B
BR_00063,CR_YT_276,1.0,0.5,0.0,0.75,C
BR_00063,CR_YT_281,1.0,0.75,0.0,0.875,B
BR_00063,CR_YT_283,1.0,0.5,0.0,0.75,C
BR_00063,CR_YT_288,1.0,0.5,0.0,0.75,C
BR_00063,CR_YT_299,0.5,0.75,0.0,0.625,D
BR_00063,CR_YT_300,1.0,0.75,0.0,0.875,B
BR_00063,CR_TK_006,0.5,0.5,0.0,0.5,D
BR_00063,CR_TK_011,1.0,0.75,0.84,0.861,B
BR_00063,CR_TK_015,1.0,0.75,0.0,0.875,B
BR_00063,CR_TK_016,1.0,0.5,0.0,0.75,C
BR_00063,CR_TK_018,1.0,0.75,0.0,0.875,B
BR_00063,CR_TK_020,1.0,0.75,0.0,0.875,B
BR_00063,CR_TK_021,1.0,0.75,0.0,0.875,B
BR_00063,CR_TK_022,1.0,0.5,0.0,0.75,C
BR_00063,CR_TK_023,1.0,0.75,0.0,0.875,B
BR_00063,CR_TK_026,0.5,0.75,0.0,0.625,D
BR_00063,CR_TK_027,1.0,0.5,0.68,0.722,C
BR_00063,CR_TK_028,1.0,0.5,0.0,0.75,C
BR_00063,CR_TK_032,0.5,0.75,0.0,0.625,D
BR_00063,CR_TK_034,1.0,0.25,0.0,0.625,D
BR_00063,CR_TK_041,0.5,1.0,0.0,0.75,C
BR_00063,CR_TK_042,1.0,0.5,0.0,0.75,C
BR_00063,CR_TK_045,0.5,0.75,0.0,0.625,D
BR_00063,CR_TK_046,0.5,1.0,0.0,0.75,C
BR_00063,CR_TK_051,1.0,0.75,0.0,0.875,B
BR_00063,CR_TK_055,1.0,0.5,0.0,0.75,C
BR_00063,CR_TK_057,1.0,0.75,0.0,0.875,B
BR_00063,CR_TK_058,0.5,0.75,0.0,0.625,D
BR_00063,CR_TK_061,1.0,0.75,0.86,0.869,B
BR_00063,CR_TK_063,1.0,0.5,0.0,0.75,C
BR_00063,CR_TK_074,1.0,0.75,0.0,0.875,B
BR_00063,CR_TK_076,1.0,0.75,0.7555,0.8272,B
BR_00063,CR_TK_077,1.0,0.5,0.0,0.75,C
BR_00063,CR_TK_078,1.0,0.5,0.0,0.75,C
BR_00063,CR_TK_081,1.0,0.5,0.0,0.75,C
BR_00063,CR_TK_084,1.0,0.5,0.0,0.75,C
BR_00063,CR_TK_086,0.5,0.75,0.0,0.625,D
BR_00063,CR_TK_087,1.0,0.5,0.0,0.75,C
BR_00063,CR_TK_088,1.0,0.5,0.0,0.75,C
BR_00063,CR_TK_091,1.0,0.5,0.0,0.75,C
BR_00063,CR_TK_108,1.0,0.75,0.0,0.875,B
BR_00063,CR_TK_118,0.5,0.75,0.0,0.625,D
BR_00063,CR_TK_120,1.0,0.75,0.0,0.875,B
BR_00063,CR_TK_128,0.5,0.75,0.0,0.625,D
BR_00063,CR_TK_134,0.5,1.0,0.0,0.75,C
BR_00063,CR_TK_140,1.0,0.75,0.0,0.875,B
BR_00063,CR_TK_142,1.0,0.75,0.0,0.875,B
BR_00063,CR_TK_146,1.0,0.75,1.0,0.925,A
BR_00063,CR_TK_150,1.0,0.5,0.0,0.75,C
BR_00063,CR_TK_152,1.0,0.75,0.0,0.875,B
BR_00063,CR_TK_156,1.0,0.5,0.0,0.75,C
BR_00063,CR_TK_159,0.5,0.75,0.0,0.625,D
BR_00063,CR_TK_161,1.0,0.75,0.0,0.875,B
BR_00063,CR_TK_162,1.0,0.5,0.0,0.75,C
BR_00063,CR_TK_165,1.0,1.0,0.0,1.0,A
BR_00063,CR_TK_166,1.0,0.75,0.0,0.875,B
BR_00063,CR_TK_171,1.0,0.75,0.0,0.875,B
BR_00063,CR_TK_175,1.0,0.75,0.66,0.789,C
BR_00063,CR_TK_179,0.5,0.75,0.0,0.625,D
BR_00063,CR_TK_191,1.0,0.75,0.0,0.875,B
BR_00063,CR_TK_192,1.0,1.0,0.0,1.0,A
BR_00063,CR_TK_196,1.0,0.75,0.0,0.875,B
BR_00063,CR_TK_197,0.5,0.75,0.0,0.625,D
BR_00063,CR_TK_199,0.5,1.0,1.0,0.85,B
BR_00064,CR_YT_008,1.0,0.5,0.0,0.75,C
BR_00064,CR_YT_016,1.0,1.0,0.0,1.0,A
BR_00064,CR_YT_018,1.0,1.0,0.0,1.0,A
BR_00064,CR_YT_021,1.0,0.75,0.0,0.875,B
BR_00064,CR_YT_024,1.0,1.0,0.0,1.0,A
BR_00064,CR_YT_025,1.0,0.75,0.0,0.875,B
BR_00064,CR_YT_027,1.0,1.0,0.0,1.0,A
BR_00064,CR_YT_043,1.0,0.75,0.0,0.875,B
BR_00064,CR_YT_050,1.0,0.75,0.52,0.733,C
BR_00064,CR_YT_052,1.0,0.75,0.0,0.875,B
BR_00064,CR_YT_082,1.0,0.75,0.0,0.875,B
BR_00064,CR_YT_086,1.0,0.75,0.0,0.875,B
BR_00064,CR_YT_097,1.0,1.0,0.0,1.0,A
BR_00064,CR_YT_098,1.0,1.0,0.0,1.0,A
BR_00064,CR_YT_101,1.0,0.75,0.0,0.875,B
BR_00064,CR_YT_103,1.0,0.75,0.0,0.875,B
BR_00064,CR_YT_113,1.0,0.75,0.0,0.875,B
BR_00064,CR_YT_119,1.0,0.75,0.0,0.875,B
BR_00064,CR_YT_124,1.0,0.75,0.0,0.875,B
BR_00064,CR_YT_131,1.0,0.75,0.0,0.875,B
BR_00064,CR_YT_140,1.0,1.0,0.0,1.0,A
BR_00064,CR_YT_144,1.0,1.0,0.0,1.0,A
BR_00064,CR_YT_147,1.0,0.5,0.0,0.75,C
BR_00064,CR_YT_152,1.0,1.0,0.0,1.0,A
BR_00064,CR_YT_159,1.0,1.0,0.0,1.0,A
BR_00064,CR_YT_160,1.0,0.75,0.0,0.875,B
BR_00064,CR_YT_164,1.0,0.75,0.58,0.757,C
BR_00064,CR_YT_166,1.0,0.75,0.94,0.901,A
BR_00064,CR_YT_173,1.0,1.0,0.0,1.0,A
BR_00064,CR_YT_177,1.0,0.75,0.0,0.875,B
BR_00064,CR_YT_180,1.0,0.75,0.0,0.875,B
BR_00064,CR_YT_182,1.0,0.75,0.0,0.875,B
BR_00064,CR_YT_191,1.0,0.75,0.0,0.875,B
BR_00064,CR_YT_197,1.0,0.75,0.0,0.875,B
BR_00064,CR_YT_200,1.0,0.75,0.0,0.875,B
BR_00064,CR_YT_201,1.0,1.0,0.0,1.0,A
BR_00064,CR_YT_219,1.0,0.75,0.0,0.875,B
BR_00064,CR_YT_220,1.0,0.5,0.0,0.75,C
BR_00064,CR_YT_222,1.0,0.75,0.0,0.875,B
BR_00064,CR_YT_232,1.0,1.0,0.0,1.0,A
BR_00064,CR_YT_233,1.0,1.0,0.0,1.0,A
BR_00064,CR_YT_236,1.0,0.75,0.0,0.875,B
BR_00064,CR_YT_238,1.0,0.75,0.86,0.869,B
BR_00064,CR_YT_246,1.0,0.75,0.0,0.875,B
BR_00064,CR_YT_249,1.0,0.5,0.0,0.75,C
BR_00064,CR_YT_250,1.0,0.75,0.0,0.875,B
BR_00064,CR_YT_251,1.0,1.0,0.86,0.944,A
BR_00064,CR_YT_261,1.0,0.75,0.0,0.875,B
BR_00064,CR_YT_263,1.0,1.0,0.0,1.0,A
BR_00064,CR_YT_271,1.0,1.0,0.0,1.0,A
BR_00064,CR_YT_282,1.0,0.5,0.0,0.75,C
BR_00064,CR_YT_284,1.0,1.0,0.0,1.0,A
BR_00064,CR_YT_287,1.0,0.75,0.74,0.821,B
BR_00064,CR_YT_289,1.0,1.0,0.0,1.0,A
BR_00064,CR_YT_293,1.0,0.75,0.0,0.875,B
BR_00064,CR_YT_295,1.0,0.75,0.0,0.875,B
BR_00064,CR_TK_002,1.0,1.0,0.0,1.0,A
BR_00064,CR_TK_003,1.0,0.75,0.0,0.875,B
BR_00064,CR_TK_007,1.0,1.0,0.0,1.0,A
BR_00064,CR_TK_010,1.0,1.0,0.0,1.0,A
BR_00064,CR_TK_013,1.0,0.75,0.0,0.875,B
BR_00064,CR_TK_017,1.0,0.75,0.0,0.875,B
BR_00064,CR_TK_054,1.0,1.0,0.0,1.0,A
BR_00064,CR_TK_059,1.0,0.75,0.0,0.875,B
BR_00064,CR_TK_068,1.0,0.75,0.0,0.875,B
BR_00064,CR_TK_069,1.0,0.75,0.9,0.885,B
BR_00064,CR_TK_070,1.0,0.75,0.0,0.875,B
BR_00064,CR_TK_072,1.0,0.75,0.0,0.875,B
BR_00064,CR_TK_082,1.0,1.0,0.0,1.0,A
BR_00064,CR_TK_083,1.0,1.0,0.0,1.0,A
BR_00064,CR_TK_085,1.0,1.0,0.0,1.0,A
BR_00064,CR_TK_093,1.0,1.0,0.0,1.0,A
BR_00064,CR_TK_094,1.0,1.0,0.0,1.0,A
BR_00064,CR_TK_096,1.0,0.75,0.0,0.875,B
BR_00064,CR_TK_097,1.0,0.75,0.0,0.875,B
BR_00064,CR_TK_098,1.0,0.75,0.0,0.875,B
BR_00064,CR_TK_100,1.0,1.0,0.0,1.0,A
BR_00064,CR_TK_103,1.0,0.75,0.0,0.875,B
BR_00064,CR_TK_104,1.0,0.75,0.0,0.875,B
BR_00064,CR_TK_112,1.0,0.75,0.56,0.749,C
BR_00064,CR_TK_114,1.0,1.0,0.0,1.0,A
BR_00064,CR_TK_116,1.0,0.75,0.0,0.875,B
BR_00064,CR_TK_123,1.0,1.0,0.0,1.0,A
BR_00064,CR_TK_130,1.0,0.75,0.0,0.875,B
BR_00064,CR_TK_148,1.0,0.75,0.0,0.875,B
BR_00064,CR_TK_153,1.0,1.0,0.0,1.0,A
BR_00064,CR_TK_154,1.0,1.0,0.0,1.0,A
BR_00064,CR_TK_158,1.0,0.75,0.0,0.875,B
BR_00064,CR_TK_167,1.0,1.0,0.0,1.0,A
BR_00064,CR_TK_168,1.0,0.75,0.0,0.875,B
BR_00064,CR_TK_169,1.0,0.5,0.0,0.75,C
BR_00064,CR_TK_176,1.0,1.0,0.0,1.0,A
BR_00064,CR_TK_178,1.0,0.75,0.0,0.875,B
BR_00064,CR_TK_185,1.0,0.75,0.0,0.875,B
BR_00064,CR_TK_186,1.0,0.5,0.0,0.75,C
BR_00064,CR_TK_187,1.0,0.75,0.0,0.875,B
BR_00064,CR_TK_189,1.0,1.0,0.0,1.0,A
BR_00064,CR_TK_194,1.0,1.0,0.0,1.0,A
BR_00065,CR_YT_001,1.0,1.0,0.0,1.0,A
BR_00065,CR_YT_013,1.0,1.0,0.72,0.888,B
BR_00065,CR_YT_019,1.0,1.0,0.0,1.0,A
BR_00065,CR_YT_044,1.0,1.0,0.0,1.0,A
BR_00065,CR_YT_053,1.0,1.0,0.0,1.0,A
BR_00065,CR_YT_064,1.0,1.0,0.0,1.0,A
BR_00065,CR_YT_065,1.0,0.75,0.0,0.875,B
BR_00065,CR_YT_080,1.0,1.0,0.0,1.0,A
BR_00065,CR_YT_081,1.0,1.0,0.0,1.0,A
BR_00065,CR_YT_083,1.0,0.75,0.0,0.875,B
BR_00065,CR_YT_087,1.0,1.0,0.0,1.0,A
BR_00065,CR_YT_104,1.0,1.0,0.0,1.0,A
BR_00065,CR_YT_106,1.0,1.0,0.0,1.0,A
BR_00065,CR_YT_109,1.0,1.0,0.0,1.0,A
BR_00065,CR_YT_134,1.0,0.75,0.0,0.875,B
BR_00065,CR_YT_161,1.0,1.0,0.0,1.0,A
BR_00065,CR_YT_172,1.0,1.0,0.0,1.0,A
BR_00065,CR_YT_195,1.0,0.5,0.0,0.75,C
BR_00065,CR_YT_202,1.0,1.0,0.7655,0.9062,A
BR_00065,CR_YT_225,1.0,1.0,0.0,1.0,A
BR_00065,CR_YT_227,1.0,0.75,0.0,0.875,B
BR_00065,CR_YT_229,1.0,0.75,0.0,0.875,B
BR_00065,CR_YT_241,1.0,0.75,0.0,0.875,B
BR_00065,CR_YT_252,1.0,0.75,0.0,0.875,B
BR_00065,CR_YT_255,1.0,0.75,0.0,0.875,B
BR_00065,CR_YT_277,1.0,0.75,0.0,0.875,B
BR_00065,CR_YT_278,1.0,1.0,0.0,1.0,A
BR_00065,CR_YT_279,1.0,1.0,0.0,1.0,A
BR_00065,CR_YT_285,1.0,1.0,0.0,1.0,A
BR_00065,CR_YT_294,1.0,1.0,0.0,1.0,A
BR_00065,CR_TK_008,1.0,0.75,0.0,0.875,B
BR_00065,CR_TK_012,1.0,1.0,0.0,1.0,A
BR_00065,CR_TK_014,1.0,1.0,0.0,1.0,A
BR_00065,CR_TK_030,1.0,1.0,0.0,1.0,A
BR_00065,CR_TK_048,1.0,1.0,0.0,1.0,A
BR_00065,CR_TK_050,1.0,1.0,0.0,1.0,A
BR_00065,CR_TK_065,1.0,0.75,0.0,0.875,B
BR_00065,CR_TK_092,1.0,0.75,0.0,0.875,B
BR_00065,CR_TK_099,1.0,1.0,0.0,1.0,A
BR_00065,CR_TK_110,1.0,1.0,0.0,1.0,A
BR_00065,CR_TK_113,1.0,0.75,0.0,0.875,B
BR_00065,CR_TK_124,1.0,0.75,0.0,0.875,B
BR_00065,CR_TK_133,1.0,0.75,0.0,0.875,B
BR_00065,CR_TK_137,1.0,0.5,0.0,0.75,C
BR_00065,CR_TK_141,1.0,1.0,0.92,0.968,A
BR_00065,CR_TK_145,1.0,1.0,0.0,1.0,A
BR_00065,CR_TK_157,1.0,0.75,0.0,0.875,B
BR_00065,CR_TK_160,1.0,0.75,0.0,0.875,B
BR_00065,CR_TK_181,1.0,0.75,0.0,0.875,B
BR_00065,CR_TK_195,1.0,1.0,0.94,0.976,A
BR_00065,CR_TK_198,1.0,0.75,0.0,0.875,B
BR_00065,CR_TK_200,1.0,1.0,0.0,1.0,A
BR_00066,CR_YT_003,1.0,0.75,0.0,0.875,B
BR_00066,CR_YT_005,1.0,0.75,0.0,0.875,B
BR_00066,CR_YT_006,1.0,0.5,0.0,0.75,C
BR_00066,CR_YT_009,1.0,0.5,0.0,0.75,C
BR_00066,CR_YT_010,1.0,0.75,0.0,0.875,B
BR_00066,CR_YT_015,1.0,0.75,0.0,0.875,B
BR_00066,CR_YT_023,1.0,0.75,0.0,0.875,B
BR_00066,CR_YT_029,1.0,0.75,0.0,0.875,B
BR_00066,CR_YT_031,1.0,0.75,0.0,0.875,B
BR_00066,CR_YT_036,1.0,0.5,0.0,0.75,C
BR_00066,CR_YT_039,1.0,0.75,0.0,0.875,B
BR_00066,CR_YT_040,1.0,0.75,0.0,0.875,B
BR_00066,CR_YT_048,1.0,0.75,0.0,0.875,B
BR_00066,CR_YT_057,1.0,0.75,0.0,0.875,B
BR_00066,CR_YT_058,1.0,0.75,0.78,0.837,B
BR_00066,CR_YT_060,1.0,0.75,0.0,0.875,B
BR_00066,CR_YT_062,1.0,0.75,0.0,0.875,B
BR_00066,CR_YT_068,1.0,0.75,0.0,0.875,B
BR_00066,CR_YT_073,1.0,0.75,0.0,0.875,B
BR_00066,CR_YT_077,1.0,0.5,0.0,0.75,C
BR_00066,CR_YT_079,1.0,0.75,0.0,0.875,B
BR_00066,CR_YT_090,1.0,0.5,0.0,0.75,C
BR_00066,CR_YT_091,1.0,0.75,0.0,0.875,B
BR_00066,CR_YT_092,1.0,0.75,0.0,0.875,B
BR_00066,CR_YT_099,1.0,0.75,0.0,0.875,B
BR_00066,CR_YT_102,1.0,0.75,0.0,0.875,B
BR_00066,CR_YT_107,1.0,0.75,0.0,0.875,B
BR_00066,CR_YT_108,1.0,0.75,0.0,0.875,B
BR_00066,CR_YT_110,1.0,0.75,0.0,0.875,B
BR_00066,CR_YT_118,1.0,0.75,0.0,0.875,B
BR_00066,CR_YT_123,1.0,0.5,0.0,0.75,C
BR_00066,CR_YT_127,1.0,0.75,0.0,0.875,B
BR_00066,CR_YT_133,1.0,0.75,0.0,0.875,B
BR_00066,CR_YT_136,1.0,0.5,0.0,0.75,C
BR_00066,CR_YT_137,1.0,0.5,0.0,0.75,C
BR_00066,CR_YT_139,1.0,0.75,0.0,0.875,B
BR_00066,CR_YT_148,1.0,0.75,0.0,0.875,B
BR_00066,CR_YT_151,1.0,0.75,0.0,0.875,B
BR_00066,CR_YT_157,1.0,0.75,0.0,0.875,B
BR_00066,CR_YT_158,1.0,0.75,0.0,0.875,B
BR_00066,CR_YT_163,1.0,0.75,0.0,0.875,B
BR_00066,CR_YT_170,1.0,0.75,0.0,0.875,B
BR_00066,CR_YT_179,1.0,0.75,0.0,0.875,B
BR_00066,CR_YT_187,1.0,0.75,0.0,0.875,B
BR_00066,CR_YT_189,1.0,0.75,0.0,0.875,B
BR_00066,CR_YT_203,1.0,0.75,0.0,0.875,B
BR_00066,CR_YT_207,1.0,0.75,0.0,0.875,B
BR_00066,CR_YT_208,1.0,0.75,0.0,0.875,B
BR_00066,CR_YT_210,1.0,0.75,0.0,0.875,B
BR_00066,CR_YT_215,1.0,0.75,0.0,0.875,B
BR_00066,CR_YT_216,1.0,0.5,0.0,0.75,C
BR_00066,CR_YT_217,1.0,0.75,0.0,0.875,B
BR_00066,CR_YT_223,1.0,0.75,0.0,0.875,B
BR_00066,CR_YT_226,1.0,0.75,0.0,0.875,B
BR_00066,CR_YT_234,1.0,0.75,0.0,0.875,B
BR_00066,CR_YT_237,1.0,0.75,0.0,0.875,B
BR_00066,CR_YT_243,1.0,0.5,0.0,0.75,C
BR_00066,CR_YT_256,1.0,0.75,0.0,0.875,B
BR_00066,CR_YT_257,1.0,0.75,0.0,0.875,B
BR_00066,CR_YT_260,1.0,0.5,0.0,0.75,C
BR_00066,CR_YT_264,1.0,0.5,0.0,0.75,C
BR_00066,CR_YT_269,1.0,0.75,0.0,0.875,B
BR_00066,CR_YT_273,1.0,0.75,0.0,0.875,B
BR_00066,CR_YT_274,1.0,0.75,0.0,0.875,B
BR_00066,CR_YT_275,1.0,0.75,0.0,0.875,B
BR_00066,CR_YT_276,1.0,0.75,0.0,0.875,B
BR_00066,CR_YT_283,1.0,0.5,0.0,0.75,C
BR_00066,CR_YT_288,1.0,0.75,0.0,0.875,B
BR_00066,CR_YT_297,1.0,0.75,0.0,0.875,B
BR_00066,CR_YT_300,1.0,0.75,0.0,0.875,B
BR_00066,CR_TK_001,1.0,0.75,0.0,0.875,B
BR_00066,CR_TK_009,1.0,0.75,0.0,0.875,B
BR_00066,CR_TK_016,1.0,0.75,0.0,0.875,B
BR_00066,CR_TK_022,1.0,0.5,0.0,0.75,C
BR_00066,CR_TK_024,1.0,0.75,0.0,0.875,B
BR_00066,CR_TK_027,1.0,0.75,0.0,0.875,B
BR_00066,CR_TK_028,1.0,0.5,0.0,0.75,C
BR_00066,CR_TK_034,1.0,0.5,0.0,0.75,C
BR_00066,CR_TK_035,1.0,0.75,0.0,0.875,B
BR_00066,CR_TK_042,1.0,0.75,0.0,0.875,B
BR_00066,CR_TK_052,1.0,0.75,0.92,0.893,B
BR_00066,CR_TK_055,1.0,0.75,0.0,0.875,B
BR_00066,CR_TK_063,1.0,0.75,0.0,0.875,B
BR_00066,CR_TK_064,1.0,0.75,0.0,0.875,B
BR_00066,CR_TK_077,1.0,0.75,0.0,0.875,B
BR_00066,CR_TK_078,1.0,0.75,0.0,0.875,B
BR_00066,CR_TK_079,1.0,0.75,0.0,0.875,B
BR_00066,CR_TK_081,1.0,0.75,0.0,0.875,B
BR_00066,CR_TK_084,1.0,0.75,0.0,0.875,B
BR_00066,CR_TK_087,1.0,0.5,0.0,0.75,C
BR_00066,CR_TK_088,1.0,0.75,0.74,0.821,B
BR_00066,CR_TK_089,1.0,0.75,0.0,0.875,B
BR_00066,CR_TK_091,1.0,0.75,0.0,0.875,B
BR_00066,CR_TK_107,1.0,0.75,0.0,0.875,B
BR_00066,CR_TK_115,1.0,0.75,0.0,0.875,B
BR_00066,CR_TK_125,1.0,0.5,0.0,0.75,C
BR_00066,CR_TK_135,1.0,0.75,0.0,0.875,B
BR_00066,CR_TK_136,1.0,0.5,0.0,0.75,C
BR_00066,CR_TK_150,1.0,0.75,0.0,0.875,B
BR_00066,CR_TK_155,1.0,0.75,0.0,0.875,B
BR_00066,CR_TK_156,1.0,0.75,0.0,0.875,B
BR_00066,CR_TK_162,1.0,0.75,0.0,0.875,B
BR_00066,CR_TK_170,1.0,0.5,0.0,0.75,C
BR_00066,CR_TK_173,1.0,0.5,0.0,0.75,C
BR_00066,CR_TK_183,1.0,0.5,0.0,0.75,C
BR_00066,CR_TK_184,1.0,0.5,0.78,0.762,C
BR_00066,CR_TK_190,1.0,0.75,0.0,0.875,B
BR_00067,CR_YT_002,1.0,1.0,0.0,1.0,A
BR_00067,CR_YT_004,1.0,1.0,0.0,1.0,A
BR_00067,CR_YT_034,1.0,0.75,0.46,0.709,C
BR_00067,CR_YT_038,1.0,1.0,0.0,1.0,A
BR_00067,CR_YT_055,1.0,1.0,0.0,1.0,A
BR_00067,CR_YT_063,1.0,1.0,0.0,1.0,A
BR_00067,CR_YT_078,1.0,1.0,0.0,1.0,A
BR_00067,CR_YT_093,1.0,1.0,0.0,1.0,A
BR_00067,CR_YT_095,1.0,1.0,0.0,1.0,A
BR_00067,CR_YT_117,1.0,1.0,0.0,1.0,A
BR_00067,CR_YT_121,1.0,1.0,0.0,1.0,A
BR_00067,CR_YT_128,1.0,1.0,0.0,1.0,A
BR_00067,CR_YT_141,1.0,1.0,0.0,1.0,A
BR_00067,CR_YT_142,1.0,1.0,0.0,1.0,A
BR_00067,CR_YT_143,1.0,1.0,0.0,1.0,A
BR_00067,CR_YT_149,1.0,1.0,0.0,1.0,A
BR_00067,CR_YT_150,1.0,1.0,0.64,0.856,B
BR_00067,CR_YT_154,1.0,1.0,0.0,1.0,A
BR_00067,CR_YT_169,1.0,1.0,0.0,1.0,A
BR_00067,CR_YT_178,1.0,1.0,0.0,1.0,A
BR_00067,CR_YT_185,1.0,1.0,0.0,1.0,A
BR_00067,CR_YT_194,1.0,1.0,0.0,1.0,A
BR_00067,CR_YT_253,1.0,1.0,0.0,1.0,A
BR_00067,CR_YT_266,1.0,1.0,0.0,1.0,A
BR_00067,CR_YT_267,1.0,1.0,0.0,1.0,A
BR_00067,CR_YT_290,1.0,1.0,0.0,1.0,A
BR_00067,CR_YT_296,1.0,1.0,0.0,1.0,A
BR_00067,CR_TK_019,1.0,1.0,0.0,1.0,A
BR_00067,CR_TK_025,1.0,1.0,0.0,1.0,A
BR_00067,CR_TK_038,1.0,1.0,0.0,1.0,A
BR_00067,CR_TK_040,1.0,1.0,0.0,1.0,A
BR_00067,CR_TK_053,1.0,1.0,1.0,1.0,A
BR_00067,CR_TK_060,1.0,1.0,0.0,1.0,A
BR_00067,CR_TK_067,1.0,1.0,0.0,1.0,A
BR_00067,CR_TK_073,1.0,1.0,0.0,1.0,A
BR_00067,CR_TK_080,1.0,1.0,0.0,1.0,A
BR_00067,CR_TK_095,1.0,1.0,0.0,1.0,A
BR_00067,CR_TK_102,1.0,1.0,0.0,1.0,A
BR_00067,CR_TK_106,1.0,1.0,0.0,1.0,A
BR_00067,CR_TK_109,1.0,1.0,0.0,1.0,A
BR_00067,CR_TK_117,1.0,1.0,0.8,0.92,A
BR_00067,CR_TK_126,1.0,1.0,0.0,1.0,A
BR_00067,CR_TK_127,1.0,1.0,0.0,1.0,A
BR_00067,CR_TK_139,1.0,1.0,0.0,1.0,A
BR_00067,CR_TK_143,1.0,1.0,0.0,1.0,A
BR_00067,CR_TK_147,1.0,1.0,0.0,1.0,A
BR_00067,CR_TK_151,1.0,1.0,0.0,1.0,A
BR_00067,CR_TK_164,1.0,1.0,0.0,1.0,A
BR_00067,CR_TK_180,1.0,1.0,0.0,1.0,A
BR_00068,CR_YT_003,1.0,0.5,0.0,0.75,C
BR_00068,CR_YT_007,1.0,0.75,0.0,0.875,B
BR_00068,CR_YT_012,1.0,0.75,0.0,0.875,B
BR_00068,CR_YT_020,0.5,1.0,0.0,0.75,C
BR_00068,CR_YT_022,1.0,0.75,0.0,0.875,B
BR_00068,CR_YT_031,1.0,0.5,0.0,0.75,C
BR_00068,CR_YT_032,0.5,0.75,0.78,0.687,D
BR_00068,CR_YT_033,0.5,0.75,0.0,0.625,D
BR_00068,CR_YT_040,1.0,0.5,1.0,0.85,B
BR_00068,CR_YT_041,1.0,1.0,0.0,1.0,A
BR_00068,CR_YT_042,0.5,0.75,0.0,0.625,D
BR_00068,CR_YT_045,1.0,0.75,0.0,0.875,B
BR_00068,CR_YT_046,1.0,0.75,0.0,0.875,B
BR_00068,CR_YT_047,1.0,0.75,0.0,0.875,B
BR_00068,CR_YT_048,1.0,0.75,0.0,0.875,B
BR_00068,CR_YT_049,1.0,1.0,0.0,1.0,A
BR_00068,CR_YT_051,1.0,0.75,0.0,0.875,B
BR_00068,CR_YT_054,1.0,0.75,0.0,0.875,B
BR_00068,CR_YT_058,1.0,0.5,0.0,0.75,C
BR_00068,CR_YT_060,1.0,0.75,0.7,0.805,B
BR_00068,CR_YT_061,1.0,0.75,0.0,0.875,B
BR_00068,CR_YT_062,1.0,0.5,0.0,0.75,C
BR_00068,CR_YT_067,1.0,0.75,0.0,0.875,B
BR_00068,CR_YT_068,1.0,0.5,0.0,0.75,C
BR_00068,CR_YT_070,0.5,0.75,0.0,0.625,D
BR_00068,CR_YT_071,1.0,1.0,0.0,1.0,A
BR_00068,CR_YT_073,1.0,0.75,0.0,0.875,B
BR_00068,CR_YT_075,0.5,0.75,0.0,0.625,D
BR_00068,CR_YT_079,1.0,0.75,0.0,0.875,B
BR_00068,CR_YT_085,1.0,1.0,0.0,1.0,A
BR_00068,CR_YT_088,1.0,1.0,0.0,1.0,A
BR_00068,CR_YT_091,1.0,0.5,0.0,0.75,C
BR_00068,CR_YT_099,1.0,0.5,0.0,0.75,C
BR_00068,CR_YT_102,1.0,0.75,0.82,0.853,B
BR_00068,CR_YT_111,1.0,1.0,0.0,1.0,A
BR_00068,CR_YT_115,1.0,1.0,0.0,1.0,A
BR_00068,CR_YT_120,1.0,0.75,0.0,0.875,B
BR_00068,CR_YT_122,0.5,0.75,0.0,0.625,D
BR_00068,CR_YT_123,1.0,0.5,0.0,0.75,C
BR_00068,CR_YT_125,1.0,0.75,0.0,0.875,B
BR_00068,CR_YT_126,0.5,0.75,0.0,0.625,D
BR_00068,CR_YT_129,0.5,0.5,0.0,0.5,D
BR_00068,CR_YT_130,0.5,1.0,0.0,0.75,C
BR_00068,CR_YT_133,1.0,0.5,0.0,0.75,C
BR_00068,CR_YT_135,1.0,0.75,0.0,0.875,B
BR_00068,CR_YT_136,1.0,0.5,0.0,0.75,C
BR_00068,CR_YT_138,1.0,0.75,0.92,0.893,B
BR_00068,CR_YT_146,0.5,0.75,0.0,0.625,D
BR_00068,CR_YT_148,1.0,0.5,0.84,0.786,C
BR_00068,CR_YT_158,1.0,0.5,0.0,0.75,C
BR_00068,CR_YT_162,0.5,0.75,0.0,0.625,D
BR_00068,CR_YT_163,1.0,0.5,0.0,0.75,C
BR_00068,CR_YT_167,0.5,0.75,0.0,0.625,D
BR_00068,CR_YT_171,1.0,1.0,0.0,1.0,A
BR_00068,CR_YT_179,1.0,0.5,0.0,0.75,C
BR_00068,CR_YT_183,0.5,0.75,0.0,0.625,D
BR_00068,CR_YT_184,0.5,0.75,0.0,0.625,D
BR_00068,CR_YT_186,1.0,0.75,0.72,0.813,B
BR_00068,CR_YT_193,1.0,0.75,0.0,0.875,B
BR_00068,CR_YT_203,1.0,0.5,0.0,0.75,C
BR_00068,CR_YT_212,0.5,0.75,0.0,0.625,D
BR_00068,CR_YT_214,1.0,0.75,0.0,0.875,B
BR_00068,CR_YT_217,1.0,0.5,0.0,0.75,C
BR_00068,CR_YT_221,1.0,0.75,0.0,0.875,B
BR_00068,CR_YT_223,1.0,0.5,0.0,0.75,C
BR_00068,CR_YT_226,1.0,0.5,0.78,0.762,C
BR_00068,CR_YT_228,1.0,0.75,0.0,0.875,B
BR_00068,CR_YT_230,1.0,0.75,0.0,0.875,B
BR_00068,CR_YT_231,0.5,0.75,0.0,0.625,D
BR_00068,CR_YT_237,1.0,0.5,0.86,0.794,C
BR_00068,CR_YT_243,1.0,0.5,0.0,0.75,C
BR_00068,CR_YT_244,1.0,0.75,0.0,0.875,B
BR_00068,CR_YT_245,1.0,1.0,0.0,1.0,A
BR_00068,CR_YT_258,0.5,0.5,0.0,0.5,D
BR_00068,CR_YT_260,1.0,0.5,0.0,0.75,C
BR_00068,CR_YT_270,0.5,1.0,0.0,0.75,C
BR_00068,CR_YT_273,1.0,0.75,0.0,0.875,B
BR_00068,CR_YT_276,1.0,0.5,0.0,0.75,C
BR_00068,CR_YT_281,1.0,0.75,0.0,0.875,B
BR_00068,CR_YT_283,1.0,0.5,0.0,0.75,C
BR_00068,CR_YT_288,1.0,0.5,0.0,0.75,C
BR_00068,CR_YT_299,0.5,0.75,0.0,0.625,D
BR_00068,CR_YT_300,1.0,0.75,0.0,0.875,B
BR_00068,CR_TK_006,0.5,0.5,0.0,0.5,D
BR_00068,CR_TK_011,1.0,0.75,0.0,0.875,B
BR_00068,CR_TK_015,1.0,0.75,0.0,0.875,B
BR_00068,CR_TK_016,1.0,0.75,0.0,0.875,B
BR_00068,CR_TK_018,1.0,0.75,0.0,0.875,B
BR_00068,CR_TK_020,1.0,0.75,0.0,0.875,B
BR_00068,CR_TK_021,1.0,0.75,0.0,0.875,B
BR_00068,CR_TK_022,1.0,0.5,0.0,0.75,C
BR_00068,CR_TK_023,1.0,0.75,0.0,0.875,B
BR_00068,CR_TK_026,0.5,0.75,0.7,0.655,D
BR_00068,CR_TK_027,1.0,0.5,0.0,0.75,C
BR_00068,CR_TK_028,1.0,0.5,0.0,0.75,C
BR_00068,CR_TK_032,0.5,0.75,0.0,0.625,D
BR_00068,CR_TK_034,1.0,0.5,0.0,0.75,C
BR_00068,CR_TK_041,0.5,1.0,0.8,0.77,C
BR_00068,CR_TK_042,1.0,0.5,0.0,0.75,C
BR_00068,CR_TK_045,0.5,0.75,0.0,0.625,D
BR_00068,CR_TK_046,0.5,1.0,0.0,0.75,C
BR_00068,CR_TK_051,1.0,0.75,0.0,0.875,B
BR_00068,CR_TK_055,1.0,0.5,0.0,0.75,C
BR_00068,CR_TK_057,1.0,0.75,0.0,0.875,B
BR_00068,CR_TK_058,0.5,0.75,0.0,0.625,D
BR_00068,CR_TK_061,1.0,0.75,0.0,0.875,B
BR_00068,CR_TK_063,1.0,0.5,0.0,0.75,C
BR_00068,CR_TK_074,1.0,0.75,0.0,0.875,B
BR_00068,CR_TK_076,1.0,0.75,0.0,0.875,B
BR_00068,CR_TK_077,1.0,0.75,0.8696,0.8728,B
BR_00068,CR_TK_078,1.0,0.5,0.0,0.75,C
BR_00068,CR_TK_081,1.0,0.5,0.0,0.75,C
BR_00068,CR_TK_084,1.0,0.5,0.66,0.714,C
BR_00068,CR_TK_086,0.5,0.75,0.0,0.625,D
BR_00068,CR_TK_087,1.0,0.5,0.0,0.75,C
BR_00068,CR_TK_088,1.0,0.5,0.0,0.75,C
BR_00068,CR_TK_091,1.0,0.5,0.0,0.75,C
BR_00068,CR_TK_108,1.0,0.75,0.0,0.875,B
BR_00068,CR_TK_118,0.5,0.75,0.0,0.625,D
BR_00068,CR_TK_120,1.0,0.75,0.0,0.875,B
BR_00068,CR_TK_128,0.5,0.75,0.0,0.625,D
BR_00068,CR_TK_134,0.5,1.0,0.0,0.75,C
BR_00068,CR_TK_140,1.0,1.0,0.0,1.0,A
BR_00068,CR_TK_142,1.0,1.0,0.0,1.0,A
BR_00068,CR_TK_146,1.0,0.75,0.0,0.875,B
BR_00068,CR_TK_150,1.0,0.5,0.0,0.75,C
BR_00068,CR_TK_152,1.0,0.75,0.0,0.875,B
BR_00068,CR_TK_156,1.0,0.5,0.0,0.75,C
BR_00068,CR_TK_159,0.5,0.75,0.0,0.625,D
BR_00068,CR_TK_161,1.0,0.75,0.0,0.875,B
BR_00068,CR_TK_162,1.0,0.5,0.0,0.75,C
BR_00068,CR_TK_165,1.0,1.0,0.0,1.0,A
BR_00068,CR_TK_166,1.0,0.75,0.0,0.875,B
BR_00068,CR_TK_171,1.0,0.75,0.0,0.875,B
BR_00068,CR_TK_175,1.0,0.75,0.0,0.875,B
BR_00068,CR_TK_179,0.5,0.75,0.0,0.625,D
BR_00068,CR_TK_191,1.0,0.75,0.0,0.875,B
BR_00068,CR_TK_192,1.0,1.0,0.0,1.0,A
BR_00068,CR_TK_196,1.0,0.75,0.76,0.829,B
BR_00068,CR_TK_197,0.5,0.75,0.0,0.625,D
BR_00068,CR_TK_199,0.5,1.0,0.0,0.75,C
BR_00069,CR_YT_003,1.0,0.75,0.9568,0.9077,A
BR_00069,CR_YT_005,1.0,0.75,0.0,0.875,B
BR_00069,CR_YT_006,1.0,0.75,0.0,0.875,B
BR_00069,CR_YT_009,1.0,0.5,0.5,0.65,D
BR_00069,CR_YT_010,1.0,0.75,0.0,0.875,B
BR_00069,CR_YT_015,1.0,0.75,0.0,0.875,B
BR_00069,CR_YT_023,1.0,0.75,0.8,0.845,B
BR_00069,CR_YT_029,1.0,0.75,0.0,0.875,B
BR_00069,CR_YT_031,1.0,0.75,0.0,0.875,B
BR_00069,CR_YT_036,1.0,0.75,0.84,0.861,B
BR_00069,CR_YT_039,1.0,0.75,0.0,0.875,B
BR_00069,CR_YT_040,1.0,0.75,0.98,0.917,A
BR_00069,CR_YT_048,1.0,0.75,0.0,0.875,B
BR_00069,CR_YT_057,1.0,0.75,0.82,0.853,B
BR_00069,CR_YT_058,1.0,0.75,0.0,0.875,B
BR_00069,CR_YT_060,1.0,0.75,0.0,0.875,B
BR_00069,CR_YT_062,1.0,0.75,0.0,0.875,B
BR_00069,CR_YT_068,1.0,0.75,0.0,0.875,B
BR_00069,CR_YT_073,1.0,0.75,0.0,0.875,B
BR_00069,CR_YT_077,1.0,0.75,0.0,0.875,B
BR_00069,CR_YT_079,1.0,0.75,0.62,0.773,C
BR_00069,CR_YT_090,1.0,0.75,0.0,0.875,B
BR_00069,CR_YT_091,1.0,0.75,0.0,0.875,B
BR_00069,CR_YT_092,1.0,0.75,0.0,0.875,B
BR_00069,CR_YT_099,1.0,0.75,0.0,0.875,B
BR_00069,CR_YT_102,1.0,0.75,0.0,0.875,B
BR_00069,CR_YT_107,1.0,0.75,0.0,0.875,B
BR_00069,CR_YT_108,1.0,0.75,0.0,0.875,B
BR_00069,CR_YT_110,1.0,0.75,0.0,0.875,B
BR_00069,CR_YT_118,1.0,0.75,0.0,0.875,B
BR_00069,CR_YT_123,1.0,0.75,0.0,0.875,B
BR_00069,CR_YT_127,1.0,0.75,0.0,0.875,B
BR_00069,CR_YT_133,1.0,0.75,0.0,0.875,B
BR_00069,CR_YT_136,1.0,0.75,0.0,0.875,B
BR_00069,CR_YT_137,1.0,0.75,0.0,0.875,B
BR_00069,CR_YT_139,1.0,0.75,0.7,0.805,B
BR_00069,CR_YT_148,1.0,0.75,0.0,0.875,B
BR_00069,CR_YT_151,1.0,0.75,0.72,0.813,B
BR_00069,CR_YT_157,1.0,0.75,0.0,0.875,B
BR_00069,CR_YT_158,1.0,0.75,0.0,0.875,B
BR_00069,CR_YT_163,1.0,0.75,0.0,0.875,B
BR_00069,CR_YT_170,1.0,0.75,0.82,0.853,B
BR_00069,CR_YT_179,1.0,0.75,0.0,0.875,B
BR_00069,CR_YT_187,1.0,0.75,0.0,0.875,B
BR_00069,CR_YT_189,1.0,0.75,0.82,0.853,B
BR_00069,CR_YT_203,1.0,0.75,0.0,0.875,B
BR_00069,CR_YT_207,1.0,0.75,0.0,0.875,B
BR_00069,CR_YT_208,1.0,0.75,1.0,0.925,A
BR_00069,CR_YT_210,1.0,0.75,0.0,0.875,B
BR_00069,CR_YT_215,1.0,0.75,0.0,0.875,B
BR_00069,CR_YT_216,1.0,0.75,0.0,0.875,B
BR_00069,CR_YT_217,1.0,0.75,0.0,0.875,B
BR_00069,CR_YT_223,1.0,0.75,0.0,0.875,B
BR_00069,CR_YT_226,1.0,0.75,0.0,0.875,B
BR_00069,CR_YT_234,1.0,0.75,0.0,0.875,B
BR_00069,CR_YT_237,1.0,0.75,0.58,0.757,C
BR_00069,CR_YT_243,1.0,0.75,0.0,0.875,B
BR_00069,CR_YT_256,1.0,0.75,0.0,0.875,B
BR_00069,CR_YT_257,1.0,0.75,0.0,0.875,B
BR_00069,CR_YT_260,1.0,0.75,0.0,0.875,B
BR_00069,CR_YT_264,1.0,0.75,0.0,0.875,B
BR_00069,CR_YT_269,1.0,0.75,0.0,0.875,B
BR_00069,CR_YT_273,1.0,0.75,0.0,0.875,B
BR_00069,CR_YT_274,1.0,0.75,0.0,0.875,B
BR_00069,CR_YT_275,1.0,0.75,0.0,0.875,B
BR_00069,CR_YT_276,1.0,0.75,0.0,0.875,B
BR_00069,CR_YT_283,1.0,0.75,0.0,0.875,B
BR_00069,CR_YT_288,1.0,0.75,0.0,0.875,B
BR_00069,CR_YT_297,1.0,0.75,0.0,0.875,B
BR_00069,CR_YT_300,1.0,0.75,0.0,0.875,B
BR_00069,CR_TK_001,1.0,0.75,0.0,0.875,B
BR_00069,CR_TK_009,1.0,0.75,0.0,0.875,B
BR_00069,CR_TK_016,1.0,0.75,0.0,0.875,B
BR_00069,CR_TK_022,1.0,0.75,0.0,0.875,B
BR_00069,CR_TK_024,1.0,0.75,0.0,0.875,B
BR_00069,CR_TK_027,1.0,0.75,0.0,0.875,B
BR_00069,CR_TK_028,1.0,0.75,0.0,0.875,B
BR_00069,CR_TK_034,1.0,0.5,0.0,0.75,C
BR_00069,CR_TK_035,1.0,0.75,0.98,0.917,A
BR_00069,CR_TK_042,1.0,0.75,0.0,0.875,B
BR_00069,CR_TK_052,1.0,0.75,0.0,0.875,B
BR_00069,CR_TK_055,1.0,0.75,0.0,0.875,B
BR_00069,CR_TK_063,1.0,0.75,0.0,0.875,B
BR_00069,CR_TK_064,1.0,0.75,0.0,0.875,B
BR_00069,CR_TK_077,1.0,0.75,0.0,0.875,B
BR_00069,CR_TK_078,1.0,0.75,0.0,0.875,B
BR_00069,CR_TK_079,1.0,0.75,0.0,0.875,B
BR_00069,CR_TK_081,1.0,0.75,0.0,0.875,B
BR_00069,CR_TK_084,1.0,0.75,0.0,0.875,B
BR_00069,CR_TK_087,1.0,0.75,0.0,0.875,B
BR_00069,CR_TK_088,1.0,0.75,0.0,0.875,B
BR_00069,CR_TK_089,1.0,0.75,0.0,0.875,B
BR_00069,CR_TK_091,1.0,0.75,0.0,0.875,B
BR_00069,CR_TK_107,1.0,0.75,0.0,0.875,B
BR_00069,CR_TK_115,1.0,0.75,0.0,0.875,B
BR_00069,CR_TK_125,1.0,0.75,0.8,0.845,B
BR_00069,CR_TK_135,1.0,0.75,0.0,0.875,B
BR_00069,CR_TK_136,1.0,0.75,0.0,0.875,B
BR_00069,CR_TK_150,1.0,0.75,0.0,0.875,B
BR_00069,CR_TK_155,1.0,0.75,0.0,0.875,B
BR_00069,CR_TK_156,1.0,0.75,0.0,0.875,B
BR_00069,CR_TK_162,1.0,0.75,0.0,0.875,B
BR_00069,CR_TK_170,1.0,0.75,0.0,0.875,B
BR_00069,CR_TK_173,1.0,0.75,0.0,0.875,B
BR_00069,CR_TK_183,1.0,0.75,0.0,0.875,B
BR_00069,CR_TK_184,1.0,0.75,0.0,0.875,B
BR_00069,CR_TK_190,1.0,0.75,0.88,0.877,B
BR_00070,CR_YT_003,1.0,0.5,0.0,0.75,C
BR_00070,CR_YT_005,1.0,0.75,0.0,0.875,B
BR_00070,CR_YT_006,1.0,0.75,0.64,0.781,C
BR_00070,CR_YT_009,1.0,0.5,0.0,0.75,C
BR_00070,CR_YT_010,1.0,0.75,0.0,0.875,B
BR_00070,CR_YT_015,1.0,1.0,0.0,1.0,A
BR_00070,CR_YT_023,1.0,1.0,0.7,0.88,B
BR_00070,CR_YT_029,1.0,0.75,0.0,0.875,B
BR_00070,CR_YT_031,1.0,0.5,0.0,0.75,C
BR_00070,CR_YT_036,1.0,0.75,0.0,0.875,B
BR_00070,CR_YT_039,1.0,1.0,0.0,1.0,A
BR_00070,CR_YT_040,1.0,0.75,0.92,0.893,B
BR_00070,CR_YT_048,1.0,0.75,0.0,0.875,B
BR_00070,CR_YT_057,1.0,0.75,0.0,0.875,B
BR_00070,CR_YT_058,1.0,0.5,0.0,0.75,C
BR_00070,CR_YT_060,1.0,0.75,0.0,0.875,B
BR_00070,CR_YT_062,1.0,0.5,0.0,0.75,C
BR_00070,CR_YT_068,1.0,0.75,0.82,0.853,B
BR_00070,CR_YT_073,1.0,0.75,0.76,0.829,B
BR_00070,CR_YT_077,1.0,0.75,0.0,0.875,B
BR_00070,CR_YT_079,1.0,0.75,0.78,0.837,B
BR_00070,CR_YT_090,1.0,0.75,0.0,0.875,B
BR_00070,CR_YT_091,1.0,0.5,0.0,0.75,C
BR_00070,CR_YT_092,1.0,0.75,0.0,0.875,B
BR_00070,CR_YT_099,1.0,0.5,0.0,0.75,C
BR_00070,CR_YT_102,1.0,0.75,0.0,0.875,B
BR_00070,CR_YT_107,1.0,0.75,0.0,0.875,B
BR_00070,CR_YT_108,1.0,0.75,0.0,0.875,B
BR_00070,CR_YT_110,1.0,0.75,0.0,0.875,B
BR_00070,CR_YT_118,1.0,0.75,0.0,0.875,B
BR_00070,CR_YT_123,1.0,0.5,0.0,0.75,C
BR_00070,CR_YT_127,1.0,1.0,0.0,1.0,A
BR_00070,CR_YT_133,1.0,0.5,0.0,0.75,C
BR_00070,CR_YT_136,1.0,0.5,0.0,0.75,C
BR_00070,CR_YT_137,1.0,0.75,0.0,0.875,B
BR_00070,CR_YT_139,1.0,1.0,0.0,1.0,A
BR_00070,CR_YT_148,1.0,0.5,0.0,0.75,C
BR_00070,CR_YT_151,1.0,0.75,0.0,0.875,B
BR_00070,CR_YT_157,1.0,0.75,0.0,0.875,B
BR_00070,CR_YT_158,1.0,0.5,1.0,0.85,B
BR_00070,CR_YT_163,1.0,0.5,0.0,0.75,C
BR_00070,CR_YT_170,1.0,1.0,0.0,1.0,A
BR_00070,CR_YT_179,1.0,0.5,0.0,0.75,C
BR_00070,CR_YT_187,1.0,1.0,0.0,1.0,A
BR_00070,CR_YT_189,1.0,0.75,0.0,0.875,B
BR_00070,CR_YT_203,1.0,0.5,0.0,0.75,C
BR_00070,CR_YT_207,1.0,1.0,0.0,1.0,A
BR_00070,CR_YT_208,1.0,1.0,0.0,1.0,A
BR_00070,CR_YT_210,1.0,1.0,0.0,1.0,A
BR_00070,CR_YT_215,1.0,1.0,0.0,1.0,A
BR_00070,CR_YT_216,1.0,0.75,0.0,0.875,B
BR_00070,CR_YT_217,1.0,0.5,0.0,0.75,C
BR_00070,CR_YT_223,1.0,0.5,0.0,0.75,C
BR_00070,CR_YT_226,1.0,0.5,0.0,0.75,C
BR_00070,CR_YT_234,1.0,0.75,0.88,0.877,B
BR_00070,CR_YT_237,1.0,0.5,0.76,0.754,C
BR_00070,CR_YT_243,1.0,0.5,0.0,0.75,C
BR_00070,CR_YT_256,1.0,0.75,0.0,0.875,B
BR_00070,CR_YT_257,1.0,0.75,0.0,0.875,B
BR_00070,CR_YT_260,1.0,0.5,0.0,0.75,C
BR_00070,CR_YT_264,1.0,0.75,0.0,0.875,B
BR_00070,CR_YT_269,1.0,0.75,0.0,0.875,B
BR_00070,CR_YT_273,1.0,0.75,0.0,0.875,B
BR_00070,CR_YT_274,1.0,0.75,0.0,0.875,B
BR_00070,CR_YT_275,1.0,0.75,0.0,0.875,B
BR_00070,CR_YT_276,1.0,0.75,0.0,0.875,B
BR_00070,CR_YT_283,1.0,0.5,0.0,0.75,C
BR_00070,CR_YT_288,1.0,0.5,0.0,0.75,C
BR_00070,CR_YT_297,1.0,0.75,0.0,0.875,B
BR_00070,CR_YT_300,1.0,0.75,0.0,0.875,B
BR_00070,CR_TK_001,1.0,0.75,0.0,0.875,B
BR_00070,CR_TK_009,1.0,0.75,0.0,0.875,B
BR_00070,CR_TK_016,1.0,0.75,0.86,0.869,B
BR_00070,CR_TK_022,1.0,0.5,0.0,0.75,C
BR_00070,CR_TK_024,1.0,1.0,0.0,1.0,A
BR_00070,CR_TK_027,1.0,0.5,0.0,0.75,C
BR_00070,CR_TK_028,1.0,0.5,0.0,0.75,C
BR_00070,CR_TK_034,1.0,0.5,0.0,0.75,C
BR_00070,CR_TK_035,1.0,0.75,0.0,0.875,B
BR_00070,CR_TK_042,1.0,0.5,0.9,0.81,B
BR_00070,CR_TK_052,1.0,1.0,0.0,1.0,A
BR_00070,CR_TK_055,1.0,0.5,1.0,0.85,B
BR_00070,CR_TK_063,1.0,0.75,0.68,0.797,C
BR_00070,CR_TK_064,1.0,0.75,0.0,0.875,B
BR_00070,CR_TK_077,1.0,0.75,0.0,0.875,B
BR_00070,CR_TK_078,1.0,0.5,0.0,0.75,C
BR_00070,CR_TK_079,1.0,0.75,0.0,0.875,B
BR_00070,CR_TK_081,1.0,0.5,0.0,0.75,C
BR_00070,CR_TK_084,1.0,0.75,0.0,0.875,B
BR_00070,CR_TK_087,1.0,0.5,0.0,0.75,C
BR_00070,CR_TK_088,1.0,0.5,0.0,0.75,C
BR_00070,CR_TK_089,1.0,1.0,0.86,0.944,A
BR_00070,CR_TK_091,1.0,0.5,0.9162,0.8165,B
BR_00070,CR_TK_107,1.0,1.0,0.0,1.0,A
BR_00070,CR_TK_115,1.0,0.75,0.0,0.875,B
BR_00070,CR_TK_125,1.0,0.75,0.0,0.875,B
BR_00070,CR_TK_135,1.0,0.75,0.0,0.875,B
BR_00070,CR_TK_136,1.0,0.75,1.0,0.925,A
BR_00070,CR_TK_150,1.0,0.5,0.0,0.75,C
BR_00070,CR_TK_155,1.0,0.75,0.0,0.875,B
BR_00070,CR_TK_156,1.0,0.5,0.0,0.75,C
BR_00070,CR_TK_162,1.0,0.5,0.0,0.75,C
BR_00070,CR_TK_170,1.0,0.75,0.0,0.875,B
BR_00070,CR_TK_173,1.0,0.75,0.0,0.875,B
BR_00070,CR_TK_183,1.0,0.75,0.0,0.875,B
BR_00070,CR_TK_184,1.0,0.75,0.0,0.875,B
BR_00070,CR_TK_190,1.0,0.75,0.0,0.875,B
BR_00071,CR_YT_003,1.0,1.0,0.0,1.0,A
BR_00071,CR_YT_011,1.0,1.0,0.0,1.0,A
BR_00071,CR_YT_014,1.0,1.0,0.0,1.0,A
BR_00071,CR_YT_026,1.0,1.0,0.0,1.0,A
BR_00071,CR_YT_031,1.0,1.0,0.0,1.0,A
BR_00071,CR_YT_035,1.0,1.0,0.0,1.0,A
BR_00071,CR_YT_040,1.0,1.0,1.0,1.0,A
BR_00071,CR_YT_048,1.0,1.0,0.0,1.0,A
BR_00071,CR_YT_058,1.0,1.0,0.0,1.0,A
BR_00071,CR_YT_060,1.0,1.0,0.7,0.88,B
BR_00071,CR_YT_062,1.0,1.0,0.0,1.0,A
BR_00071,CR_YT_068,1.0,1.0,0.0,1.0,A
BR_00071,CR_YT_069,1.0,1.0,0.0,1.0,A
BR_00071,CR_YT_073,1.0,1.0,0.0,1.0,A
BR_00071,CR_YT_076,1.0,1.0,0.0,1.0,A
BR_00071,CR_YT_079,1.0,1.0,0.0,1.0,A
BR_00071,CR_YT_084,1.0,1.0,0.0,1.0,A
BR_00071,CR_YT_091,1.0,1.0,0.0,1.0,A
BR_00071,CR_YT_094,1.0,1.0,0.0,1.0,A
BR_00071,CR_YT_096,1.0,1.0,0.88,0.952,A
BR_00071,CR_YT_099,1.0,1.0,0.0,1.0,A
BR_00071,CR_YT_102,1.0,1.0,0.0,1.0,A
BR_00071,CR_YT_112,1.0,1.0,0.0,1.0,A
BR_00071,CR_YT_114,1.0,1.0,0.0,1.0,A
BR_00071,CR_YT_123,1.0,1.0,0.0,1.0,A
BR_00071,CR_YT_133,1.0,1.0,0.0,1.0,A
BR_00071,CR_YT_136,1.0,1.0,0.0,1.0,A
BR_00071,CR_YT_145,1.0,1.0,0.0,1.0,A
BR_00071,CR_YT_148,1.0,1.0,0.0,1.0,A
BR_00071,CR_YT_155,1.0,1.0,0.0,1.0,A
BR_00071,CR_YT_158,1.0,1.0,0.0,1.0,A
BR_00071,CR_YT_163,1.0,1.0,0.0,1.0,A
BR_00071,CR_YT_165,1.0,1.0,0.0,1.0,A
BR_00071,CR_YT_175,1.0,1.0,0.62,0.848,B
BR_00071,CR_YT_176,1.0,1.0,0.0,1.0,A
BR_00071,CR_YT_179,1.0,1.0,0.0,1.0,A
BR_00071,CR_YT_188,1.0,1.0,0.0,1.0,A
BR_00071,CR_YT_190,1.0,1.0,0.0,1.0,A
BR_00071,CR_YT_192,1.0,1.0,0.0,1.0,A
BR_00071,CR_YT_203,1.0,1.0,0.0,1.0,A
BR_00071,CR_YT_204,1.0,1.0,0.0,1.0,A
BR_00071,CR_YT_205,1.0,1.0,0.0,1.0,A
BR_00071,CR_YT_209,1.0,1.0,0.0,1.0,A
BR_00071,CR_YT_211,1.0,1.0,0.0,1.0,A
BR_00071,CR_YT_217,1.0,1.0,0.0,1.0,A
BR_00071,CR_YT_218,1.0,1.0,0.0,1.0,A
BR_00071,CR_YT_223,1.0,1.0,0.0,1.0,A
BR_00071,CR_YT_226,1.0,1.0,0.78,0.912,A
BR_00071,CR_YT_235,1.0,0.75,0.0,0.875,B
BR_00071,CR_YT_237,1.0,1.0,0.0,1.0,A
BR_00071,CR_YT_243,1.0,1.0,0.0,1.0,A
BR_00071,CR_YT_247,1.0,1.0,0.0,1.0,A
BR_00071,CR_YT_260,1.0,1.0,0.0,1.0,A
BR_00071,CR_YT_262,1.0,1.0,0.0,1.0,A
BR_00071,CR_YT_265,1.0,1.0,0.0,1.0,A
BR_00071,CR_YT_273,1.0,1.0,0.0,1.0,A
BR_00071,CR_YT_276,1.0,1.0,0.0,1.0,A
BR_00071,CR_YT_283,1.0,1.0,0.0,1.0,A
BR_00071,CR_YT_288,1.0,1.0,0.0,1.0,A
BR_00071,CR_YT_291,1.0,1.0,0.0,1.0,A
BR_00071,CR_YT_298,1.0,1.0,0.0,1.0,A
BR_00071,CR_YT_300,1.0,1.0,0.0,1.0,A
BR_00071,CR_TK_005,1.0,1.0,0.0,1.0,A
BR_00071,CR_TK_016,1.0,1.0,0.0,1.0,A
BR_00071,CR_TK_022,1.0,1.0,0.0,1.0,A
BR_00071,CR_TK_027,1.0,1.0,0.0,1.0,A
BR_00071,CR_TK_028,1.0,1.0,0.0,1.0,A
BR_00071,CR_TK_029,1.0,1.0,0.0,1.0,A
BR_00071,CR_TK_033,1.0,1.0,0.0,1.0,A
BR_00071,CR_TK_034,1.0,0.75,0.0,0.875,B
BR_00071,CR_TK_037,1.0,1.0,0.0,1.0,A
BR_00071,CR_TK_042,1.0,1.0,0.76,0.904,A
BR_00071,CR_TK_043,1.0,1.0,0.0,1.0,A
BR_00071,CR_TK_047,1.0,1.0,0.0,1.0,A
BR_00071,CR_TK_055,1.0,1.0,0.0,1.0,A
BR_00071,CR_TK_063,1.0,1.0,0.0,1.0,A
BR_00071,CR_TK_071,1.0,1.0,0.0,1.0,A
BR_00071,CR_TK_077,1.0,1.0,0.88,0.952,A
BR_00071,CR_TK_078,1.0,1.0,0.0,1.0,A
BR_00071,CR_TK_081,1.0,1.0,0.0,1.0,A
BR_00071,CR_TK_084,1.0,1.0,0.0,1.0,A
BR_00071,CR_TK_087,1.0,1.0,0.0,1.0,A
BR_00071,CR_TK_088,1.0,1.0,0.8647,0.9459,A
BR_00071,CR_TK_090,1.0,1.0,0.0,1.0,A
BR_00071,CR_TK_091,1.0,1.0,0.0,1.0,A
BR_00071,CR_TK_101,1.0,1.0,0.0,1.0,A
BR_00071,CR_TK_111,1.0,1.0,0.0,1.0,A
BR_00071,CR_TK_121,1.0,1.0,0.0,1.0,A
BR_00071,CR_TK_131,1.0,1.0,0.0,1.0,A
BR_00071,CR_TK_132,1.0,1.0,0.0,1.0,A
BR_00071,CR_TK_149,1.0,1.0,0.0,1.0,A
BR_00071,CR_TK_150,1.0,1.0,0.0,1.0,A
BR_00071,CR_TK_156,1.0,1.0,0.0,1.0,A
BR_00071,CR_TK_162,1.0,1.0,0.0,1.0,A
BR_00071,CR_TK_177,1.0,1.0,0.0,1.0,A
BR_00071,CR_TK_188,1.0,1.0,0.0,1.0,A
BR_00072,CR_YT_003,1.0,0.5,0.0,0.75,C
BR_00072,CR_YT_007,1.0,0.75,0.94,0.901,A
BR_00072,CR_YT_012,1.0,0.75,0.0,0.875,B
BR_00072,CR_YT_020,0.5,0.75,0.78,0.687,D
BR_00072,CR_YT_022,1.0,0.75,0.0,0.875,B
BR_00072,CR_YT_031,1.0,0.5,0.0,0.75,C
BR_00072,CR_YT_032,0.5,0.75,0.0,0.625,D
BR_00072,CR_YT_033,0.5,0.75,0.0,0.625,D
BR_00072,CR_YT_040,1.0,0.5,0.0,0.75,C
BR_00072,CR_YT_041,1.0,1.0,0.0,1.0,A
BR_00072,CR_YT_042,0.5,0.75,0.0,0.625,D
BR_00072,CR_YT_045,1.0,0.75,0.0,0.875,B
BR_00072,CR_YT_046,1.0,0.75,0.0,0.875,B
BR_00072,CR_YT_047,1.0,0.75,0.0,0.875,B
BR_00072,CR_YT_048,1.0,0.75,0.0,0.875,B
BR_00072,CR_YT_049,1.0,0.75,0.0,0.875,B
BR_00072,CR_YT_051,1.0,0.75,0.0,0.875,B
BR_00072,CR_YT_054,1.0,0.75,0.0,0.875,B
BR_00072,CR_YT_058,1.0,0.5,0.0,0.75,C
BR_00072,CR_YT_060,1.0,0.75,0.0,0.875,B
BR_00072,CR_YT_061,1.0,0.75,0.0,0.875,B
BR_00072,CR_YT_062,1.0,0.5,0.0,0.75,C
BR_00072,CR_YT_067,1.0,0.75,0.0,0.875,B
BR_00072,CR_YT_068,1.0,0.5,0.0,0.75,C
BR_00072,CR_YT_070,0.5,0.75,0.0,0.625,D
BR_00072,CR_YT_071,1.0,1.0,0.0,1.0,A
BR_00072,CR_YT_073,1.0,0.75,0.84,0.861,B
BR_00072,CR_YT_075,0.5,0.75,0.0,0.625,D
BR_00072,CR_YT_079,1.0,0.75,0.0,0.875,B
BR_00072,CR_YT_085,1.0,0.75,0.58,0.757,C
BR_00072,CR_YT_088,1.0,0.75,0.0,0.875,B
BR_00072,CR_YT_091,1.0,0.5,0.0,0.75,C
BR_00072,CR_YT_099,1.0,0.5,0.0,0.75,C
BR_00072,CR_YT_102,1.0,0.75,0.0,0.875,B
BR_00072,CR_YT_111,1.0,1.0,0.0,1.0,A
BR_00072,CR_YT_115,1.0,1.0,0.0,1.0,A
BR_00072,CR_YT_120,1.0,0.75,0.0,0.875,B
BR_00072,CR_YT_122,0.5,0.75,0.0,0.625,D
BR_00072,CR_YT_123,1.0,0.5,0.0,0.75,C
BR_00072,CR_YT_125,1.0,0.75,0.0,0.875,B
BR_00072,CR_YT_126,0.5,0.75,0.0,0.625,D
BR_00072,CR_YT_129,0.5,0.5,0.0,0.5,D
BR_00072,CR_YT_130,0.5,1.0,0.0,0.75,C
BR_00072,CR_YT_133,1.0,0.5,0.0,0.75,C
BR_00072,CR_YT_135,1.0,0.75,0.0,0.875,B
BR_00072,CR_YT_136,1.0,0.5,0.0,0.75,C
BR_00072,CR_YT_138,1.0,0.75,0.0,0.875,B
BR_00072,CR_YT_146,0.5,0.75,0.0,0.625,D
BR_00072,CR_YT_148,1.0,0.5,0.86,0.794,C
BR_00072,CR_YT_158,1.0,0.5,0.0,0.75,C
BR_00072,CR_YT_162,0.5,0.75,0.0,0.625,D
BR_00072,CR_YT_163,1.0,0.5,0.0,0.75,C
BR_00072,CR_YT_167,0.5,0.75,0.0,0.625,D
BR_00072,CR_YT_171,1.0,1.0,0.0,1.0,A
BR_00072,CR_YT_179,1.0,0.5,0.0,0.75,C
BR_00072,CR_YT_183,0.5,0.75,0.0,0.625,D
BR_00072,CR_YT_184,0.5,0.75,0.0,0.625,D
BR_00072,CR_YT_186,1.0,0.75,0.0,0.875,B
BR_00072,CR_YT_193,1.0,0.75,0.0,0.875,B
BR_00072,CR_YT_203,1.0,0.5,0.0,0.75,C
BR_00072,CR_YT_212,0.5,0.75,0.0,0.625,D
BR_00072,CR_YT_214,1.0,0.75,0.0,0.875,B
BR_00072,CR_YT_217,1.0,0.5,0.0,0.75,C
BR_00072,CR_YT_221,1.0,0.75,0.0,0.875,B
BR_00072,CR_YT_223,1.0,0.5,0.0,0.75,C
BR_00072,CR_YT_226,1.0,0.5,0.0,0.75,C
BR_00072,CR_YT_228,1.0,0.75,0.74,0.821,B
BR_00072,CR_YT_230,1.0,0.75,0.0,0.875,B
BR_00072,CR_YT_231,0.5,0.75,0.0,0.625,D
BR_00072,CR_YT_237,1.0,0.5,0.0,0.75,C
BR_00072,CR_YT_243,1.0,0.5,0.0,0.75,C
BR_00072,CR_YT_244,1.0,0.75,0.0,0.875,B
BR_00072,CR_YT_245,1.0,0.75,0.0,0.875,B
BR_00072,CR_YT_258,0.5,0.5,0.0,0.5,D
BR_00072,CR_YT_260,1.0,0.5,0.0,0.75,C
BR_00072,CR_YT_270,0.5,0.75,0.0,0.625,D
BR_00072,CR_YT_273,1.0,0.75,0.0,0.875,B
BR_00072,CR_YT_276,1.0,0.5,0.0,0.75,C
BR_00072,CR_YT_281,1.0,0.75,0.0,0.875,B
BR_00072,CR_YT_283,1.0,0.5,0.0,0.75,C
BR_00072,CR_YT_288,1.0,0.5,0.0,0.75,C
BR_00072,CR_YT_299,0.5,0.75,0.0,0.625,D
BR_00072,CR_YT_300,1.0,0.75,0.0,0.875,B
BR_00072,CR_TK_006,0.5,0.5,0.0,0.5,D
BR_00072,CR_TK_011,1.0,0.75,0.76,0.829,B
BR_00072,CR_TK_015,1.0,0.75,0.0,0.875,B
BR_00072,CR_TK_016,1.0,0.5,0.9,0.81,B
BR_00072,CR_TK_018,1.0,0.75,0.0,0.875,B
BR_00072,CR_TK_020,1.0,0.75,0.0,0.875,B
BR_00072,CR_TK_021,1.0,0.75,0.0,0.875,B
BR_00072,CR_TK_022,1.0,0.5,0.0,0.75,C
BR_00072,CR_TK_023,1.0,0.75,0.0,0.875,B
BR_00072,CR_TK_026,0.5,0.75,0.0,0.625,D
BR_00072,CR_TK_027,1.0,0.5,0.0,0.75,C
BR_00072,CR_TK_028,1.0,0.5,0.0,0.75,C
BR_00072,CR_TK_032,0.5,0.75,0.0,0.625,D
BR_00072,CR_TK_034,1.0,0.25,0.0,0.625,D
BR_00072,CR_TK_041,0.5,1.0,0.0,0.75,C
BR_00072,CR_TK_042,1.0,0.5,0.0,0.75,C
BR_00072,CR_TK_045,0.5,0.75,0.0,0.625,D
BR_00072,CR_TK_046,0.5,1.0,0.0,0.75,C
BR_00072,CR_TK_051,1.0,0.75,0.0,0.875,B
BR_00072,CR_TK_055,1.0,0.5,0.0,0.75,C
BR_00072,CR_TK_057,1.0,0.75,0.0,0.875,B
BR_00072,CR_TK_058,0.5,0.75,0.0,0.625,D
BR_00072,CR_TK_061,1.0,0.75,0.0,0.875,B
BR_00072,CR_TK_063,1.0,0.5,0.0,0.75,C
BR_00072,CR_TK_074,1.0,0.75,0.0,0.875,B
BR_00072,CR_TK_076,1.0,0.75,0.0,0.875,B
BR_00072,CR_TK_077,1.0,0.5,0.0,0.75,C
BR_00072,CR_TK_078,1.0,0.5,0.0,0.75,C
BR_00072,CR_TK_081,1.0,0.5,0.0,0.75,C
BR_00072,CR_TK_084,1.0,0.5,0.0,0.75,C
BR_00072,CR_TK_086,0.5,0.75,0.0,0.625,D
BR_00072,CR_TK_087,1.0,0.5,0.0,0.75,C
BR_00072,CR_TK_088,1.0,0.5,0.0,0.75,C
BR_00072,CR_TK_091,1.0,0.5,0.0,0.75,C
BR_00072,CR_TK_108,1.0,0.75,0.0,0.875,B
BR_00072,CR_TK_118,0.5,0.75,0.0,0.625,D
BR_00072,CR_TK_120,1.0,0.75,0.0,0.875,B
BR_00072,CR_TK_128,0.5,0.75,0.0,0.625,D
BR_00072,CR_TK_134,0.5,1.0,0.0,0.75,C
BR_00072,CR_TK_140,1.0,0.75,0.0,0.875,B
BR_00072,CR_TK_142,1.0,0.75,0.0,0.875,B
BR_00072,CR_TK_146,1.0,0.75,1.0,0.925,A
BR_00072,CR_TK_150,1.0,0.5,0.0,0.75,C
BR_00072,CR_TK_152,1.0,0.75,0.0,0.875,B
BR_00072,CR_TK_156,1.0,0.5,0.0,0.75,C
BR_00072,CR_TK_159,0.5,0.75,0.0,0.625,D
BR_00072,CR_TK_161,1.0,0.75,0.0,0.875,B
BR_00072,CR_TK_162,1.0,0.5,0.0,0.75,C
BR_00072,CR_TK_165,1.0,1.0,0.0,1.0,A
BR_00072,CR_TK_166,1.0,0.75,0.0,0.875,B
BR_00072,CR_TK_171,1.0,0.75,0.0,0.875,B
BR_00072,CR_TK_175,1.0,0.75,0.0,0.875,B
BR_00072,CR_TK_179,0.5,0.75,0.0,0.625,D
BR_00072,CR_TK_191,1.0,0.75,0.0,0.875,B
BR_00072,CR_TK_192,1.0,1.0,0.0,1.0,A
BR_00072,CR_TK_196,1.0,0.75,0.0,0.875,B
BR_00072,CR_TK_197,0.5,0.75,0.0,0.625,D
BR_00072,CR_TK_199,0.5,1.0,0.9786,0.8414,B
BR_00073,CR_YT_007,0.5,1.0,0.94,0.826,B
BR_00073,CR_YT_012,0.5,0.75,0.0,0.625,D
BR_00073,CR_YT_020,1.0,1.0,0.0,1.0,A
BR_00073,CR_YT_022,0.5,0.75,0.68,0.647,D
BR_00073,CR_YT_032,1.0,1.0,0.0,1.0,A
BR_00073,CR_YT_033,1.0,0.75,0.0,0.875,B
BR_00073,CR_YT_041,0.5,1.0,0.0,0.75,C
BR_00073,CR_YT_042,1.0,1.0,0.0,1.0,A
BR_00073,CR_YT_045,0.5,0.75,0.0,0.625,D
BR_00073,CR_YT_046,0.5,1.0,0.0,0.75,C
BR_00073,CR_YT_047,0.5,1.0,0.0,0.75,C
BR_00073,CR_YT_049,0.5,1.0,0.0,0.75,C
BR_00073,CR_YT_051,0.5,0.75,0.0,0.625,D
BR_00073,CR_YT_054,0.5,1.0,0.0,0.75,C
BR_00073,CR_YT_061,0.5,1.0,0.0,0.75,C
BR_00073,CR_YT_067,0.5,1.0,0.0,0.75,C
BR_00073,CR_YT_070,1.0,0.75,0.0,0.875,B
BR_00073,CR_YT_071,0.5,1.0,0.0,0.75,C
BR_00073,CR_YT_075,1.0,1.0,0.0,1.0,A
BR_00073,CR_YT_085,0.5,1.0,0.8,0.77,C
BR_00073,CR_YT_088,0.5,1.0,0.68,0.722,C
BR_00073,CR_YT_111,0.5,1.0,0.0,0.75,C
BR_00073,CR_YT_115,0.5,1.0,0.0,0.75,C
BR_00073,CR_YT_120,0.5,0.75,0.0,0.625,D
BR_00073,CR_YT_122,1.0,0.75,0.0,0.875,B
BR_00073,CR_YT_125,0.5,1.0,0.0,0.75,C
BR_00073,CR_YT_126,1.0,1.0,0.0,1.0,A
BR_00073,CR_YT_129,1.0,0.5,0.0,0.75,C
BR_00073,CR_YT_130,1.0,1.0,0.0,1.0,A
BR_00073,CR_YT_135,0.5,0.75,0.0,0.625,D
BR_00073,CR_YT_138,0.5,1.0,0.0,0.75,C
BR_00073,CR_YT_146,1.0,1.0,0.0,1.0,A
BR_00073,CR_YT_162,1.0,0.75,0.0,0.875,B
BR_00073,CR_YT_167,1.0,1.0,0.0,1.0,A
BR_00073,CR_YT_171,0.5,1.0,0.0,0.75,C
BR_00073,CR_YT_183,1.0,1.0,0.0,1.0,A
BR_00073,CR_YT_184,1.0,1.0,0.0,1.0,A
BR_00073,CR_YT_186,0.5,1.0,0.0,0.75,C
BR_00073,CR_YT_193,0.5,0.75,0.9105,0.7392,C
BR_00073,CR_YT_212,1.0,0.75,0.0,0.875,B
BR_00073,CR_YT_214,0.5,1.0,0.76,0.754,C
BR_00073,CR_YT_221,0.5,1.0,0.0,0.75,C
BR_00073,CR_YT_228,0.5,1.0,0.0,0.75,C
BR_00073,CR_YT_230,0.5,0.75,0.0,0.625,D
BR_00073,CR_YT_231,1.0,0.75,0.0,0.875,B
BR_00073,CR_YT_244,0.5,1.0,0.0,0.75,C
BR_00073,CR_YT_245,0.5,1.0,0.6,0.69,D
BR_00073,CR_YT_258,1.0,0.75,0.0,0.875,B
BR_00073,CR_YT_270,1.0,1.0,0.0,1.0,A
BR_00073,CR_YT_281,0.5,1.0,0.0,0.75,C
BR_00073,CR_YT_299,1.0,0.75,0.0,0.875,B
BR_00073,CR_TK_006,1.0,0.75,0.0,0.875,B
BR_00073,CR_TK_011,0.5,1.0,0.0,0.75,C
BR_00073,CR_TK_015,0.5,0.75,0.0,0.625,D
BR_00073,CR_TK_018,0.5,1.0,0.0,0.75,C
BR_00073,CR_TK_020,0.5,1.0,0.0,0.75,C
BR_00073,CR_TK_021,0.5,0.75,0.0,0.625,D
BR_00073,CR_TK_023,0.5,1.0,0.66,0.714,C
BR_00073,CR_TK_026,1.0,1.0,0.0,1.0,A
BR_00073,CR_TK_032,1.0,1.0,0.0,1.0,A
BR_00073,CR_TK_041,1.0,1.0,0.0,1.0,A
BR_00073,CR_TK_045,1.0,1.0,0.0,1.0,A
BR_00073,CR_TK_046,1.0,1.0,0.0,1.0,A
BR_00073,CR_TK_051,0.5,1.0,0.0,0.75,C
BR_00073,CR_TK_057,0.5,0.75,0.0,0.625,D
BR_00073,CR_TK_058,1.0,1.0,0.0,1.0,A
BR_00073,CR_TK_061,0.5,1.0,0.0,0.75,C
BR_00073,CR_TK_074,0.5,0.75,0.0,0.625,D
BR_00073,CR_TK_076,0.5,0.75,0.0,0.625,D
BR_00073,CR_TK_086,1.0,0.75,0.0,0.875,B
BR_00073,CR_TK_108,0.5,0.75,0.0,0.625,D
BR_00073,CR_TK_118,1.0,0.75,0.78,0.837,B
BR_00073,CR_TK_120,0.5,0.75,0.0,0.625,D
BR_00073,CR_TK_128,1.0,1.0,0.0,1.0,A
BR_00073,CR_TK_134,1.0,1.0,0.0,1.0,A
BR_00073,CR_TK_140,0.5,1.0,0.0,0.75,C
BR_00073,CR_TK_142,0.5,1.0,0.0,0.75,C
BR_00073,CR_TK_146,0.5,0.75,0.0,0.625,D
BR_00073,CR_TK_152,0.5,1.0,0.0,0.75,C
BR_00073,CR_TK_159,1.0,0.75,0.0,0.875,B
BR_00073,CR_TK_161,0.5,0.75,0.0,0.625,D
BR_00073,CR_TK_165,0.5,1.0,0.0,0.75,C
BR_00073,CR_TK_166,0.5,1.0,0.0,0.75,C
BR_00073,CR_TK_171,0.5,1.0,0.0,0.75,C
BR_00073,CR_TK_175,0.5,0.75,0.64,0.631,D
BR_00073,CR_TK_179,1.0,0.75,0.0,0.875,B
BR_00073,CR_TK_191,0.5,1.0,0.0,0.75,C
BR_00073,CR_TK_192,0.5,1.0,0.0,0.75,C
BR_00073,CR_TK_196,0.5,0.75,0.0,0.625,D
BR_00073,CR_TK_197,1.0,0.75,0.0,0.875,B
BR_00073,CR_TK_199,1.0,1.0,0.0,1.0,A
BR_00074,CR_YT_003,1.0,0.5,0.9321,0.8228,B
BR_00074,CR_YT_005,1.0,0.75,0.0,0.875,B
BR_00074,CR_YT_006,1.0,0.75,0.72,0.813,B
BR_00074,CR_YT_009,1.0,0.5,0.0,0.75,C
BR_00074,CR_YT_010,1.0,0.75,0.0,0.875,B
BR_00074,CR_YT_015,1.0,0.75,0.0,0.875,B
BR_00074,CR_YT_023,1.0,1.0,0.0,1.0,A
BR_00074,CR_YT_029,1.0,0.75,0.0,0.875,B
BR_00074,CR_YT_031,1.0,0.5,0.0,0.75,C
BR_00074,CR_YT_036,1.0,0.75,0.0,0.875,B
BR_00074,CR_YT_039,1.0,1.0,0.7,0.88,B
BR_00074,CR_YT_040,1.0,0.5,0.98,0.842,B
BR_00074,CR_YT_048,1.0,0.75,0.0,0.875,B
BR_00074,CR_YT_057,1.0,0.75,0.82,0.853,B
BR_00074,CR_YT_058,1.0,0.5,0.0,0.75,C
BR_00074,CR_YT_060,1.0,0.75,0.0,0.875,B
BR_00074,CR_YT_062,1.0,0.5,0.0,0.75,C
BR_00074,CR_YT_068,1.0,0.5,0.0,0.75,C
BR_00074,CR_YT_073,1.0,0.75,0.0,0.875,B
BR_00074,CR_YT_077,1.0,0.75,0.0,0.875,B
BR_00074,CR_YT_079,1.0,0.75,0.0,0.875,B
BR_00074,CR_YT_090,1.0,0.75,0.0,0.875,B
BR_00074,CR_YT_091,1.0,0.5,0.0,0.75,C
BR_00074,CR_YT_092,1.0,0.75,0.0,0.875,B
BR_00074,CR_YT_099,1.0,0.5,0.0,0.75,C
BR_00074,CR_YT_102,1.0,0.75,0.0,0.875,B
BR_00074,CR_YT_107,1.0,0.75,0.0,0.875,B
BR_00074,CR_YT_108,1.0,0.75,0.0,0.875,B
BR_00074,CR_YT_110,1.0,0.75,0.0,0.875,B
BR_00074,CR_YT_118,1.0,0.75,0.0,0.875,B
BR_00074,CR_YT_123,1.0,0.5,0.0,0.75,C
BR_00074,CR_YT_127,1.0,1.0,0.0,1.0,A
BR_00074,CR_YT_133,1.0,0.5,0.0,0.75,C
BR_00074,CR_YT_136,1.0,0.5,0.0,0.75,C
BR_00074,CR_YT_137,1.0,0.75,0.0,0.875,B
BR_00074,CR_YT_139,1.0,0.75,0.7,0.805,B
BR_00074,CR_YT_148,1.0,0.5,0.0,0.75,C
BR_00074,CR_YT_151,1.0,0.75,0.0,0.875,B
BR_00074,CR_YT_157,1.0,0.75,0.0,0.875,B
BR_00074,CR_YT_158,1.0,0.5,0.0,0.75,C
BR_00074,CR_YT_163,1.0,0.5,0.0,0.75,C
BR_00074,CR_YT_170,1.0,0.75,0.0,0.875,B
BR_00074,CR_YT_179,1.0,0.5,0.0,0.75,C
BR_00074,CR_YT_187,1.0,1.0,0.0,1.0,A
BR_00074,CR_YT_189,1.0,0.75,0.86,0.869,B
BR_00074,CR_YT_203,1.0,0.5,0.0,0.75,C
BR_00074,CR_YT_207,1.0,1.0,0.0,1.0,A
BR_00074,CR_YT_208,1.0,1.0,1.0,1.0,A
BR_00074,CR_YT_210,1.0,0.75,0.0,0.875,B
BR_00074,CR_YT_215,1.0,1.0,0.0,1.0,A
BR_00074,CR_YT_216,1.0,0.75,0.0,0.875,B
BR_00074,CR_YT_217,1.0,0.5,0.0,0.75,C
BR_00074,CR_YT_223,1.0,0.5,0.0,0.75,C
BR_00074,CR_YT_226,1.0,0.5,0.0,0.75,C
BR_00074,CR_YT_234,1.0,0.75,0.0,0.875,B
BR_00074,CR_YT_237,1.0,0.5,0.0,0.75,C
BR_00074,CR_YT_243,1.0,0.5,0.0,0.75,C
BR_00074,CR_YT_256,1.0,0.75,0.0,0.875,B
BR_00074,CR_YT_257,1.0,0.75,0.0,0.875,B
BR_00074,CR_YT_260,1.0,0.5,0.0,0.75,C
BR_00074,CR_YT_264,1.0,0.75,0.0,0.875,B
BR_00074,CR_YT_269,1.0,0.75,0.0,0.875,B
BR_00074,CR_YT_273,1.0,0.75,0.0,0.875,B
BR_00074,CR_YT_274,1.0,0.75,0.82,0.853,B
BR_00074,CR_YT_275,1.0,0.75,0.0,0.875,B
BR_00074,CR_YT_276,1.0,0.5,0.0,0.75,C
BR_00074,CR_YT_283,1.0,0.5,0.0,0.75,C
BR_00074,CR_YT_288,1.0,0.5,0.0,0.75,C
BR_00074,CR_YT_297,1.0,0.75,0.0,0.875,B
BR_00074,CR_YT_300,1.0,0.75,0.0,0.875,B
BR_00074,CR_TK_001,1.0,0.75,0.0,0.875,B
BR_00074,CR_TK_009,1.0,0.75,0.0,0.875,B
BR_00074,CR_TK_016,1.0,0.75,0.0,0.875,B
BR_00074,CR_TK_022,1.0,0.5,0.0,0.75,C
BR_00074,CR_TK_024,1.0,1.0,0.0,1.0,A
BR_00074,CR_TK_027,1.0,0.5,0.0,0.75,C
BR_00074,CR_TK_028,1.0,0.5,0.0,0.75,C
BR_00074,CR_TK_034,1.0,0.5,0.0,0.75,C
BR_00074,CR_TK_035,1.0,0.75,0.78,0.837,B
BR_00074,CR_TK_042,1.0,0.5,0.0,0.75,C
BR_00074,CR_TK_052,1.0,0.75,0.0,0.875,B
BR_00074,CR_TK_055,1.0,0.5,0.0,0.75,C
BR_00074,CR_TK_063,1.0,0.5,0.0,0.75,C
BR_00074,CR_TK_064,1.0,0.75,0.0,0.875,B
BR_00074,CR_TK_077,1.0,0.75,0.0,0.875,B
BR_00074,CR_TK_078,1.0,0.5,0.0,0.75,C
BR_00074,CR_TK_079,1.0,0.75,0.0,0.875,B
BR_00074,CR_TK_081,1.0,0.5,0.0,0.75,C
BR_00074,CR_TK_084,1.0,0.5,0.0,0.75,C
BR_00074,CR_TK_087,1.0,0.5,0.0,0.75,C
BR_00074,CR_TK_088,1.0,0.5,0.0,0.75,C
BR_00074,CR_TK_089,1.0,1.0,0.0,1.0,A
BR_00074,CR_TK_091,1.0,0.5,0.0,0.75,C
BR_00074,CR_TK_107,1.0,1.0,0.0,1.0,A
BR_00074,CR_TK_115,1.0,0.75,0.0,0.875,B
BR_00074,CR_TK_125,1.0,0.75,0.0,0.875,B
BR_00074,CR_TK_135,1.0,0.75,0.0,0.875,B
BR_00074,CR_TK_136,1.0,0.75,0.0,0.875,B
BR_00074,CR_TK_150,1.0,0.5,0.0,0.75,C
BR_00074,CR_TK_155,1.0,0.75,0.0,0.875,B
BR_00074,CR_TK_156,1.0,0.5,0.0,0.75,C
BR_00074,CR_TK_162,1.0,0.5,0.0,0.75,C
BR_00074,CR_TK_170,1.0,0.75,0.0,0.875,B
BR_00074,CR_TK_173,1.0,0.75,0.0,0.875,B
BR_00074,CR_TK_183,1.0,0.75,0.0,0.875,B
BR_00074,CR_TK_184,1.0,0.75,0.0,0.875,B
BR_00074,CR_TK_190,1.0,0.75,0.96,0.909,A
BR_00075,CR_YT_003,1.0,1.0,0.0,1.0,A
BR_00075,CR_YT_011,1.0,1.0,0.0,1.0,A
BR_00075,CR_YT_014,1.0,1.0,0.0,1.0,A
BR_00075,CR_YT_026,1.0,1.0,0.0,1.0,A
BR_00075,CR_YT_031,1.0,1.0,0.0,1.0,A
BR_00075,CR_YT_035,1.0,1.0,0.0,1.0,A
BR_00075,CR_YT_040,1.0,1.0,0.78,0.912,A
BR_00075,CR_YT_048,1.0,1.0,0.58,0.832,B
BR_00075,CR_YT_058,1.0,1.0,0.0,1.0,A
BR_00075,CR_YT_060,1.0,1.0,0.0,1.0,A
BR_00075,CR_YT_062,1.0,1.0,0.0,1.0,A
BR_00075,CR_YT_068,1.0,1.0,0.0,1.0,A
BR_00075,CR_YT_069,1.0,1.0,0.0,1.0,A
BR_00075,CR_YT_073,1.0,1.0,0.0,1.0,A
BR_00075,CR_YT_076,1.0,0.75,0.0,0.875,B
BR_00075,CR_YT_079,1.0,1.0,0.0,1.0,A
BR_00075,CR_YT_084,1.0,1.0,0.0,1.0,A
BR_00075,CR_YT_091,1.0,1.0,0.0,1.0,A
BR_00075,CR_YT_094,1.0,1.0,0.0,1.0,A
BR_00075,CR_YT_096,1.0,1.0,0.0,1.0,A
BR_00075,CR_YT_099,1.0,1.0,0.92,0.968,A
BR_00075,CR_YT_102,1.0,1.0,0.0,1.0,A
BR_00075,CR_YT_112,1.0,0.75,0.0,0.875,B
BR_00075,CR_YT_114,1.0,1.0,0.0,1.0,A
BR_00075,CR_YT_123,1.0,0.75,0.0,0.875,B
BR_00075,CR_YT_133,1.0,1.0,0.0,1.0,A
BR_00075,CR_YT_136,1.0,0.75,0.8,0.845,B
BR_00075,CR_YT_145,1.0,1.0,0.0,1.0,A
BR_00075,CR_YT_148,1.0,1.0,0.0,1.0,A
BR_00075,CR_YT_155,1.0,1.0,0.6,0.84,B
BR_00075,CR_YT_158,1.0,1.0,0.78,0.912,A
BR_00075,CR_YT_163,1.0,1.0,0.0,1.0,A
BR_00075,CR_YT_165,1.0,1.0,0.0,1.0,A
BR_00075,CR_YT_175,1.0,0.75,0.0,0.875,B
BR_00075,CR_YT_176,1.0,1.0,0.0,1.0,A
BR_00075,CR_YT_179,1.0,1.0,0.0,1.0,A
BR_00075,CR_YT_188,1.0,0.75,0.0,0.875,B
BR_00075,CR_YT_190,1.0,0.75,0.0,0.875,B
BR_00075,CR_YT_192,1.0,1.0,0.0,1.0,A
BR_00075,CR_YT_203,1.0,1.0,0.0,1.0,A
BR_00075,CR_YT_204,1.0,1.0,0.0,1.0,A
BR_00075,CR_YT_205,1.0,1.0,0.0,1.0,A
BR_00075,CR_YT_209,1.0,0.75,0.0,0.875,B
BR_00075,CR_YT_211,1.0,1.0,0.0,1.0,A
BR_00075,CR_YT_217,1.0,1.0,0.0,1.0,A
BR_00075,CR_YT_218,1.0,0.75,0.0,0.875,B
BR_00075,CR_YT_223,1.0,1.0,0.0,1.0,A
BR_00075,CR_YT_226,1.0,1.0,0.0,1.0,A
BR_00075,CR_YT_235,1.0,0.75,0.0,0.875,B
BR_00075,CR_YT_237,1.0,1.0,0.0,1.0,A
BR_00075,CR_YT_243,1.0,1.0,0.0,1.0,A
BR_00075,CR_YT_247,1.0,1.0,0.0,1.0,A
BR_00075,CR_YT_260,1.0,0.75,0.0,0.875,B
BR_00075,CR_YT_262,1.0,1.0,0.0,1.0,A
BR_00075,CR_YT_265,1.0,1.0,0.0,1.0,A
BR_00075,CR_YT_273,1.0,1.0,0.0,1.0,A
BR_00075,CR_YT_276,1.0,1.0,0.82,0.928,A
BR_00075,CR_YT_283,1.0,1.0,0.0,1.0,A
BR_00075,CR_YT_288,1.0,1.0,0.0,1.0,A
BR_00075,CR_YT_291,1.0,1.0,0.0,1.0,A
BR_00075,CR_YT_298,1.0,0.75,0.0,0.875,B
BR_00075,CR_YT_300,1.0,1.0,0.0,1.0,A
BR_00075,CR_TK_005,1.0,1.0,0.0,1.0,A
BR_00075,CR_TK_016,1.0,1.0,0.0,1.0,A
BR_00075,CR_TK_022,1.0,0.75,0.0,0.875,B
BR_00075,CR_TK_027,1.0,1.0,0.0,1.0,A
BR_00075,CR_TK_028,1.0,0.75,0.0,0.875,B
BR_00075,CR_TK_029,1.0,1.0,0.0,1.0,A
BR_00075,CR_TK_033,1.0,1.0,0.0,1.0,A
BR_00075,CR_TK_034,1.0,0.75,0.0,0.875,B
BR_00075,CR_TK_037,1.0,1.0,0.0,1.0,A
BR_00075,CR_TK_042,1.0,1.0,0.0,1.0,A
BR_00075,CR_TK_043,1.0,1.0,0.0,1.0,A
BR_00075,CR_TK_047,1.0,1.0,0.0,1.0,A
BR_00075,CR_TK_055,1.0,1.0,0.0,1.0,A
BR_00075,CR_TK_063,1.0,1.0,0.0,1.0,A
BR_00075,CR_TK_071,1.0,1.0,0.0,1.0,A
BR_00075,CR_TK_077,1.0,1.0,0.0,1.0,A
BR_00075,CR_TK_078,1.0,1.0,0.0,1.0,A
BR_00075,CR_TK_081,1.0,1.0,0.0,1.0,A
BR_00075,CR_TK_084,1.0,1.0,0.0,1.0,A
BR_00075,CR_TK_087,1.0,1.0,0.86,0.944,A
BR_00075,CR_TK_088,1.0,1.0,0.0,1.0,A
BR_00075,CR_TK_090,1.0,1.0,0.0,1.0,A
BR_00075,CR_TK_091,1.0,1.0,0.0,1.0,A
BR_00075,CR_TK_101,1.0,1.0,0.0,1.0,A
BR_00075,CR_TK_111,1.0,1.0,0.0,1.0,A
BR_00075,CR_TK_121,1.0,1.0,0.0,1.0,A
BR_00075,CR_TK_131,1.0,1.0,0.0,1.0,A
BR_00075,CR_TK_132,1.0,1.0,0.0,1.0,A
BR_00075,CR_TK_149,1.0,1.0,0.0,1.0,A
BR_00075,CR_TK_150,1.0,1.0,0.0,1.0,A
BR_00075,CR_TK_156,1.0,1.0,0.0,1.0,A
BR_00075,CR_TK_162,1.0,1.0,0.0,1.0,A
BR_00075,CR_TK_177,1.0,0.75,0.0,0.875,B
BR_00075,CR_TK_188,1.0,1.0,0.0,1.0,A
BR_00076,CR_YT_008,1.0,0.25,0.0,0.625,D
BR_00076,CR_YT_016,1.0,0.75,0.0,0.875,B
BR_00076,CR_YT_018,1.0,0.75,0.54,0.741,C
BR_00076,CR_YT_021,1.0,0.75,0.0,0.875,B
BR_00076,CR_YT_024,1.0,1.0,0.0,1.0,A
BR_00076,CR_YT_025,1.0,0.5,0.0,0.75,C
BR_00076,CR_YT_027,1.0,0.75,0.0,0.875,B
BR_00076,CR_YT_043,1.0,0.5,0.0,0.75,C
BR_00076,CR_YT_050,1.0,0.5,0.0,0.75,C
BR_00076,CR_YT_052,1.0,0.5,0.0,0.75,C
BR_00076,CR_YT_082,1.0,0.5,0.0,0.75,C
BR_00076,CR_YT_086,1.0,0.75,0.0,0.875,B
BR_00076,CR_YT_097,1.0,1.0,0.76,0.904,A
BR_00076,CR_YT_098,1.0,0.75,0.0,0.875,B
BR_00076,CR_YT_101,1.0,0.75,0.0,0.875,B
BR_00076,CR_YT_103,1.0,0.75,0.0,0.875,B
BR_00076,CR_YT_113,1.0,0.5,0.0,0.75,C
BR_00076,CR_YT_119,1.0,0.5,0.0,0.75,C
BR_00076,CR_YT_124,1.0,0.5,0.0,0.75,C
BR_00076,CR_YT_131,1.0,0.75,0.0,0.875,B
BR_00076,CR_YT_140,1.0,1.0,1.0,1.0,A
BR_00076,CR_YT_144,1.0,0.75,0.0,0.875,B
BR_00076,CR_YT_147,1.0,0.5,0.0,0.75,C
BR_00076,CR_YT_152,1.0,1.0,0.0,1.0,A
BR_00076,CR_YT_159,1.0,0.75,0.0,0.875,B
BR_00076,CR_YT_160,1.0,0.5,0.0,0.75,C
BR_00076,CR_YT_164,1.0,0.5,0.0,0.75,C
BR_00076,CR_YT_166,1.0,0.75,0.0,0.875,B
BR_00076,CR_YT_173,1.0,1.0,0.0,1.0,A
BR_00076,CR_YT_177,1.0,0.5,0.0,0.75,C
BR_00076,CR_YT_180,1.0,0.75,0.0,0.875,B
BR_00076,CR_YT_182,1.0,0.5,0.0,0.75,C
BR_00076,CR_YT_191,1.0,0.75,0.0,0.875,B
BR_00076,CR_YT_197,1.0,0.5,0.0,0.75,C
BR_00076,CR_YT_200,1.0,0.5,0.0,0.75,C
BR_00076,CR_YT_201,1.0,0.75,0.0,0.875,B
BR_00076,CR_YT_219,1.0,0.5,0.0,0.75,C
BR_00076,CR_YT_220,1.0,0.5,0.0,0.75,C
BR_00076,CR_YT_222,1.0,0.75,0.0,0.875,B
BR_00076,CR_YT_232,1.0,1.0,0.7,0.88,B
BR_00076,CR_YT_233,1.0,1.0,0.0,1.0,A
BR_00076,CR_YT_236,1.0,0.75,0.0,0.875,B
BR_00076,CR_YT_238,1.0,0.5,0.86,0.794,C
BR_00076,CR_YT_246,1.0,0.75,0.0,0.875,B
BR_00076,CR_YT_249,1.0,0.25,0.0,0.625,D
BR_00076,CR_YT_250,1.0,0.5,0.0,0.75,C
BR_00076,CR_YT_251,1.0,0.75,0.0,0.875,B
BR_00076,CR_YT_261,1.0,0.5,0.6968,0.7287,C
BR_00076,CR_YT_263,1.0,0.75,0.0,0.875,B
BR_00076,CR_YT_271,1.0,0.75,0.0,0.875,B
BR_00076,CR_YT_282,1.0,0.5,0.0,0.75,C
BR_00076,CR_YT_284,1.0,0.75,0.0,0.875,B
BR_00076,CR_YT_287,1.0,0.5,0.0,0.75,C
BR_00076,CR_YT_289,1.0,0.75,0.0,0.875,B
BR_00076,CR_YT_293,1.0,0.5,0.0,0.75,C
BR_00076,CR_YT_295,1.0,0.75,0.78,0.837,B
BR_00076,CR_TK_002,1.0,0.75,0.0,0.875,B
BR_00076,CR_TK_003,1.0,0.75,0.0,0.875,B
BR_00076,CR_TK_007,1.0,0.75,0.0,0.875,B
BR_00076,CR_TK_010,1.0,0.75,0.0,0.875,B
BR_00076,CR_TK_013,1.0,0.5,0.0,0.75,C
BR_00076,CR_TK_017,1.0,0.5,0.0,0.75,C
BR_00076,CR_TK_054,1.0,0.75,0.0,0.875,B
BR_00076,CR_TK_059,1.0,0.5,0.0,0.75,C
BR_00076,CR_TK_068,1.0,0.5,0.0,0.75,C
BR_00076,CR_TK_069,1.0,0.5,0.9,0.81,B
BR_00076,CR_TK_070,1.0,0.75,0.0,0.875,B
BR_00076,CR_TK_072,1.0,0.75,0.0,0.875,B
BR_00076,CR_TK_082,1.0,0.75,0.0,0.875,B
BR_00076,CR_TK_083,1.0,1.0,0.0,1.0,A
BR_00076,CR_TK_085,1.0,0.75,0.0,0.875,B
BR_00076,CR_TK_093,1.0,0.75,0.0,0.875,B
BR_00076,CR_TK_094,1.0,0.75,0.0,0.875,B
BR_00076,CR_TK_096,1.0,0.75,0.0,0.875,B
BR_00076,CR_TK_097,1.0,0.5,0.0,0.75,C
BR_00076,CR_TK_098,1.0,0.5,0.0,0.75,C
BR_00076,CR_TK_100,1.0,0.75,0.0,0.875,B
BR_00076,CR_TK_103,1.0,0.5,0.0,0.75,C
BR_00076,CR_TK_104,1.0,0.75,0.0,0.875,B
BR_00076,CR_TK_112,1.0,0.5,0.56,0.674,D
BR_00076,CR_TK_114,1.0,1.0,0.0,1.0,A
BR_00076,CR_TK_116,1.0,0.5,0.0,0.75,C
BR_00076,CR_TK_123,1.0,0.75,0.0,0.875,B
BR_00076,CR_TK_130,1.0,0.5,0.0,0.75,C
BR_00076,CR_TK_148,1.0,0.5,0.0,0.75,C
BR_00076,CR_TK_153,1.0,0.75,0.0,0.875,B
BR_00076,CR_TK_154,1.0,0.75,0.82,0.853,B
BR_00076,CR_TK_158,1.0,0.5,0.0,0.75,C
BR_00076,CR_TK_167,1.0,0.75,0.0,0.875,B
BR_00076,CR_TK_168,1.0,0.5,0.0,0.75,C
BR_00076,CR_TK_169,1.0,0.5,0.0,0.75,C
BR_00076,CR_TK_176,1.0,0.75,0.0,0.875,B
BR_00076,CR_TK_178,1.0,0.5,0.0,0.75,C
BR_00076,CR_TK_185,1.0,0.75,0.0,0.875,B
BR_00076,CR_TK_186,1.0,0.5,0.0,0.75,C
BR_00076,CR_TK_187,1.0,0.5,0.0,0.75,C
BR_00076,CR_TK_189,1.0,1.0,0.0,1.0,A
BR_00076,CR_TK_194,1.0,0.75,0.0,0.875,B
BR_00077,CR_YT_003,1.0,0.75,0.0,0.875,B
BR_00077,CR_YT_031,1.0,1.0,0.0,1.0,A
BR_00077,CR_YT_040,1.0,1.0,0.0,1.0,A
BR_00077,CR_YT_048,1.0,1.0,0.0,1.0,A
BR_00077,CR_YT_058,1.0,1.0,0.86,0.944,A
BR_00077,CR_YT_060,1.0,1.0,0.0,1.0,A
BR_00077,CR_YT_062,1.0,1.0,0.0,1.0,A
BR_00077,CR_YT_068,1.0,1.0,0.0,1.0,A
BR_00077,CR_YT_073,1.0,1.0,0.0,1.0,A
BR_00077,CR_YT_079,1.0,1.0,0.0,1.0,A
BR_00077,CR_YT_091,1.0,0.75,0.0,0.875,B
BR_00077,CR_YT_099,1.0,0.75,0.0,0.875,B
BR_00077,CR_YT_102,1.0,1.0,0.0,1.0,A
BR_00077,CR_YT_123,1.0,0.75,0.0,0.875,B
BR_00077,CR_YT_133,1.0,1.0,0.0,1.0,A
BR_00077,CR_YT_136,1.0,0.75,0.0,0.875,B
BR_00077,CR_YT_148,1.0,1.0,0.0,1.0,A
BR_00077,CR_YT_158,1.0,1.0,0.0,1.0,A
BR_00077,CR_YT_163,1.0,1.0,0.0,1.0,A
BR_00077,CR_YT_179,1.0,1.0,0.0,1.0,A
BR_00077,CR_YT_203,1.0,1.0,0.0,1.0,A
BR_00077,CR_YT_217,1.0,1.0,0.0,1.0,A
BR_00077,CR_YT_223,1.0,1.0,0.0,1.0,A
BR_00077,CR_YT_226,1.0,1.0,0.0,1.0,A
BR_00077,CR_YT_237,1.0,1.0,0.0,1.0,A
BR_00077,CR_YT_243,1.0,0.75,0.0,0.875,B
BR_00077,CR_YT_260,1.0,0.75,0.0,0.875,B
BR_00077,CR_YT_273,1.0,1.0,0.0,1.0,A
BR_00077,CR_YT_276,1.0,1.0,0.0,1.0,A
BR_00077,CR_YT_283,1.0,0.75,0.0,0.875,B
BR_00077,CR_YT_288,1.0,1.0,0.0,1.0,A
BR_00077,CR_YT_300,1.0,1.0,0.0,1.0,A
BR_00077,CR_TK_016,1.0,1.0,0.0,1.0,A
BR_00077,CR_TK_022,1.0,0.75,0.0,0.875,B
BR_00077,CR_TK_027,1.0,0.75,0.0,0.875,B
BR_00077,CR_TK_028,1.0,0.75,0.0,0.875,B
BR_00077,CR_TK_034,1.0,0.75,0.0,0.875,B
BR_00077,CR_TK_042,1.0,1.0,0.0,1.0,A
BR_00077,CR_TK_055,1.0,1.0,0.0,1.0,A
BR_00077,CR_TK_063,1.0,1.0,0.0,1.0,A
BR_00077,CR_TK_077,1.0,1.0,0.0,1.0,A
BR_00077,CR_TK_078,1.0,1.0,0.0,1.0,A
BR_00077,CR_TK_081,1.0,1.0,0.0,1.0,A
BR_00077,CR_TK_084,1.0,1.0,0.94,0.976,A
BR_00077,CR_TK_087,1.0,0.75,0.0,0.875,B
BR_00077,CR_TK_088,1.0,1.0,0.0,1.0,A
BR_00077,CR_TK_091,1.0,1.0,0.0,1.0,A
BR_00077,CR_TK_150,1.0,1.0,0.0,1.0,A
BR_00077,CR_TK_156,1.0,0.75,0.0,0.875,B
BR_00077,CR_TK_162,1.0,1.0,0.0,1.0,A
BR_00078,CR_YT_003,1.0,0.75,0.0,0.875,B
BR_00078,CR_YT_031,1.0,1.0,0.0,1.0,A
BR_00078,CR_YT_040,1.0,1.0,0.0,1.0,A
BR_00078,CR_YT_048,1.0,1.0,0.0,1.0,A
BR_00078,CR_YT_058,1.0,1.0,0.0,1.0,A
BR_00078,CR_YT_060,1.0,1.0,0.0,1.0,A
BR_00078,CR_YT_062,1.0,1.0,0.0,1.0,A
BR_00078,CR_YT_068,1.0,1.0,0.0,1.0,A
BR_00078,CR_YT_073,1.0,1.0,0.0,1.0,A
BR_00078,CR_YT_079,1.0,1.0,0.0,1.0,A
BR_00078,CR_YT_091,1.0,0.75,0.0,0.875,B
BR_00078,CR_YT_099,1.0,0.75,0.92,0.893,B
BR_00078,CR_YT_102,1.0,1.0,0.0,1.0,A
BR_00078,CR_YT_123,1.0,0.75,0.0,0.875,B
BR_00078,CR_YT_133,1.0,0.75,0.0,0.875,B
BR_00078,CR_YT_136,1.0,0.75,0.8,0.845,B
BR_00078,CR_YT_148,1.0,1.0,0.0,1.0,A
BR_00078,CR_YT_158,1.0,1.0,0.78,0.912,A
BR_00078,CR_YT_163,1.0,1.0,0.0,1.0,A
BR_00078,CR_YT_179,1.0,1.0,0.0,1.0,A
BR_00078,CR_YT_203,1.0,1.0,0.0,1.0,A
BR_00078,CR_YT_217,1.0,1.0,0.0,1.0,A
BR_00078,CR_YT_223,1.0,1.0,0.0,1.0,A
BR_00078,CR_YT_226,1.0,1.0,0.0,1.0,A
BR_00078,CR_YT_237,1.0,1.0,0.0,1.0,A
BR_00078,CR_YT_243,1.0,0.75,0.0,0.875,B
BR_00078,CR_YT_260,1.0,0.75,0.0,0.875,B
BR_00078,CR_YT_273,1.0,1.0,0.84,0.936,A
BR_00078,CR_YT_276,1.0,1.0,0.82,0.928,A
BR_00078,CR_YT_283,1.0,0.75,0.0,0.875,B
BR_00078,CR_YT_288,1.0,1.0,0.0,1.0,A
BR_00078,CR_YT_300,1.0,1.0,0.0,1.0,A
BR_00078,CR_TK_016,1.0,1.0,0.0,1.0,A
BR_00078,CR_TK_022,1.0,0.75,0.0,0.875,B
BR_00078,CR_TK_027,1.0,0.75,0.0,0.875,B
BR_00078,CR_TK_028,1.0,0.75,0.0,0.875,B
BR_00078,CR_TK_034,1.0,0.75,0.0,0.875,B
BR_00078,CR_TK_042,1.0,1.0,0.0,1.0,A
BR_00078,CR_TK_055,1.0,1.0,0.0,1.0,A
BR_00078,CR_TK_063,1.0,1.0,0.0,1.0,A
BR_00078,CR_TK_077,1.0,1.0,0.0,1.0,A
BR_00078,CR_TK_078,1.0,1.0,0.0,1.0,A
BR_00078,CR_TK_081,1.0,1.0,0.0,1.0,A
BR_00078,CR_TK_084,1.0,1.0,0.0,1.0,A
BR_00078,CR_TK_087,1.0,0.75,0.0,0.875,B
BR_00078,CR_TK_088,1.0,1.0,0.0,1.0,A
BR_00078,CR_TK_091,1.0,1.0,0.0,1.0,A
BR_00078,CR_TK_150,1.0,1.0,0.0,1.0,A
BR_00078,CR_TK_156,1.0,0.75,0.0,0.875,B
BR_00078,CR_TK_162,1.0,1.0,0.0,1.0,A
BR_00079,CR_YT_003,1.0,1.0,0.0,1.0,A
BR_00079,CR_YT_031,1.0,1.0,0.0,1.0,A
BR_00079,CR_YT_040,1.0,1.0,0.0,1.0,A
BR_00079,CR_YT_048,1.0,1.0,0.0,1.0,A
BR_00079,CR_YT_058,1.0,1.0,0.0,1.0,A
BR_00079,CR_YT_060,1.0,1.0,0.0,1.0,A
BR_00079,CR_YT_062,1.0,1.0,0.0,1.0,A
BR_00079,CR_YT_068,1.0,1.0,0.0,1.0,A
BR_00079,CR_YT_073,1.0,1.0,0.0,1.0,A
BR_00079,CR_YT_079,1.0,1.0,0.0,1.0,A
BR_00079,CR_YT_091,1.0,1.0,0.0,1.0,A
BR_00079,CR_YT_099,1.0,1.0,0.0,1.0,A
BR_00079,CR_YT_102,1.0,1.0,0.0,1.0,A
BR_00079,CR_YT_123,1.0,0.75,0.0,0.875,B
BR_00079,CR_YT_133,1.0,1.0,0.0,1.0,A
BR_00079,CR_YT_136,1.0,0.75,0.0,0.875,B
BR_00079,CR_YT_148,1.0,1.0,0.84,0.936,A
BR_00079,CR_YT_158,1.0,1.0,0.0,1.0,A
BR_00079,CR_YT_163,1.0,1.0,0.0,1.0,A
BR_00079,CR_YT_179,1.0,1.0,0.92,0.968,A
BR_00079,CR_YT_203,1.0,1.0,0.0,1.0,A
BR_00079,CR_YT_217,1.0,1.0,0.0,1.0,A
BR_00079,CR_YT_223,1.0,1.0,0.0,1.0,A
BR_00079,CR_YT_226,1.0,1.0,0.0,1.0,A
BR_00079,CR_YT_237,1.0,1.0,0.0,1.0,A
BR_00079,CR_YT_243,1.0,0.75,0.0,0.875,B
BR_00079,CR_YT_260,1.0,0.75,0.0,0.875,B
BR_00079,CR_YT_273,1.0,1.0,0.0,1.0,A
BR_00079,CR_YT_276,1.0,1.0,0.0,1.0,A
BR_00079,CR_YT_283,1.0,0.75,0.0,0.875,B
BR_00079,CR_YT_288,1.0,1.0,0.0,1.0,A
BR_00079,CR_YT_300,1.0,1.0,0.0,1.0,A
BR_00079,CR_TK_016,1.0,1.0,0.0,1.0,A
BR_00079,CR_TK_022,1.0,0.75,0.0,0.875,B
BR_00079,CR_TK_027,1.0,1.0,0.0,1.0,A
BR_00079,CR_TK_028,1.0,0.75,0.0,0.875,B
BR_00079,CR_TK_034,1.0,0.75,0.0,0.875,B
BR_00079,CR_TK_042,1.0,1.0,0.0,1.0,A
BR_00079,CR_TK_055,1.0,1.0,0.0,1.0,A
BR_00079,CR_TK_063,1.0,1.0,0.0,1.0,A
BR_00079,CR_TK_077,1.0,1.0,0.86,0.944,A
BR_00079,CR_TK_078,1.0,1.0,0.0,1.0,A
BR_00079,CR_TK_081,1.0,1.0,0.0,1.0,A
BR_00079,CR_TK_084,1.0,1.0,0.66,0.864,B
BR_00079,CR_TK_087,1.0,1.0,0.0,1.0,A
BR_00079,CR_TK_088,1.0,1.0,0.0,1.0,A
BR_00079,CR_TK_091,1.0,1.0,0.0,1.0,A
BR_00079,CR_TK_150,1.0,1.0,0.0,1.0,A
BR_00079,CR_TK_156,1.0,1.0,0.0,1.0,A
BR_00079,CR_TK_162,1.0,1.0,0.0,1.0,A
BR_00080,CR_YT_003,1.0,0.75,0.0,0.875,B
BR_00080,CR_YT_031,1.0,1.0,0.0,1.0,A
BR_00080,CR_YT_040,1.0,1.0,0.0,1.0,A
BR_00080,CR_YT_048,1.0,1.0,0.0,1.0,A
BR_00080,CR_YT_058,1.0,0.75,0.86,0.869,B
BR_00080,CR_YT_060,1.0,1.0,0.0,1.0,A
BR_00080,CR_YT_062,1.0,1.0,0.0,1.0,A
BR_00080,CR_YT_068,1.0,1.0,0.0,1.0,A
BR_00080,CR_YT_073,1.0,1.0,0.0,1.0,A
BR_00080,CR_YT_079,1.0,1.0,0.0,1.0,A
BR_00080,CR_YT_091,1.0,0.75,0.0,0.875,B
BR_00080,CR_YT_099,1.0,0.75,0.0,0.875,B
BR_00080,CR_YT_102,1.0,1.0,0.82,0.928,A
BR_00080,CR_YT_123,1.0,0.75,0.0,0.875,B
BR_00080,CR_YT_133,1.0,0.75,0.0,0.875,B
BR_00080,CR_YT_136,1.0,0.75,0.0,0.875,B
BR_00080,CR_YT_148,1.0,0.75,0.0,0.875,B
BR_00080,CR_YT_158,1.0,0.75,0.0,0.875,B
BR_00080,CR_YT_163,1.0,0.75,0.0,0.875,B
BR_00080,CR_YT_179,1.0,1.0,0.0,1.0,A
BR_00080,CR_YT_203,1.0,0.75,0.0,0.875,B
BR_00080,CR_YT_217,1.0,0.75,0.0,0.875,B
BR_00080,CR_YT_223,1.0,1.0,0.0,1.0,A
BR_00080,CR_YT_226,1.0,1.0,0.0,1.0,A
BR_00080,CR_YT_237,1.0,1.0,0.0,1.0,A
BR_00080,CR_YT_243,1.0,0.75,0.0,0.875,B
BR_00080,CR_YT_260,1.0,0.75,0.0,0.875,B
BR_00080,CR_YT_273,1.0,1.0,0.0,1.0,A
BR_00080,CR_YT_276,1.0,1.0,0.0,1.0,A
BR_00080,CR_YT_283,1.0,0.75,0.0,0.875,B
BR_00080,CR_YT_288,1.0,1.0,0.0,1.0,A
BR_00080,CR_YT_300,1.0,1.0,0.0,1.0,A
BR_00080,CR_TK_016,1.0,1.0,0.0,1.0,A
BR_00080,CR_TK_022,1.0,0.75,0.0,0.875,B
BR_00080,CR_TK_027,1.0,0.75,0.0,0.875,B
BR_00080,CR_TK_028,1.0,0.75,0.0,0.875,B
BR_00080,CR_TK_034,1.0,0.75,0.0,0.875,B
BR_00080,CR_TK_042,1.0,0.75,0.0,0.875,B
BR_00080,CR_TK_055,1.0,0.75,0.0,0.875,B
BR_00080,CR_TK_063,1.0,1.0,0.0,1.0,A
BR_00080,CR_TK_077,1.0,1.0,0.0,1.0,A
BR_00080,CR_TK_078,1.0,0.75,0.0,0.875,B
BR_00080,CR_TK_081,1.0,1.0,0.0,1.0,A
BR_00080,CR_TK_084,1.0,1.0,0.0,1.0,A
BR_00080,CR_TK_087,1.0,0.75,0.0,0.875,B
BR_00080,CR_TK_088,1.0,0.75,0.0,0.875,B
BR_00080,CR_TK_091,1.0,1.0,0.0,1.0,A
BR_00080,CR_TK_150,1.0,1.0,0.0,1.0,A
BR_00080,CR_TK_156,1.0,0.75,0.0,0.875,B
BR_00080,CR_TK_162,1.0,1.0,0.0,1.0,A
BR_00081,CR_YT_003,1.0,0.5,0.0,0.75,C
BR_00081,CR_YT_005,1.0,0.5,0.0,0.75,C
BR_00081,CR_YT_006,1.0,0.5,0.0,0.75,C
BR_00081,CR_YT_009,1.0,0.25,0.6,0.615,D
BR_00081,CR_YT_010,1.0,0.5,0.0,0.75,C
BR_00081,CR_YT_015,1.0,0.5,0.0,0.75,C
BR_00081,CR_YT_023,1.0,0.75,0.0,0.875,B
BR_00081,CR_YT_029,1.0,0.5,0.0,0.75,C
BR_00081,CR_YT_031,1.0,0.5,0.0,0.75,C
BR_00081,CR_YT_036,1.0,0.5,0.0,0.75,C
BR_00081,CR_YT_039,1.0,0.75,0.0,0.875,B
BR_00081,CR_YT_040,1.0,0.5,1.0,0.85,B
BR_00081,CR_YT_048,1.0,0.75,0.0,0.875,B
BR_00081,CR_YT_057,1.0,0.5,0.0,0.75,C
BR_00081,CR_YT_058,1.0,0.5,0.0,0.75,C
BR_00081,CR_YT_060,1.0,0.75,0.0,0.875,B
BR_00081,CR_YT_062,1.0,0.5,0.0,0.75,C
BR_00081,CR_YT_068,1.0,0.5,0.0,0.75,C
BR_00081,CR_YT_073,1.0,0.75,0.0,0.875,B
BR_00081,CR_YT_077,1.0,0.5,0.0,0.75,C
BR_00081,CR_YT_079,1.0,0.75,0.0,0.875,B
BR_00081,CR_YT_090,1.0,0.5,0.0,0.75,C
BR_00081,CR_YT_091,1.0,0.5,0.0,0.75,C
BR_00081,CR_YT_092,1.0,0.5,0.0,0.75,C
BR_00081,CR_YT_099,1.0,0.5,0.0,0.75,C
BR_00081,CR_YT_102,1.0,0.5,1.0,0.85,B
BR_00081,CR_YT_107,1.0,0.5,0.0,0.75,C
BR_00081,CR_YT_108,1.0,0.5,0.0,0.75,C
BR_00081,CR_YT_110,1.0,0.5,0.0,0.75,C
BR_00081,CR_YT_118,1.0,0.5,0.92,0.818,B
BR_00081,CR_YT_123,1.0,0.5,0.0,0.75,C
BR_00081,CR_YT_127,1.0,0.75,0.0,0.875,B
BR_00081,CR_YT_133,1.0,0.5,0.0,0.75,C
BR_00081,CR_YT_136,1.0,0.5,0.0,0.75,C
BR_00081,CR_YT_137,1.0,0.5,0.0,0.75,C
BR_00081,CR_YT_139,1.0,0.5,0.0,0.75,C
BR_00081,CR_YT_148,1.0,0.5,0.0,0.75,C
BR_00081,CR_YT_151,1.0,0.5,0.0,0.75,C
BR_00081,CR_YT_157,1.0,0.5,0.0,0.75,C
BR_00081,CR_YT_158,1.0,0.5,0.0,0.75,C
BR_00081,CR_YT_163,1.0,0.5,0.0,0.75,C
BR_00081,CR_YT_170,1.0,0.5,0.0,0.75,C
BR_00081,CR_YT_179,1.0,0.5,0.0,0.75,C
BR_00081,CR_YT_187,1.0,0.75,0.0,0.875,B
BR_00081,CR_YT_189,1.0,0.5,0.0,0.75,C
BR_00081,CR_YT_203,1.0,0.5,0.0,0.75,C
BR_00081,CR_YT_207,1.0,0.75,0.0,0.875,B
BR_00081,CR_YT_208,1.0,0.5,0.0,0.75,C
BR_00081,CR_YT_210,1.0,0.5,0.0,0.75,C
BR_00081,CR_YT_215,1.0,0.75,0.0,0.875,B
BR_00081,CR_YT_216,1.0,0.5,0.0,0.75,C
BR_00081,CR_YT_217,1.0,0.5,0.0,0.75,C
BR_00081,CR_YT_223,1.0,0.5,0.0,0.75,C
BR_00081,CR_YT_226,1.0,0.5,0.0,0.75,C
BR_00081,CR_YT_234,1.0,0.5,0.0,0.75,C
BR_00081,CR_YT_237,1.0,0.5,0.0,0.75,C
BR_00081,CR_YT_243,1.0,0.5,0.0,0.75,C
BR_00081,CR_YT_256,1.0,0.5,0.0,0.75,C
BR_00081,CR_YT_257,1.0,0.5,0.0,0.75,C
BR_00081,CR_YT_260,1.0,0.5,0.0,0.75,C
BR_00081,CR_YT_264,1.0,0.5,1.0,0.85,B
BR_00081,CR_YT_269,1.0,0.5,0.0,0.75,C
BR_00081,CR_YT_273,1.0,0.75,0.0,0.875,B
BR_00081,CR_YT_274,1.0,0.5,0.0,0.75,C
BR_00081,CR_YT_275,1.0,0.5,0.0,0.75,C
BR_00081,CR_YT_276,1.0,0.5,0.0,0.75,C
BR_00081,CR_YT_283,1.0,0.5,0.0,0.75,C
BR_00081,CR_YT_288,1.0,0.5,0.0,0.75,C
BR_00081,CR_YT_297,1.0,0.5,0.0,0.75,C
BR_00081,CR_YT_300,1.0,0.75,0.0,0.875,B
BR_00081,CR_TK_001,1.0,0.5,0.74,0.746,C
BR_00081,CR_TK_009,1.0,0.5,0.0,0.75,C
BR_00081,CR_TK_016,1.0,0.5,0.0,0.75,C
BR_00081,CR_TK_022,1.0,0.5,0.0,0.75,C
BR_00081,CR_TK_024,1.0,0.5,0.0,0.75,C
BR_00081,CR_TK_027,1.0,0.5,0.0,0.75,C
BR_00081,CR_TK_028,1.0,0.5,0.0,0.75,C
BR_00081,CR_TK_034,1.0,0.25,0.0,0.625,D
BR_00081,CR_TK_035,1.0,0.5,0.0,0.75,C
BR_00081,CR_TK_042,1.0,0.5,0.0,0.75,C
BR_00081,CR_TK_052,1.0,0.5,0.92,0.818,B
BR_00081,CR_TK_055,1.0,0.5,0.0,0.75,C
BR_00081,CR_TK_063,1.0,0.5,0.0,0.75,C
BR_00081,CR_TK_064,1.0,0.5,0.0,0.75,C
BR_00081,CR_TK_077,1.0,0.5,0.8,0.77,C
BR_00081,CR_TK_078,1.0,0.5,0.0,0.75,C
BR_00081,CR_TK_079,1.0,0.5,0.0,0.75,C
BR_00081,CR_TK_081,1.0,0.5,0.0,0.75,C
BR_00081,CR_TK_084,1.0,0.5,0.0,0.75,C
BR_00081,CR_TK_087,1.0,0.5,0.0,0.75,C
BR_00081,CR_TK_088,1.0,0.5,1.0,0.85,B
BR_00081,CR_TK_089,1.0,0.5,0.0,0.75,C
BR_00081,CR_TK_091,1.0,0.5,0.0,0.75,C
BR_00081,CR_TK_107,1.0,0.75,0.0,0.875,B
BR_00081,CR_TK_115,1.0,0.5,0.0,0.75,C
BR_00081,CR_TK_125,1.0,0.5,0.0,0.75,C
BR_00081,CR_TK_135,1.0,0.5,0.0,0.75,C
BR_00081,CR_TK_136,1.0,0.5,0.0,0.75,C
BR_00081,CR_TK_150,1.0,0.5,0.0,0.75,C
BR_00081,CR_TK_155,1.0,0.5,0.0,0.75,C
BR_00081,CR_TK_156,1.0,0.5,0.0,0.75,C
BR_00081,CR_TK_162,1.0,0.5,0.0,0.75,C
BR_00081,CR_TK_170,1.0,0.5,0.0,0.75,C
BR_00081,CR_TK_173,1.0,0.5,0.0,0.75,C
BR_00081,CR_TK_183,1.0,0.5,0.0,0.75,C
BR_00081,CR_TK_184,1.0,0.5,0.78,0.762,C
BR_00081,CR_TK_190,1.0,0.5,0.0,0.75,C
BR_00082,CR_YT_003,1.0,0.75,0.0,0.875,B
BR_00082,CR_YT_007,1.0,1.0,0.0,1.0,A
BR_00082,CR_YT_012,1.0,0.75,0.0,0.875,B
BR_00082,CR_YT_020,0.5,1.0,0.0,0.75,C
BR_00082,CR_YT_022,1.0,0.75,0.0,0.875,B
BR_00082,CR_YT_031,1.0,0.75,0.0,0.875,B
BR_00082,CR_YT_032,0.5,1.0,0.0,0.75,C
BR_00082,CR_YT_033,0.5,0.75,0.0,0.625,D
BR_00082,CR_YT_040,1.0,0.75,0.0,0.875,B
BR_00082,CR_YT_041,1.0,1.0,0.0,1.0,A
BR_00082,CR_YT_042,0.5,1.0,0.0,0.75,C
BR_00082,CR_YT_045,1.0,0.75,0.0,0.875,B
BR_00082,CR_YT_046,1.0,1.0,0.0,1.0,A
BR_00082,CR_YT_047,1.0,1.0,0.0,1.0,A
BR_00082,CR_YT_048,1.0,0.75,0.0,0.875,B
BR_00082,CR_YT_049,1.0,1.0,0.0,1.0,A
BR_00082,CR_YT_051,1.0,0.75,0.0,0.875,B
BR_00082,CR_YT_054,1.0,1.0,0.0,1.0,A
BR_00082,CR_YT_058,1.0,0.75,0.64,0.781,C
BR_00082,CR_YT_060,1.0,0.75,0.0,0.875,B
BR_00082,CR_YT_061,1.0,1.0,0.0,1.0,A
BR_00082,CR_YT_062,1.0,0.75,0.0,0.875,B
BR_00082,CR_YT_067,1.0,1.0,0.0,1.0,A
BR_00082,CR_YT_068,1.0,0.75,0.0,0.875,B
BR_00082,CR_YT_070,0.5,1.0,0.0,0.75,C
BR_00082,CR_YT_071,1.0,1.0,0.0,1.0,A
BR_00082,CR_YT_073,1.0,0.75,0.0,0.875,B
BR_00082,CR_YT_075,0.5,1.0,0.0,0.75,C
BR_00082,CR_YT_079,1.0,0.75,0.0,0.875,B
BR_00082,CR_YT_085,1.0,1.0,0.0,1.0,A
BR_00082,CR_YT_088,1.0,1.0,0.0,1.0,A
BR_00082,CR_YT_091,1.0,0.5,0.0,0.75,C
BR_00082,CR_YT_099,1.0,0.75,0.0,0.875,B
BR_00082,CR_YT_102,1.0,0.75,0.92,0.893,B
BR_00082,CR_YT_111,1.0,1.0,0.0,1.0,A
BR_00082,CR_YT_115,1.0,1.0,0.76,0.904,A
BR_00082,CR_YT_120,1.0,0.75,0.0,0.875,B
BR_00082,CR_YT_122,0.5,1.0,0.0,0.75,C
BR_00082,CR_YT_123,1.0,0.5,0.0,0.75,C
BR_00082,CR_YT_125,1.0,1.0,0.0,1.0,A
BR_00082,CR_YT_126,0.5,1.0,0.68,0.722,C
BR_00082,CR_YT_129,0.5,0.75,0.0,0.625,D
BR_00082,CR_YT_130,0.5,1.0,0.0,0.75,C
BR_00082,CR_YT_133,1.0,0.75,0.0,0.875,B
BR_00082,CR_YT_135,1.0,1.0,0.0,1.0,A
BR_00082,CR_YT_136,1.0,0.5,0.64,0.706,C
BR_00082,CR_YT_138,1.0,1.0,0.0,1.0,A
BR_00082,CR_YT_146,0.5,1.0,0.0,0.75,C
BR_00082,CR_YT_148,1.0,0.75,0.0,0.875,B
BR_00082,CR_YT_158,1.0,0.75,0.0,0.875,B
BR_00082,CR_YT_162,0.5,1.0,0.0,0.75,C
BR_00082,CR_YT_163,1.0,0.75,0.0,0.875,B
BR_00082,CR_YT_167,0.5,1.0,0.0,0.75,C
BR_00082,CR_YT_171,1.0,1.0,0.0,1.0,A
BR_00082,CR_YT_179,1.0,0.75,0.0,0.875,B
BR_00082,CR_YT_183,0.5,1.0,0.0,0.75,C
BR_00082,CR_YT_184,0.5,1.0,1.0,0.85,B
BR_00082,CR_YT_186,1.0,1.0,0.0,1.0,A
BR_00082,CR_YT_193,1.0,1.0,0.0,1.0,A
BR_00082,CR_YT_203,1.0,0.75,0.4,0.685,D
BR_00082,CR_YT_212,0.5,0.75,0.0,0.625,D
BR_00082,CR_YT_214,1.0,1.0,0.0,1.0,A
BR_00082,CR_YT_217,1.0,0.75,0.0,0.875,B
BR_00082,CR_YT_221,1.0,1.0,0.0,1.0,A
BR_00082,CR_YT_223,1.0,0.75,0.0,0.875,B
BR_00082,CR_YT_226,1.0,0.75,0.0,0.875,B
BR_00082,CR_YT_228,1.0,1.0,0.0,1.0,A
BR_00082,CR_YT_230,1.0,1.0,0.0,1.0,A
BR_00082,CR_YT_231,0.5,0.75,0.0,0.625,D
BR_00082,CR_YT_237,1.0,0.75,0.0,0.875,B
BR_00082,CR_YT_243,1.0,0.5,0.0,0.75,C
BR_00082,CR_YT_244,1.0,1.0,0.0,1.0,A
BR_00082,CR_YT_245,1.0,1.0,0.0,1.0,A
BR_00082,CR_YT_258,0.5,0.75,0.0,0.625,D
BR_00082,CR_YT_260,1.0,0.5,0.0,0.75,C
BR_00082,CR_YT_270,0.5,1.0,0.0,0.75,C
BR_00082,CR_YT_273,1.0,0.75,0.0,0.875,B
BR_00082,CR_YT_276,1.0,0.75,0.0,0.875,B
BR_00082,CR_YT_281,1.0,1.0,0.0,1.0,A
BR_00082,CR_YT_283,1.0,0.5,0.0,0.75,C
BR_00082,CR_YT_288,1.0,0.75,0.0,0.875,B
BR_00082,CR_YT_299,0.5,0.75,1.0,0.775,C
BR_00082,CR_YT_300,1.0,0.75,0.94,0.901,A
BR_00082,CR_TK_006,0.5,0.75,0.0,0.625,D
BR_00082,CR_TK_011,1.0,1.0,0.8,0.92,A
BR_00082,CR_TK_015,1.0,1.0,0.0,1.0,A
BR_00082,CR_TK_016,1.0,0.75,0.0,0.875,B
BR_00082,CR_TK_018,1.0,1.0,0.0,1.0,A
BR_00082,CR_TK_020,1.0,1.0,0.0,1.0,A
BR_00082,CR_TK_021,1.0,1.0,0.0,1.0,A
BR_00082,CR_TK_022,1.0,0.5,0.82,0.778,C
BR_00082,CR_TK_023,1.0,1.0,0.0,1.0,A
BR_00082,CR_TK_026,0.5,1.0,0.0,0.75,C
BR_00082,CR_TK_027,1.0,0.75,0.0,0.875,B
BR_00082,CR_TK_028,1.0,0.5,0.0,0.75,C
BR_00082,CR_TK_032,0.5,1.0,0.0,0.75,C
BR_00082,CR_TK_034,1.0,0.5,0.0,0.75,C
BR_00082,CR_TK_041,0.5,1.0,0.0,0.75,C
BR_00082,CR_TK_042,1.0,0.75,0.0,0.875,B
BR_00082,CR_TK_045,0.5,1.0,0.0,0.75,C
BR_00082,CR_TK_046,0.5,1.0,0.86,0.794,C
BR_00082,CR_TK_051,1.0,1.0,0.0,1.0,A
BR_00082,CR_TK_055,1.0,0.75,0.0,0.875,B
BR_00082,CR_TK_057,1.0,0.75,0.0,0.875,B
BR_00082,CR_TK_058,0.5,1.0,0.0,0.75,C
BR_00082,CR_TK_061,1.0,1.0,0.0,1.0,A
BR_00082,CR_TK_063,1.0,0.75,0.0,0.875,B
BR_00082,CR_TK_074,1.0,1.0,0.0,1.0,A
BR_00082,CR_TK_076,1.0,1.0,0.0,1.0,A
BR_00082,CR_TK_077,1.0,0.75,0.0,0.875,B
BR_00082,CR_TK_078,1.0,0.75,0.0,0.875,B
BR_00082,CR_TK_081,1.0,0.75,0.0,0.875,B
BR_00082,CR_TK_084,1.0,0.75,0.0,0.875,B
BR_00082,CR_TK_086,0.5,1.0,0.86,0.794,C
BR_00082,CR_TK_087,1.0,0.5,0.0,0.75,C
BR_00082,CR_TK_088,1.0,0.75,0.74,0.821,B
BR_00082,CR_TK_091,1.0,0.75,0.0,0.875,B
BR_00082,CR_TK_108,1.0,0.75,0.0,0.875,B
BR_00082,CR_TK_118,0.5,0.75,0.0,0.625,D
BR_00082,CR_TK_120,1.0,1.0,0.0,1.0,A
BR_00082,CR_TK_128,0.5,1.0,0.0,0.75,C
BR_00082,CR_TK_134,0.5,1.0,0.0,0.75,C
BR_00082,CR_TK_140,1.0,1.0,0.0,1.0,A
BR_00082,CR_TK_142,1.0,1.0,0.0,1.0,A
BR_00082,CR_TK_146,1.0,1.0,0.0,1.0,A
BR_00082,CR_TK_150,1.0,0.75,0.0,0.875,B
BR_00082,CR_TK_152,1.0,1.0,0.0,1.0,A
BR_00082,CR_TK_156,1.0,0.5,0.0,0.75,C
BR_00082,CR_TK_159,0.5,0.75,0.0,0.625,D
BR_00082,CR_TK_161,1.0,1.0,0.0,1.0,A
BR_00082,CR_TK_162,1.0,0.75,0.0,0.875,B
BR_00082,CR_TK_165,1.0,1.0,0.0,1.0,A
BR_00082,CR_TK_166,1.0,1.0,0.0,1.0,A
BR_00082,CR_TK_171,1.0,1.0,0.0,1.0,A
BR_00082,CR_TK_175,1.0,1.0,0.7,0.88,B
BR_00082,CR_TK_179,0.5,0.75,0.0,0.625,D
BR_00082,CR_TK_191,1.0,1.0,0.0,1.0,A
BR_00082,CR_TK_192,1.0,1.0,0.0,1.0,A
BR_00082,CR_TK_196,1.0,0.75,0.0,0.875,B
BR_00082,CR_TK_197,0.5,0.75,0.0,0.625,D
BR_00082,CR_TK_199,0.5,1.0,0.0,0.75,C
BR_00083,CR_YT_008,1.0,0.5,0.0,0.75,C
BR_00083,CR_YT_016,1.0,0.5,0.0,0.75,C
BR_00083,CR_YT_018,1.0,0.5,0.0,0.75,C
BR_00083,CR_YT_021,1.0,0.5,0.0,0.75,C
BR_00083,CR_YT_024,1.0,0.75,0.0,0.875,B
BR_00083,CR_YT_025,1.0,0.75,0.0,0.875,B
BR_00083,CR_YT_027,1.0,0.75,0.0,0.875,B
BR_00083,CR_YT_043,1.0,0.75,0.0,0.875,B
BR_00083,CR_YT_050,1.0,0.75,0.0,0.875,B
BR_00083,CR_YT_052,1.0,0.75,0.0,0.875,B
BR_00083,CR_YT_082,1.0,0.75,0.0,0.875,B
BR_00083,CR_YT_086,1.0,0.5,0.0,0.75,C
BR_00083,CR_YT_097,1.0,0.75,0.0,0.875,B
BR_00083,CR_YT_098,1.0,0.75,0.0,0.875,B
BR_00083,CR_YT_101,1.0,0.5,0.0,0.75,C
BR_00083,CR_YT_103,1.0,0.5,0.0,0.75,C
BR_00083,CR_YT_113,1.0,1.0,0.0,1.0,A
BR_00083,CR_YT_119,1.0,0.75,0.0,0.875,B
BR_00083,CR_YT_124,1.0,1.0,0.0,1.0,A
BR_00083,CR_YT_131,1.0,1.0,0.0,1.0,A
BR_00083,CR_YT_140,1.0,0.75,0.0,0.875,B
BR_00083,CR_YT_144,1.0,0.5,0.0,0.75,C
BR_00083,CR_YT_147,1.0,0.75,0.0,0.875,B
BR_00083,CR_YT_152,1.0,0.75,0.0,0.875,B
BR_00083,CR_YT_159,1.0,0.5,0.0,0.75,C
BR_00083,CR_YT_160,1.0,1.0,0.0,1.0,A
BR_00083,CR_YT_164,1.0,0.75,0.0,0.875,B
BR_00083,CR_YT_166,1.0,1.0,0.0,1.0,A
BR_00083,CR_YT_173,1.0,0.75,0.0,0.875,B
BR_00083,CR_YT_177,1.0,0.75,0.0,0.875,B
BR_00083,CR_YT_180,1.0,1.0,0.0,1.0,A
BR_00083,CR_YT_182,1.0,0.75,0.94,0.901,A
BR_00083,CR_YT_191,1.0,1.0,0.0,1.0,A
BR_00083,CR_YT_197,1.0,0.25,0.0,0.625,D
BR_00083,CR_YT_200,1.0,0.75,0.0,0.875,B
BR_00083,CR_YT_201,1.0,0.75,0.0,0.875,B
BR_00083,CR_YT_219,1.0,1.0,0.0,1.0,A
BR_00083,CR_YT_220,1.0,0.75,0.0,0.875,B
BR_00083,CR_YT_222,1.0,1.0,0.68,0.872,B
BR_00083,CR_YT_232,1.0,0.75,0.0,0.875,B
BR_00083,CR_YT_233,1.0,0.75,0.0,0.875,B
BR_00083,CR_YT_236,1.0,1.0,0.0,1.0,A
BR_00083,CR_YT_238,1.0,0.75,0.0,0.875,B
BR_00083,CR_YT_246,1.0,1.0,0.72,0.888,B
BR_00083,CR_YT_249,1.0,0.75,0.0,0.875,B
BR_00083,CR_YT_250,1.0,0.75,0.0,0.875,B
BR_00083,CR_YT_251,1.0,0.5,0.0,0.75,C
BR_00083,CR_YT_261,1.0,0.75,0.0,0.875,B
BR_00083,CR_YT_263,1.0,0.5,0.0,0.75,C
BR_00083,CR_YT_271,1.0,0.75,0.0,0.875,B
BR_00083,CR_YT_282,1.0,0.75,0.0,0.875,B
BR_00083,CR_YT_284,1.0,0.75,0.0,0.875,B
BR_00083,CR_YT_287,1.0,0.75,0.0,0.875,B
BR_00083,CR_YT_289,1.0,0.5,0.0,0.75,C
BR_00083,CR_YT_293,1.0,1.0,0.0,1.0,A
BR_00083,CR_YT_295,1.0,1.0,0.0,1.0,A
BR_00083,CR_TK_002,1.0,0.5,0.0,0.75,C
BR_00083,CR_TK_003,1.0,1.0,0.0,1.0,A
BR_00083,CR_TK_007,1.0,0.75,0.0,0.875,B
BR_00083,CR_TK_010,1.0,0.75,0.0,0.875,B
BR_00083,CR_TK_013,1.0,1.0,0.0,1.0,A
BR_00083,CR_TK_017,1.0,1.0,0.0,1.0,A
BR_00083,CR_TK_054,1.0,0.75,0.0,0.875,B
BR_00083,CR_TK_059,1.0,1.0,0.0,1.0,A
BR_00083,CR_TK_068,1.0,0.75,0.0,0.875,B
BR_00083,CR_TK_069,1.0,0.75,0.0,0.875,B
BR_00083,CR_TK_070,1.0,1.0,0.0,1.0,A
BR_00083,CR_TK_072,1.0,1.0,0.0,1.0,A
BR_00083,CR_TK_082,1.0,0.5,0.0,0.75,C
BR_00083,CR_TK_083,1.0,0.75,0.0,0.875,B
BR_00083,CR_TK_085,1.0,0.75,0.0,0.875,B
BR_00083,CR_TK_093,1.0,0.75,0.0,0.875,B
BR_00083,CR_TK_094,1.0,0.75,0.84,0.861,B
BR_00083,CR_TK_096,1.0,1.0,0.0,1.0,A
BR_00083,CR_TK_097,1.0,0.75,0.0,0.875,B
BR_00083,CR_TK_098,1.0,0.25,0.62,0.623,D
BR_00083,CR_TK_100,1.0,0.5,0.0,0.75,C
BR_00083,CR_TK_103,1.0,0.75,0.0,0.875,B
BR_00083,CR_TK_104,1.0,1.0,0.0,1.0,A
BR_00083,CR_TK_112,1.0,1.0,0.0,1.0,A
BR_00083,CR_TK_114,1.0,0.75,0.0,0.875,B
BR_00083,CR_TK_116,1.0,0.5,0.0,0.75,C
BR_00083,CR_TK_123,1.0,0.75,0.0,0.875,B
BR_00083,CR_TK_130,1.0,0.75,0.0,0.875,B
BR_00083,CR_TK_148,1.0,1.0,0.0,1.0,A
BR_00083,CR_TK_153,1.0,0.75,0.0,0.875,B
BR_00083,CR_TK_154,1.0,0.75,0.9,0.885,B
BR_00083,CR_TK_158,1.0,0.75,0.0,0.875,B
BR_00083,CR_TK_167,1.0,0.75,0.0,0.875,B
BR_00083,CR_TK_168,1.0,1.0,0.0,1.0,A
BR_00083,CR_TK_169,1.0,0.75,0.0,0.875,B
BR_00083,CR_TK_176,1.0,0.5,0.0,0.75,C
BR_00083,CR_TK_178,1.0,0.75,0.0,0.875,B
BR_00083,CR_TK_185,1.0,1.0,0.0,1.0,A
BR_00083,CR_TK_186,1.0,0.75,0.0,0.875,B
BR_00083,CR_TK_187,1.0,0.75,0.0,0.875,B
BR_00083,CR_TK_189,1.0,0.75,1.0,0.925,A
BR_00083,CR_TK_194,1.0,0.75,0.0,0.875,B
BR_00084,CR_YT_003,1.0,0.75,0.0,0.875,B
BR_00084,CR_YT_005,1.0,0.75,0.0,0.875,B
BR_00084,CR_YT_006,1.0,0.5,0.0,0.75,C
BR_00084,CR_YT_009,1.0,0.5,0.0,0.75,C
BR_00084,CR_YT_010,1.0,0.75,0.0,0.875,B
BR_00084,CR_YT_015,1.0,0.75,0.0,0.875,B
BR_00084,CR_YT_023,1.0,0.75,0.0,0.875,B
BR_00084,CR_YT_029,1.0,0.75,0.0,0.875,B
BR_00084,CR_YT_031,1.0,0.75,0.0,0.875,B
BR_00084,CR_YT_036,1.0,0.5,0.0,0.75,C
BR_00084,CR_YT_039,1.0,0.75,0.0,0.875,B
BR_00084,CR_YT_040,1.0,0.75,0.0,0.875,B
BR_00084,CR_YT_048,1.0,0.75,0.0,0.875,B
BR_00084,CR_YT_057,1.0,0.75,0.88,0.877,B
BR_00084,CR_YT_058,1.0,0.75,0.0,0.875,B
BR_00084,CR_YT_060,1.0,0.75,0.68,0.797,C
BR_00084,CR_YT_062,1.0,0.75,0.0,0.875,B
BR_00084,CR_YT_068,1.0,0.75,0.0,0.875,B
BR_00084,CR_YT_073,1.0,0.75,0.0,0.875,B
BR_00084,CR_YT_077,1.0,0.75,0.0,0.875,B
BR_00084,CR_YT_079,1.0,0.75,0.0,0.875,B
BR_00084,CR_YT_090,1.0,0.5,0.0,0.75,C
BR_00084,CR_YT_091,1.0,0.75,0.0,0.875,B
BR_00084,CR_YT_092,1.0,0.75,0.0,0.875,B
BR_00084,CR_YT_099,1.0,0.75,0.0,0.875,B
BR_00084,CR_YT_102,1.0,0.75,0.0,0.875,B
BR_00084,CR_YT_107,1.0,0.75,0.76,0.829,B
BR_00084,CR_YT_108,1.0,0.75,0.0,0.875,B
BR_00084,CR_YT_110,1.0,0.75,0.0,0.875,B
BR_00084,CR_YT_118,1.0,0.75,0.0,0.875,B
BR_00084,CR_YT_123,1.0,0.75,0.0,0.875,B
BR_00084,CR_YT_127,1.0,0.75,0.0,0.875,B
BR_00084,CR_YT_133,1.0,0.75,0.0,0.875,B
BR_00084,CR_YT_136,1.0,0.5,0.0,0.75,C
BR_00084,CR_YT_137,1.0,0.5,0.0,0.75,C
BR_00084,CR_YT_139,1.0,0.75,0.6,0.765,C
BR_00084,CR_YT_148,1.0,0.75,0.86,0.869,B
BR_00084,CR_YT_151,1.0,0.75,0.0,0.875,B
BR_00084,CR_YT_157,1.0,0.75,0.86,0.869,B
BR_00084,CR_YT_158,1.0,0.75,0.0,0.875,B
BR_00084,CR_YT_163,1.0,0.75,0.0,0.875,B
BR_00084,CR_YT_170,1.0,0.75,0.0,0.875,B
BR_00084,CR_YT_179,1.0,0.75,0.0,0.875,B
BR_00084,CR_YT_187,1.0,0.75,0.0,0.875,B
BR_00084,CR_YT_189,1.0,0.75,0.0,0.875,B
BR_00084,CR_YT_203,1.0,0.75,0.0,0.875,B
BR_00084,CR_YT_207,1.0,0.75,0.0,0.875,B
BR_00084,CR_YT_208,1.0,0.75,0.0,0.875,B
BR_00084,CR_YT_210,1.0,0.75,0.0,0.875,B
BR_00084,CR_YT_215,1.0,0.75,0.0,0.875,B
BR_00084,CR_YT_216,1.0,0.5,0.0,0.75,C
BR_00084,CR_YT_217,1.0,0.75,0.62,0.773,C
BR_00084,CR_YT_223,1.0,0.75,0.0,0.875,B
BR_00084,CR_YT_226,1.0,0.75,0.0,0.875,B
BR_00084,CR_YT_234,1.0,0.75,0.0,0.875,B
BR_00084,CR_YT_237,1.0,0.75,0.76,0.829,B
BR_00084,CR_YT_243,1.0,0.75,0.0,0.875,B
BR_00084,CR_YT_256,1.0,0.75,0.0,0.875,B
BR_00084,CR_YT_257,1.0,0.75,0.0,0.875,B
BR_00084,CR_YT_260,1.0,0.5,0.0,0.75,C
BR_00084,CR_YT_264,1.0,0.5,0.0,0.75,C
BR_00084,CR_YT_269,1.0,0.75,0.0,0.875,B
BR_00084,CR_YT_273,1.0,0.75,0.0,0.875,B
BR_00084,CR_YT_274,1.0,0.75,0.0,0.875,B
BR_00084,CR_YT_275,1.0,0.75,0.0,0.875,B
BR_00084,CR_YT_276,1.0,0.75,0.0,0.875,B
BR_00084,CR_YT_283,1.0,0.75,0.0,0.875,B
BR_00084,CR_YT_288,1.0,0.75,0.0,0.875,B
BR_00084,CR_YT_297,1.0,0.75,0.0,0.875,B
BR_00084,CR_YT_300,1.0,0.75,0.0,0.875,B
BR_00084,CR_TK_001,1.0,0.75,0.0,0.875,B
BR_00084,CR_TK_009,1.0,0.75,0.0,0.875,B
BR_00084,CR_TK_016,1.0,0.75,0.0,0.875,B
BR_00084,CR_TK_022,1.0,0.75,0.0,0.875,B
BR_00084,CR_TK_024,1.0,0.75,0.0,0.875,B
BR_00084,CR_TK_027,1.0,0.75,0.0,0.875,B
BR_00084,CR_TK_028,1.0,0.75,0.0,0.875,B
BR_00084,CR_TK_034,1.0,0.5,0.0,0.75,C
BR_00084,CR_TK_035,1.0,0.75,0.92,0.893,B
BR_00084,CR_TK_042,1.0,0.75,0.0,0.875,B
BR_00084,CR_TK_052,1.0,0.75,0.0,0.875,B
BR_00084,CR_TK_055,1.0,0.75,1.0,0.925,A
BR_00084,CR_TK_063,1.0,0.75,0.0,0.875,B
BR_00084,CR_TK_064,1.0,0.75,0.0,0.875,B
BR_00084,CR_TK_077,1.0,0.75,0.0,0.875,B
BR_00084,CR_TK_078,1.0,0.75,0.0,0.875,B
BR_00084,CR_TK_079,1.0,0.75,0.0,0.875,B
BR_00084,CR_TK_081,1.0,0.75,0.0,0.875,B
BR_00084,CR_TK_084,1.0,0.75,0.0,0.875,B
BR_00084,CR_TK_087,1.0,0.75,0.0,0.875,B
BR_00084,CR_TK_088,1.0,0.75,0.0,0.875,B
BR_00084,CR_TK_089,1.0,0.75,0.86,0.869,B
BR_00084,CR_TK_091,1.0,0.75,0.0,0.875,B
BR_00084,CR_TK_107,1.0,0.75,0.0,0.875,B
BR_00084,CR_TK_115,1.0,0.75,0.0,0.875,B
BR_00084,CR_TK_125,1.0,0.75,0.0,0.875,B
BR_00084,CR_TK_135,1.0,0.75,0.0,0.875,B
BR_00084,CR_TK_136,1.0,0.75,0.0,0.875,B
BR_00084,CR_TK_150,1.0,0.75,0.0,0.875,B
BR_00084,CR_TK_155,1.0,0.75,0.0,0.875,B
BR_00084,CR_TK_156,1.0,0.75,0.0,0.875,B
BR_00084,CR_TK_162,1.0,0.75,0.0,0.875,B
BR_00084,CR_TK_170,1.0,0.5,0.0,0.75,C
BR_00084,CR_TK_173,1.0,0.75,0.0,0.875,B
BR_00084,CR_TK_183,1.0,0.5,0.0,0.75,C
BR_00084,CR_TK_184,1.0,0.75,0.0,0.875,B
BR_00084,CR_TK_190,1.0,0.75,0.0,0.875,B
BR_00085,CR_YT_003,1.0,0.5,0.0,0.75,C
BR_00085,CR_YT_007,1.0,0.75,0.0,0.875,B
BR_00085,CR_YT_012,1.0,0.75,0.0,0.875,B
BR_00085,CR_YT_020,0.5,1.0,0.0,0.75,C
BR_00085,CR_YT_022,1.0,0.75,0.0,0.875,B
BR_00085,CR_YT_031,1.0,0.5,0.0,0.75,C
BR_00085,CR_YT_032,0.5,0.75,0.0,0.625,D
BR_00085,CR_YT_033,0.5,0.75,0.0,0.625,D
BR_00085,CR_YT_040,1.0,0.5,0.0,0.75,C
BR_00085,CR_YT_041,1.0,1.0,0.0,1.0,A
BR_00085,CR_YT_042,0.5,0.75,0.0,0.625,D
BR_00085,CR_YT_045,1.0,0.75,0.0,0.875,B
BR_00085,CR_YT_046,1.0,0.75,0.0,0.875,B
BR_00085,CR_YT_047,1.0,1.0,0.0,1.0,A
BR_00085,CR_YT_048,1.0,0.75,0.0,0.875,B
BR_00085,CR_YT_049,1.0,1.0,0.0,1.0,A
BR_00085,CR_YT_051,1.0,0.75,0.0,0.875,B
BR_00085,CR_YT_054,1.0,0.75,0.0,0.875,B
BR_00085,CR_YT_058,1.0,0.5,0.0,0.75,C
BR_00085,CR_YT_060,1.0,0.75,0.0,0.875,B
BR_00085,CR_YT_061,1.0,0.75,0.0,0.875,B
BR_00085,CR_YT_062,1.0,0.5,0.0,0.75,C
BR_00085,CR_YT_067,1.0,0.75,0.0,0.875,B
BR_00085,CR_YT_068,1.0,0.5,0.0,0.75,C
BR_00085,CR_YT_070,0.5,0.75,0.0,0.625,D
BR_00085,CR_YT_071,1.0,1.0,0.0,1.0,A
BR_00085,CR_YT_073,1.0,0.75,0.0,0.875,B
BR_00085,CR_YT_075,0.5,0.75,0.0,0.625,D
BR_00085,CR_YT_079,1.0,0.75,0.0,0.875,B
BR_00085,CR_YT_085,1.0,1.0,0.0,1.0,A
BR_00085,CR_YT_088,1.0,1.0,0.92,0.968,A
BR_00085,CR_YT_091,1.0,0.5,0.0,0.75,C
BR_00085,CR_YT_099,1.0,0.5,0.0,0.75,C
BR_00085,CR_YT_102,1.0,0.75,0.0,0.875,B
BR_00085,CR_YT_111,1.0,1.0,0.0,1.0,A
BR_00085,CR_YT_115,1.0,1.0,0.0,1.0,A
BR_00085,CR_YT_120,1.0,0.75,0.0,0.875,B
BR_00085,CR_YT_122,0.5,0.75,0.0,0.625,D
BR_00085,CR_YT_123,1.0,0.5,0.0,0.75,C
BR_00085,CR_YT_125,1.0,0.75,0.0,0.875,B
BR_00085,CR_YT_126,0.5,0.75,0.68,0.647,D
BR_00085,CR_YT_129,0.5,0.5,0.0,0.5,D
BR_00085,CR_YT_130,0.5,1.0,0.0,0.75,C
BR_00085,CR_YT_133,1.0,0.5,0.0,0.75,C
BR_00085,CR_YT_135,1.0,0.75,0.0,0.875,B
BR_00085,CR_YT_136,1.0,0.5,0.0,0.75,C
BR_00085,CR_YT_138,1.0,0.75,0.0,0.875,B
BR_00085,CR_YT_146,0.5,0.75,0.0,0.625,D
BR_00085,CR_YT_148,1.0,0.5,0.0,0.75,C
BR_00085,CR_YT_158,1.0,0.5,0.0,0.75,C
BR_00085,CR_YT_162,0.5,0.75,0.0,0.625,D
BR_00085,CR_YT_163,1.0,0.5,0.0,0.75,C
BR_00085,CR_YT_167,0.5,0.75,0.0,0.625,D
BR_00085,CR_YT_171,1.0,1.0,0.0,1.0,A
BR_00085,CR_YT_179,1.0,0.5,0.64,0.706,C
BR_00085,CR_YT_183,0.5,0.75,0.0,0.625,D
BR_00085,CR_YT_184,0.5,0.75,0.0,0.625,D
BR_00085,CR_YT_186,1.0,0.75,0.0,0.875,B
BR_00085,CR_YT_193,1.0,0.75,0.92,0.893,B
BR_00085,CR_YT_203,1.0,0.5,0.0,0.75,C
BR_00085,CR_YT_212,0.5,0.75,0.0,0.625,D
BR_00085,CR_YT_214,1.0,1.0,0.0,1.0,A
BR_00085,CR_YT_217,1.0,0.5,0.0,0.75,C
BR_00085,CR_YT_221,1.0,0.75,0.0,0.875,B
BR_00085,CR_YT_223,1.0,0.5,0.0,0.75,C
BR_00085,CR_YT_226,1.0,0.5,0.0,0.75,C
BR_00085,CR_YT_228,1.0,0.75,0.0,0.875,B
BR_00085,CR_YT_230,1.0,0.75,0.0,0.875,B
BR_00085,CR_YT_231,0.5,0.75,0.0,0.625,D
BR_00085,CR_YT_237,1.0,0.5,0.0,0.75,C
BR_00085,CR_YT_243,1.0,0.5,0.0,0.75,C
BR_00085,CR_YT_244,1.0,0.75,0.0,0.875,B
BR_00085,CR_YT_245,1.0,1.0,0.0,1.0,A
BR_00085,CR_YT_258,0.5,0.5,0.0,0.5,D
BR_00085,CR_YT_260,1.0,0.5,0.0,0.75,C
BR_00085,CR_YT_270,0.5,1.0,0.0,0.75,C
BR_00085,CR_YT_273,1.0,0.75,0.0,0.875,B
BR_00085,CR_YT_276,1.0,0.5,0.0,0.75,C
BR_00085,CR_YT_281,1.0,0.75,0.0,0.875,B
BR_00085,CR_YT_283,1.0,0.5,0.0,0.75,C
BR_00085,CR_YT_288,1.0,0.5,0.0,0.75,C
BR_00085,CR_YT_299,0.5,0.75,0.0,0.625,D
BR_00085,CR_YT_300,1.0,0.75,0.0,0.875,B
BR_00085,CR_TK_006,0.5,0.75,0.0,0.625,D
BR_00085,CR_TK_011,1.0,0.75,0.0,0.875,B
BR_00085,CR_TK_015,1.0,0.75,0.0,0.875,B
BR_00085,CR_TK_016,1.0,0.75,0.0,0.875,B
BR_00085,CR_TK_018,1.0,0.75,0.0,0.875,B
BR_00085,CR_TK_020,1.0,0.75,0.78,0.837,B
BR_00085,CR_TK_021,1.0,0.75,0.0,0.875,B
BR_00085,CR_TK_022,1.0,0.5,0.0,0.75,C
BR_00085,CR_TK_023,1.0,0.75,0.0,0.875,B
BR_00085,CR_TK_026,0.5,0.75,0.0,0.625,D
BR_00085,CR_TK_027,1.0,0.5,0.0,0.75,C
BR_00085,CR_TK_028,1.0,0.5,0.0,0.75,C
BR_00085,CR_TK_032,0.5,0.75,0.0,0.625,D
BR_00085,CR_TK_034,1.0,0.5,0.0,0.75,C
BR_00085,CR_TK_041,0.5,1.0,0.0,0.75,C
BR_00085,CR_TK_042,1.0,0.5,0.0,0.75,C
BR_00085,CR_TK_045,0.5,0.75,0.0,0.625,D
BR_00085,CR_TK_046,0.5,1.0,0.0,0.75,C
BR_00085,CR_TK_051,1.0,0.75,0.0,0.875,B
BR_00085,CR_TK_055,1.0,0.5,0.0,0.75,C
BR_00085,CR_TK_057,1.0,0.75,0.0,0.875,B
BR_00085,CR_TK_058,0.5,0.75,0.0,0.625,D
BR_00085,CR_TK_061,1.0,0.75,0.0,0.875,B
BR_00085,CR_TK_063,1.0,0.75,0.0,0.875,B
BR_00085,CR_TK_074,1.0,0.75,0.0,0.875,B
BR_00085,CR_TK_076,1.0,0.75,0.0,0.875,B
BR_00085,CR_TK_077,1.0,0.75,0.9,0.885,B
BR_00085,CR_TK_078,1.0,0.5,0.8,0.77,C
BR_00085,CR_TK_081,1.0,0.5,0.0,0.75,C
BR_00085,CR_TK_084,1.0,0.5,0.0,0.75,C
BR_00085,CR_TK_086,0.5,0.75,0.0,0.625,D
BR_00085,CR_TK_087,1.0,0.5,0.0,0.75,C
BR_00085,CR_TK_088,1.0,0.5,0.0,0.75,C
BR_00085,CR_TK_091,1.0,0.5,0.0,0.75,C
BR_00085,CR_TK_108,1.0,0.75,0.0,0.875,B
BR_00085,CR_TK_118,0.5,0.75,0.66,0.639,D
BR_00085,CR_TK_120,1.0,0.75,0.0,0.875,B
BR_00085,CR_TK_128,0.5,0.75,0.0,0.625,D
BR_00085,CR_TK_134,0.5,1.0,0.0,0.75,C
BR_00085,CR_TK_140,1.0,1.0,0.0,1.0,A
BR_00085,CR_TK_142,1.0,1.0,0.0,1.0,A
BR_00085,CR_TK_146,1.0,0.75,0.0,0.875,B
BR_00085,CR_TK_150,1.0,0.5,0.0,0.75,C
BR_00085,CR_TK_152,1.0,1.0,0.0,1.0,A
BR_00085,CR_TK_156,1.0,0.5,0.0,0.75,C
BR_00085,CR_TK_159,0.5,0.75,0.0,0.625,D
BR_00085,CR_TK_161,1.0,0.75,0.0,0.875,B
BR_00085,CR_TK_162,1.0,0.5,0.0,0.75,C
BR_00085,CR_TK_165,1.0,1.0,0.76,0.904,A
BR_00085,CR_TK_166,1.0,1.0,0.0,1.0,A
BR_00085,CR_TK_171,1.0,0.75,0.0,0.875,B
BR_00085,CR_TK_175,1.0,0.75,0.66,0.789,C
BR_00085,CR_TK_179,0.5,0.75,0.0,0.625,D
BR_00085,CR_TK_191,1.0,0.75,0.94,0.901,A
BR_00085,CR_TK_192,1.0,1.0,0.0,1.0,A
BR_00085,CR_TK_196,1.0,0.75,0.0,0.875,B
BR_00085,CR_TK_197,0.5,0.75,0.0,0.625,D
BR_00085,CR_TK_199,0.5,1.0,0.0,0.75,C
BR_00086,CR_YT_003,1.0,0.5,0.0,0.75,C
BR_00086,CR_YT_007,1.0,0.75,0.8792,0.8767,B
BR_00086,CR_YT_012,1.0,0.75,0.0,0.875,B
BR_00086,CR_YT_020,0.5,1.0,1.0,0.85,B
BR_00086,CR_YT_022,1.0,0.75,0.0,0.875,B
BR_00086,CR_YT_031,1.0,0.5,0.0,0.75,C
BR_00086,CR_YT_032,0.5,0.75,0.0,0.625,D
BR_00086,CR_YT_033,0.5,0.75,0.82,0.703,C
BR_00086,CR_YT_040,1.0,0.5,0.0,0.75,C
BR_00086,CR_YT_041,1.0,1.0,0.0,1.0,A
BR_00086,CR_YT_042,0.5,0.75,0.0,0.625,D
BR_00086,CR_YT_045,1.0,0.75,0.0,0.875,B
BR_00086,CR_YT_046,1.0,0.75,0.0,0.875,B
BR_00086,CR_YT_047,1.0,0.75,0.0,0.875,B
BR_00086,CR_YT_048,1.0,0.75,0.0,0.875,B
BR_00086,CR_YT_049,1.0,1.0,0.0,1.0,A
BR_00086,CR_YT_051,1.0,0.75,0.0,0.875,B
BR_00086,CR_YT_054,1.0,0.75,0.0,0.875,B
BR_00086,CR_YT_058,1.0,0.5,0.78,0.762,C
BR_00086,CR_YT_060,1.0,0.75,0.0,0.875,B
BR_00086,CR_YT_061,1.0,0.75,0.0,0.875,B
BR_00086,CR_YT_062,1.0,0.5,0.72,0.738,C
BR_00086,CR_YT_067,1.0,0.75,0.0,0.875,B
BR_00086,CR_YT_068,1.0,0.5,0.0,0.75,C
BR_00086,CR_YT_070,0.5,0.75,0.0,0.625,D
BR_00086,CR_YT_071,1.0,1.0,0.0,1.0,A
BR_00086,CR_YT_073,1.0,0.75,0.76,0.829,B
BR_00086,CR_YT_075,0.5,0.75,0.0,0.625,D
BR_00086,CR_YT_079,1.0,0.75,0.0,0.875,B
BR_00086,CR_YT_085,1.0,0.75,0.0,0.875,B
BR_00086,CR_YT_088,1.0,1.0,0.0,1.0,A
BR_00086,CR_YT_091,1.0,0.5,0.0,0.75,C
BR_00086,CR_YT_099,1.0,0.5,0.0,0.75,C
BR_00086,CR_YT_102,1.0,0.75,0.92,0.893,B
BR_00086,CR_YT_111,1.0,1.0,0.78,0.912,A
BR_00086,CR_YT_115,1.0,1.0,0.0,1.0,A
BR_00086,CR_YT_120,1.0,0.75,0.0,0.875,B
BR_00086,CR_YT_122,0.5,0.75,0.0,0.625,D
BR_00086,CR_YT_123,1.0,0.5,0.0,0.75,C
BR_00086,CR_YT_125,1.0,0.75,0.0,0.875,B
BR_00086,CR_YT_126,0.5,0.75,0.0,0.625,D
BR_00086,CR_YT_129,0.5,0.5,0.0,0.5,D
BR_00086,CR_YT_130,0.5,1.0,0.0,0.75,C
BR_00086,CR_YT_133,1.0,0.5,0.0,0.75,C
BR_00086,CR_YT_135,1.0,0.75,0.0,0.875,B
BR_00086,CR_YT_136,1.0,0.5,0.0,0.75,C
BR_00086,CR_YT_138,1.0,0.75,0.0,0.875,B
BR_00086,CR_YT_146,0.5,0.75,0.0,0.625,D
BR_00086,CR_YT_148,1.0,0.5,0.0,0.75,C
BR_00086,CR_YT_158,1.0,0.5,0.0,0.75,C
BR_00086,CR_YT_162,0.5,0.75,0.0,0.625,D
BR_00086,CR_YT_163,1.0,0.5,0.0,0.75,C
BR_00086,CR_YT_167,0.5,0.75,0.0,0.625,D
BR_00086,CR_YT_171,1.0,1.0,0.0,1.0,A
BR_00086,CR_YT_179,1.0,0.5,0.0,0.75,C
BR_00086,CR_YT_183,0.5,0.75,0.0,0.625,D
BR_00086,CR_YT_184,0.5,0.75,0.9461,0.7534,C
BR_00086,CR_YT_186,1.0,0.75,0.0,0.875,B
BR_00086,CR_YT_193,1.0,0.75,0.0,0.875,B
BR_00086,CR_YT_203,1.0,0.5,0.0,0.75,C
BR_00086,CR_YT_212,0.5,0.75,0.0,0.625,D
BR_00086,CR_YT_214,1.0,0.75,0.78,0.837,B
BR_00086,CR_YT_217,1.0,0.5,0.0,0.75,C
BR_00086,CR_YT_221,1.0,0.75,0.0,0.875,B
BR_00086,CR_YT_223,1.0,0.5,0.0,0.75,C
BR_00086,CR_YT_226,1.0,0.5,0.0,0.75,C
BR_00086,CR_YT_228,1.0,0.75,0.68,0.797,C
BR_00086,CR_YT_230,1.0,0.75,0.0,0.875,B
BR_00086,CR_YT_231,0.5,0.75,0.0,0.625,D
BR_00086,CR_YT_237,1.0,0.5,0.0,0.75,C
BR_00086,CR_YT_243,1.0,0.5,0.0,0.75,C
BR_00086,CR_YT_244,1.0,0.75,0.0,0.875,B
BR_00086,CR_YT_245,1.0,1.0,0.0,1.0,A
BR_00086,CR_YT_258,0.5,0.5,0.0,0.5,D
BR_00086,CR_YT_260,1.0,0.5,0.0,0.75,C
BR_00086,CR_YT_270,0.5,0.75,0.0,0.625,D
BR_00086,CR_YT_273,1.0,0.75,0.0,0.875,B
BR_00086,CR_YT_276,1.0,0.5,0.0,0.75,C
BR_00086,CR_YT_281,1.0,0.75,0.0,0.875,B
BR_00086,CR_YT_283,1.0,0.5,0.0,0.75,C
BR_00086,CR_YT_288,1.0,0.5,0.0,0.75,C
BR_00086,CR_YT_299,0.5,0.75,0.0,0.625,D
BR_00086,CR_YT_300,1.0,0.75,0.0,0.875,B
BR_00086,CR_TK_006,0.5,0.5,0.0,0.5,D
BR_00086,CR_TK_011,1.0,0.75,0.0,0.875,B
BR_00086,CR_TK_015,1.0,0.75,0.0,0.875,B
BR_00086,CR_TK_016,1.0,0.5,0.0,0.75,C
BR_00086,CR_TK_018,1.0,0.75,0.0,0.875,B
BR_00086,CR_TK_020,1.0,0.75,0.0,0.875,B
BR_00086,CR_TK_021,1.0,0.75,0.0,0.875,B
BR_00086,CR_TK_022,1.0,0.5,0.0,0.75,C
BR_00086,CR_TK_023,1.0,0.75,0.0,0.875,B
BR_00086,CR_TK_026,0.5,0.75,0.0,0.625,D
BR_00086,CR_TK_027,1.0,0.5,0.0,0.75,C
BR_00086,CR_TK_028,1.0,0.5,0.86,0.794,C
BR_00086,CR_TK_032,0.5,0.75,0.78,0.687,D
BR_00086,CR_TK_034,1.0,0.25,0.0,0.625,D
BR_00086,CR_TK_041,0.5,1.0,0.0,0.75,C
BR_00086,CR_TK_042,1.0,0.5,0.0,0.75,C
BR_00086,CR_TK_045,0.5,0.75,0.0,0.625,D
BR_00086,CR_TK_046,0.5,1.0,0.0,0.75,C
BR_00086,CR_TK_051,1.0,0.75,0.0,0.875,B
BR_00086,CR_TK_055,1.0,0.5,0.0,0.75,C
BR_00086,CR_TK_057,1.0,0.75,0.0,0.875,B
BR_00086,CR_TK_058,0.5,0.75,0.0,0.625,D
BR_00086,CR_TK_061,1.0,0.75,0.9,0.885,B
BR_00086,CR_TK_063,1.0,0.5,0.0,0.75,C
BR_00086,CR_TK_074,1.0,0.75,0.0,0.875,B
BR_00086,CR_TK_076,1.0,0.75,0.0,0.875,B
BR_00086,CR_TK_077,1.0,0.75,0.0,0.875,B
BR_00086,CR_TK_078,1.0,0.5,0.0,0.75,C
BR_00086,CR_TK_081,1.0,0.5,0.0,0.75,C
BR_00086,CR_TK_084,1.0,0.5,0.92,0.818,B
BR_00086,CR_TK_086,0.5,0.75,0.0,0.625,D
BR_00086,CR_TK_087,1.0,0.5,0.0,0.75,C
BR_00086,CR_TK_088,1.0,0.5,0.0,0.75,C
BR_00086,CR_TK_091,1.0,0.5,0.9,0.81,B
BR_00086,CR_TK_108,1.0,0.75,0.0,0.875,B
BR_00086,CR_TK_118,0.5,0.75,0.0,0.625,D
BR_00086,CR_TK_120,1.0,0.75,0.0,0.875,B
BR_00086,CR_TK_128,0.5,0.75,0.0,0.625,D
BR_00086,CR_TK_134,0.5,1.0,0.0,0.75,C
BR_00086,CR_TK_140,1.0,0.75,0.0,0.875,B
BR_00086,CR_TK_142,1.0,0.75,0.0,0.875,B
BR_00086,CR_TK_146,1.0,0.75,0.94,0.901,A
BR_00086,CR_TK_150,1.0,0.5,0.0,0.75,C
BR_00086,CR_TK_152,1.0,0.75,0.0,0.875,B
BR_00086,CR_TK_156,1.0,0.5,0.0,0.75,C
BR_00086,CR_TK_159,0.5,0.75,0.0,0.625,D
BR_00086,CR_TK_161,1.0,0.75,0.0,0.875,B
BR_00086,CR_TK_162,1.0,0.5,0.0,0.75,C
BR_00086,CR_TK_165,1.0,1.0,0.0,1.0,A
BR_00086,CR_TK_166,1.0,0.75,0.66,0.789,C
BR_00086,CR_TK_171,1.0,0.75,0.0,0.875,B
BR_00086,CR_TK_175,1.0,0.75,0.0,0.875,B
BR_00086,CR_TK_179,0.5,0.75,0.0,0.625,D
BR_00086,CR_TK_191,1.0,0.75,0.0,0.875,B
BR_00086,CR_TK_192,1.0,1.0,0.82,0.928,A
BR_00086,CR_TK_196,1.0,0.75,0.0,0.875,B
BR_00086,CR_TK_197,0.5,0.75,0.0,0.625,D
BR_00086,CR_TK_199,0.5,1.0,0.0,0.75,C
BR_00087,CR_YT_008,1.0,0.5,0.0,0.75,C
BR_00087,CR_YT_016,1.0,0.5,0.0,0.75,C
BR_00087,CR_YT_018,1.0,0.5,0.0,0.75,C
BR_00087,CR_YT_021,1.0,0.5,0.0,0.75,C
BR_00087,CR_YT_024,1.0,0.75,0.0,0.875,B
BR_00087,CR_YT_025,1.0,1.0,0.0,1.0,A
BR_00087,CR_YT_027,1.0,0.75,0.0,0.875,B
BR_00087,CR_YT_043,1.0,0.75,0.0,0.875,B
BR_00087,CR_YT_050,1.0,1.0,0.0,1.0,A
BR_00087,CR_YT_052,1.0,1.0,0.0,1.0,A
BR_00087,CR_YT_082,1.0,0.75,0.0,0.875,B
BR_00087,CR_YT_086,1.0,0.5,0.74,0.746,C
BR_00087,CR_YT_097,1.0,0.75,0.0,0.875,B
BR_00087,CR_YT_098,1.0,0.75,0.0,0.875,B
BR_00087,CR_YT_101,1.0,0.5,0.0,0.75,C
BR_00087,CR_YT_103,1.0,0.5,0.0,0.75,C
BR_00087,CR_YT_113,1.0,1.0,0.0,1.0,A
BR_00087,CR_YT_119,1.0,0.75,0.82,0.853,B
BR_00087,CR_YT_124,1.0,1.0,0.0,1.0,A
BR_00087,CR_YT_131,1.0,1.0,0.0,1.0,A
BR_00087,CR_YT_140,1.0,0.75,0.0,0.875,B
BR_00087,CR_YT_144,1.0,0.5,0.0,0.75,C
BR_00087,CR_YT_147,1.0,0.75,0.0,0.875,B
BR_00087,CR_YT_152,1.0,0.75,0.0,0.875,B
BR_00087,CR_YT_159,1.0,0.5,0.0,0.75,C
BR_00087,CR_YT_160,1.0,1.0,0.0,1.0,A
BR_00087,CR_YT_164,1.0,1.0,0.0,1.0,A
BR_00087,CR_YT_166,1.0,1.0,0.0,1.0,A
BR_00087,CR_YT_173,1.0,0.75,0.0,0.875,B
BR_00087,CR_YT_177,1.0,0.75,0.0,0.875,B
BR_00087,CR_YT_180,1.0,1.0,0.0,1.0,A
BR_00087,CR_YT_182,1.0,0.75,0.0,0.875,B
BR_00087,CR_YT_191,1.0,1.0,0.0,1.0,A
BR_00087,CR_YT_197,1.0,0.25,0.0,0.625,D
BR_00087,CR_YT_200,1.0,0.75,0.0,0.875,B
BR_00087,CR_YT_201,1.0,0.75,0.0,0.875,B
BR_00087,CR_YT_219,1.0,1.0,0.0,1.0,A
BR_00087,CR_YT_220,1.0,0.75,0.0,0.875,B
BR_00087,CR_YT_222,1.0,1.0,0.0,1.0,A
BR_00087,CR_YT_232,1.0,0.75,0.62,0.773,C
BR_00087,CR_YT_233,1.0,0.75,0.0,0.875,B
BR_00087,CR_YT_236,1.0,1.0,0.0,1.0,A
BR_00087,CR_YT_238,1.0,0.75,0.0,0.875,B
BR_00087,CR_YT_246,1.0,1.0,0.0,1.0,A
BR_00087,CR_YT_249,1.0,0.75,0.0,0.875,B
BR_00087,CR_YT_250,1.0,0.75,0.0,0.875,B
BR_00087,CR_YT_251,1.0,0.5,0.0,0.75,C
BR_00087,CR_YT_261,1.0,1.0,0.0,1.0,A
BR_00087,CR_YT_263,1.0,0.5,0.0,0.75,C
BR_00087,CR_YT_271,1.0,0.75,0.0,0.875,B
BR_00087,CR_YT_282,1.0,0.75,0.0,0.875,B
BR_00087,CR_YT_284,1.0,0.75,0.0,0.875,B
BR_00087,CR_YT_287,1.0,0.75,0.0,0.875,B
BR_00087,CR_YT_289,1.0,0.75,0.0,0.875,B
BR_00087,CR_YT_293,1.0,1.0,0.0,1.0,A
BR_00087,CR_YT_295,1.0,1.0,0.0,1.0,A
BR_00087,CR_TK_002,1.0,0.5,0.0,0.75,C
BR_00087,CR_TK_003,1.0,1.0,0.0,1.0,A
BR_00087,CR_TK_007,1.0,0.75,0.0,0.875,B
BR_00087,CR_TK_010,1.0,0.75,0.0,0.875,B
BR_00087,CR_TK_013,1.0,1.0,0.0,1.0,A
BR_00087,CR_TK_017,1.0,1.0,0.0,1.0,A
BR_00087,CR_TK_054,1.0,0.75,0.0,0.875,B
BR_00087,CR_TK_059,1.0,1.0,0.0,1.0,A
BR_00087,CR_TK_068,1.0,1.0,0.0,1.0,A
BR_00087,CR_TK_069,1.0,1.0,0.0,1.0,A
BR_00087,CR_TK_070,1.0,1.0,0.0,1.0,A
BR_00087,CR_TK_072,1.0,1.0,0.0,1.0,A
BR_00087,CR_TK_082,1.0,0.75,0.0,0.875,B
BR_00087,CR_TK_083,1.0,0.75,0.0,0.875,B
BR_00087,CR_TK_085,1.0,0.75,0.0,0.875,B
BR_00087,CR_TK_093,1.0,0.75,0.0,0.875,B
BR_00087,CR_TK_094,1.0,0.75,0.0,0.875,B
BR_00087,CR_TK_096,1.0,1.0,0.0,1.0,A
BR_00087,CR_TK_097,1.0,1.0,0.0,1.0,A
BR_00087,CR_TK_098,1.0,0.5,0.0,0.75,C
BR_00087,CR_TK_100,1.0,0.5,0.0,0.75,C
BR_00087,CR_TK_103,1.0,0.75,0.0,0.875,B
BR_00087,CR_TK_104,1.0,1.0,0.0,1.0,A
BR_00087,CR_TK_112,1.0,1.0,0.0,1.0,A
BR_00087,CR_TK_114,1.0,0.75,0.0,0.875,B
BR_00087,CR_TK_116,1.0,0.5,0.0,0.75,C
BR_00087,CR_TK_123,1.0,0.75,0.0,0.875,B
BR_00087,CR_TK_130,1.0,0.75,0.0,0.875,B
BR_00087,CR_TK_148,1.0,1.0,0.8,0.92,A
BR_00087,CR_TK_153,1.0,0.75,0.0,0.875,B
BR_00087,CR_TK_154,1.0,0.75,0.0,0.875,B
BR_00087,CR_TK_158,1.0,0.75,0.98,0.917,A
BR_00087,CR_TK_167,1.0,0.75,0.0,0.875,B
BR_00087,CR_TK_168,1.0,1.0,0.0,1.0,A
BR_00087,CR_TK_169,1.0,0.75,0.0,0.875,B
BR_00087,CR_TK_176,1.0,0.5,0.0,0.75,C
BR_00087,CR_TK_178,1.0,0.75,0.0,0.875,B
BR_00087,CR_TK_185,1.0,1.0,0.84,0.936,A
BR_00087,CR_TK_186,1.0,0.75,0.0,0.875,B
BR_00087,CR_TK_187,1.0,1.0,0.0,1.0,A
BR_00087,CR_TK_189,1.0,0.75,0.0,0.875,B
BR_00087,CR_TK_194,1.0,0.75,0.0,0.875,B
BR_00088,CR_YT_003,1.0,0.75,0.0,0.875,B
BR_00088,CR_YT_007,1.0,1.0,0.0,1.0,A
BR_00088,CR_YT_012,1.0,0.75,0.0,0.875,B
BR_00088,CR_YT_020,0.5,1.0,0.0,0.75,C
BR_00088,CR_YT_022,1.0,0.75,0.0,0.875,B
BR_00088,CR_YT_031,1.0,0.75,0.0,0.875,B
BR_00088,CR_YT_032,0.5,1.0,0.0,0.75,C
BR_00088,CR_YT_033,0.5,0.75,0.0,0.625,D
BR_00088,CR_YT_040,1.0,0.75,0.0,0.875,B
BR_00088,CR_YT_041,1.0,1.0,0.0,1.0,A
BR_00088,CR_YT_042,0.5,1.0,0.0,0.75,C
BR_00088,CR_YT_045,1.0,1.0,0.0,1.0,A
BR_00088,CR_YT_046,1.0,1.0,0.0,1.0,A
BR_00088,CR_YT_047,1.0,1.0,0.0,1.0,A
BR_00088,CR_YT_048,1.0,0.75,0.58,0.757,C
BR_00088,CR_YT_049,1.0,1.0,0.0,1.0,A
BR_00088,CR_YT_051,1.0,0.75,0.0,0.875,B
BR_00088,CR_YT_054,1.0,1.0,0.0,1.0,A
BR_00088,CR_YT_058,1.0,0.75,0.0,0.875,B
BR_00088,CR_YT_060,1.0,0.75,0.0,0.875,B
BR_00088,CR_YT_061,1.0,1.0,0.0,1.0,A
BR_00088,CR_YT_062,1.0,0.75,0.0,0.875,B
BR_00088,CR_YT_067,1.0,1.0,0.0,1.0,A
BR_00088,CR_YT_068,1.0,0.75,0.0,0.875,B
BR_00088,CR_YT_070,0.5,1.0,0.0,0.75,C
BR_00088,CR_YT_071,1.0,1.0,0.0,1.0,A
BR_00088,CR_YT_073,1.0,0.75,0.0,0.875,B
BR_00088,CR_YT_075,0.5,1.0,0.0,0.75,C
BR_00088,CR_YT_079,1.0,0.75,0.0,0.875,B
BR_00088,CR_YT_085,1.0,1.0,0.0,1.0,A
BR_00088,CR_YT_088,1.0,1.0,0.0,1.0,A
BR_00088,CR_YT_091,1.0,0.75,0.0,0.875,B
BR_00088,CR_YT_099,1.0,0.75,0.0,0.875,B
BR_00088,CR_YT_102,1.0,0.75,0.0,0.875,B
BR_00088,CR_YT_111,1.0,1.0,0.0,1.0,A
BR_00088,CR_YT_115,1.0,1.0,0.0,1.0,A
BR_00088,CR_YT_120,1.0,0.75,0.0,0.875,B
BR_00088,CR_YT_122,0.5,1.0,0.0,0.75,C
BR_00088,CR_YT_123,1.0,0.5,0.0,0.75,C
BR_00088,CR_YT_125,1.0,1.0,0.0,1.0,A
BR_00088,CR_YT_126,0.5,1.0,0.0,0.75,C
BR_00088,CR_YT_129,0.5,0.75,0.0,0.625,D
BR_00088,CR_YT_130,0.5,1.0,0.0,0.75,C
BR_00088,CR_YT_133,1.0,0.75,0.0,0.875,B
BR_00088,CR_YT_135,1.0,1.0,0.0,1.0,A
BR_00088,CR_YT_136,1.0,0.5,0.0,0.75,C
BR_00088,CR_YT_138,1.0,1.0,0.84,0.936,A
BR_00088,CR_YT_146,0.5,1.0,0.0,0.75,C
BR_00088,CR_YT_148,1.0,0.75,0.0,0.875,B
BR_00088,CR_YT_158,1.0,0.75,0.0,0.875,B
BR_00088,CR_YT_162,0.5,1.0,0.0,0.75,C
BR_00088,CR_YT_163,1.0,0.75,0.0,0.875,B
BR_00088,CR_YT_167,0.5,1.0,0.0,0.75,C
BR_00088,CR_YT_171,1.0,1.0,0.0,1.0,A
BR_00088,CR_YT_179,1.0,0.75,0.0,0.875,B
BR_00088,CR_YT_183,0.5,1.0,0.0,0.75,C
BR_00088,CR_YT_184,0.5,1.0,0.0,0.75,C
BR_00088,CR_YT_186,1.0,1.0,0.0,1.0,A
BR_00088,CR_YT_193,1.0,1.0,0.0,1.0,A
BR_00088,CR_YT_203,1.0,0.75,0.0,0.875,B
BR_00088,CR_YT_212,0.5,0.75,1.0,0.775,C
BR_00088,CR_YT_214,1.0,1.0,0.0,1.0,A
BR_00088,CR_YT_217,1.0,0.75,0.0,0.875,B
BR_00088,CR_YT_221,1.0,1.0,0.0,1.0,A
BR_00088,CR_YT_223,1.0,0.75,0.0,0.875,B
BR_00088,CR_YT_226,1.0,0.75,0.0,0.875,B
BR_00088,CR_YT_228,1.0,1.0,0.0,1.0,A
BR_00088,CR_YT_230,1.0,1.0,0.0,1.0,A
BR_00088,CR_YT_231,0.5,0.75,0.0,0.625,D
BR_00088,CR_YT_237,1.0,0.75,0.0,0.875,B
BR_00088,CR_YT_243,1.0,0.5,0.0,0.75,C
BR_00088,CR_YT_244,1.0,1.0,0.0,1.0,A
BR_00088,CR_YT_245,1.0,1.0,0.608,0.8432,B
BR_00088,CR_YT_258,0.5,0.75,0.0,0.625,D
BR_00088,CR_YT_260,1.0,0.5,0.0,0.75,C
BR_00088,CR_YT_270,0.5,1.0,0.0,0.75,C
BR_00088,CR_YT_273,1.0,0.75,0.0,0.875,B
BR_00088,CR_YT_276,1.0,0.75,0.0,0.875,B
BR_00088,CR_YT_281,1.0,1.0,0.0,1.0,A
BR_00088,CR_YT_283,1.0,0.5,0.0,0.75,C
BR_00088,CR_YT_288,1.0,0.75,0.0,0.875,B
BR_00088,CR_YT_299,0.5,0.75,0.0,0.625,D
BR_00088,CR_YT_300,1.0,0.75,0.0,0.875,B
BR_00088,CR_TK_006,0.5,0.75,0.0,0.625,D
BR_00088,CR_TK_011,1.0,1.0,0.0,1.0,A
BR_00088,CR_TK_015,1.0,1.0,0.0,1.0,A
BR_00088,CR_TK_016,1.0,0.75,0.0,0.875,B
BR_00088,CR_TK_018,1.0,1.0,0.0,1.0,A
BR_00088,CR_TK_020,1.0,1.0,0.0,1.0,A
BR_00088,CR_TK_021,1.0,1.0,0.0,1.0,A
BR_00088,CR_TK_022,1.0,0.5,0.0,0.75,C
BR_00088,CR_TK_023,1.0,1.0,0.0,1.0,A
BR_00088,CR_TK_026,0.5,1.0,0.0,0.75,C
BR_00088,CR_TK_027,1.0,0.75,0.0,0.875,B
BR_00088,CR_TK_028,1.0,0.5,0.0,0.75,C
BR_00088,CR_TK_032,0.5,1.0,0.0,0.75,C
BR_00088,CR_TK_034,1.0,0.5,0.0,0.75,C
BR_00088,CR_TK_041,0.5,1.0,0.0,0.75,C
BR_00088,CR_TK_042,1.0,0.75,0.76,0.829,B
BR_00088,CR_TK_045,0.5,1.0,0.0,0.75,C
BR_00088,CR_TK_046,0.5,1.0,0.0,0.75,C
BR_00088,CR_TK_051,1.0,1.0,0.82,0.928,A
BR_00088,CR_TK_055,1.0,0.75,0.0,0.875,B
BR_00088,CR_TK_057,1.0,0.75,0.0,0.875,B
BR_00088,CR_TK_058,0.5,1.0,0.0,0.75,C
BR_00088,CR_TK_061,1.0,1.0,0.0,1.0,A
BR_00088,CR_TK_063,1.0,0.75,0.0,0.875,B
BR_00088,CR_TK_074,1.0,1.0,0.0,1.0,A
BR_00088,CR_TK_076,1.0,1.0,0.0,1.0,A
BR_00088,CR_TK_077,1.0,0.75,0.0,0.875,B
BR_00088,CR_TK_078,1.0,0.75,0.0,0.875,B
BR_00088,CR_TK_081,1.0,0.75,0.0,0.875,B
BR_00088,CR_TK_084,1.0,0.75,0.0,0.875,B
BR_00088,CR_TK_086,0.5,1.0,0.0,0.75,C
BR_00088,CR_TK_087,1.0,0.5,0.86,0.794,C
BR_00088,CR_TK_088,1.0,0.75,0.0,0.875,B
BR_00088,CR_TK_091,1.0,0.75,0.0,0.875,B
BR_00088,CR_TK_108,1.0,0.75,0.0,0.875,B
BR_00088,CR_TK_118,0.5,0.75,0.0,0.625,D
BR_00088,CR_TK_120,1.0,1.0,0.66,0.864,B
BR_00088,CR_TK_128,0.5,1.0,0.0,0.75,C
BR_00088,CR_TK_134,0.5,1.0,0.8403,0.7861,C
BR_00088,CR_TK_140,1.0,1.0,0.0,1.0,A
BR_00088,CR_TK_142,1.0,1.0,1.0,1.0,A
BR_00088,CR_TK_146,1.0,1.0,0.0,1.0,A
BR_00088,CR_TK_150,1.0,0.75,0.0,0.875,B
BR_00088,CR_TK_152,1.0,1.0,0.0,1.0,A
BR_00088,CR_TK_156,1.0,0.75,0.0,0.875,B
BR_00088,CR_TK_159,0.5,0.75,0.94,0.751,C
BR_00088,CR_TK_161,1.0,1.0,0.96,0.984,A
BR_00088,CR_TK_162,1.0,0.75,0.0,0.875,B
BR_00088,CR_TK_165,1.0,1.0,0.0,1.0,A
BR_00088,CR_TK_166,1.0,1.0,0.0,1.0,A
BR_00088,CR_TK_171,1.0,1.0,0.0,1.0,A
BR_00088,CR_TK_175,1.0,1.0,0.0,1.0,A
BR_00088,CR_TK_179,0.5,0.75,0.0,0.625,D
BR_00088,CR_TK_191,1.0,1.0,0.0,1.0,A
BR_00088,CR_TK_192,1.0,1.0,0.0,1.0,A
BR_00088,CR_TK_196,1.0,0.75,0.0,0.875,B
BR_00088,CR_TK_197,0.5,0.75,0.0,0.625,D
BR_00088,CR_TK_199,0.5,1.0,0.0,0.75,C
BR_00089,CR_YT_003,1.0,0.5,1.0,0.85,B
BR_00089,CR_YT_005,1.0,0.5,0.0,0.75,C
BR_00089,CR_YT_006,1.0,0.5,0.6476,0.709,C
BR_00089,CR_YT_009,1.0,0.25,0.0,0.625,D
BR_00089,CR_YT_010,1.0,0.5,0.0,0.75,C
BR_00089,CR_YT_015,1.0,0.5,0.0,0.75,C
BR_00089,CR_YT_023,1.0,0.75,0.0,0.875,B
BR_00089,CR_YT_029,1.0,0.5,0.0,0.75,C
BR_00089,CR_YT_031,1.0,0.5,0.0,0.75,C
BR_00089,CR_YT_036,1.0,0.5,0.0,0.75,C
BR_00089,CR_YT_039,1.0,0.75,0.0,0.875,B
BR_00089,CR_YT_040,1.0,0.5,0.9347,0.8239,B
BR_00089,CR_YT_048,1.0,0.75,0.0,0.875,B
BR_00089,CR_YT_057,1.0,0.5,0.0,0.75,C
BR_00089,CR_YT_058,1.0,0.5,0.0,0.75,C
BR_00089,CR_YT_060,1.0,0.75,0.0,0.875,B
BR_00089,CR_YT_062,1.0,0.5,0.0,0.75,C
BR_00089,CR_YT_068,1.0,0.5,0.0,0.75,C
BR_00089,CR_YT_073,1.0,0.75,0.0,0.875,B
BR_00089,CR_YT_077,1.0,0.5,0.0,0.75,C
BR_00089,CR_YT_079,1.0,0.75,0.0,0.875,B
BR_00089,CR_YT_090,1.0,0.5,0.0,0.75,C
BR_00089,CR_YT_091,1.0,0.5,0.0,0.75,C
BR_00089,CR_YT_092,1.0,0.5,0.0,0.75,C
BR_00089,CR_YT_099,1.0,0.5,0.0,0.75,C
BR_00089,CR_YT_102,1.0,0.75,0.0,0.875,B
BR_00089,CR_YT_107,1.0,0.5,0.0,0.75,C
BR_00089,CR_YT_108,1.0,0.5,0.78,0.762,C
BR_00089,CR_YT_110,1.0,0.5,0.0,0.75,C
BR_00089,CR_YT_118,1.0,0.5,0.0,0.75,C
BR_00089,CR_YT_123,1.0,0.5,0.0,0.75,C
BR_00089,CR_YT_127,1.0,0.75,0.0,0.875,B
BR_00089,CR_YT_133,1.0,0.5,0.0,0.75,C
BR_00089,CR_YT_136,1.0,0.5,0.82,0.778,C
BR_00089,CR_YT_137,1.0,0.5,0.0,0.75,C
BR_00089,CR_YT_139,1.0,0.5,0.0,0.75,C
BR_00089,CR_YT_148,1.0,0.5,0.0,0.75,C
BR_00089,CR_YT_151,1.0,0.5,0.0,0.75,C
BR_00089,CR_YT_157,1.0,0.5,0.0,0.75,C
BR_00089,CR_YT_158,1.0,0.5,0.0,0.75,C
BR_00089,CR_YT_163,1.0,0.5,0.74,0.746,C
BR_00089,CR_YT_170,1.0,0.5,0.0,0.75,C
BR_00089,CR_YT_179,1.0,0.5,0.0,0.75,C
BR_00089,CR_YT_187,1.0,0.75,0.0,0.875,B
BR_00089,CR_YT_189,1.0,0.5,0.9,0.81,B
BR_00089,CR_YT_203,1.0,0.5,0.0,0.75,C
BR_00089,CR_YT_207,1.0,0.75,0.0,0.875,B
BR_00089,CR_YT_208,1.0,0.75,1.0,0.925,A
BR_00089,CR_YT_210,1.0,0.5,0.0,0.75,C
BR_00089,CR_YT_215,1.0,0.75,0.0,0.875,B
BR_00089,CR_YT_216,1.0,0.5,0.0,0.75,C
BR_00089,CR_YT_217,1.0,0.5,0.0,0.75,C
BR_00089,CR_YT_223,1.0,0.5,0.0,0.75,C
BR_00089,CR_YT_226,1.0,0.5,0.0,0.75,C
BR_00089,CR_YT_234,1.0,0.5,0.88,0.802,B
BR_00089,CR_YT_237,1.0,0.5,0.0,0.75,C
BR_00089,CR_YT_243,1.0,0.5,0.0,0.75,C
BR_00089,CR_YT_256,1.0,0.5,0.0,0.75,C
BR_00089,CR_YT_257,1.0,0.5,0.0,0.75,C
BR_00089,CR_YT_260,1.0,0.5,0.0,0.75,C
BR_00089,CR_YT_264,1.0,0.5,0.0,0.75,C
BR_00089,CR_YT_269,1.0,0.5,0.0,0.75,C
BR_00089,CR_YT_273,1.0,0.75,0.0,0.875,B
BR_00089,CR_YT_274,1.0,0.5,0.0,0.75,C
BR_00089,CR_YT_275,1.0,0.5,0.0,0.75,C
BR_00089,CR_YT_276,1.0,0.5,0.0,0.75,C
BR_00089,CR_YT_283,1.0,0.5,0.0,0.75,C
BR_00089,CR_YT_288,1.0,0.5,0.0,0.75,C
BR_00089,CR_YT_297,1.0,0.5,0.0,0.75,C
BR_00089,CR_YT_300,1.0,0.75,0.0,0.875,B
BR_00089,CR_TK_001,1.0,0.5,0.0,0.75,C
BR_00089,CR_TK_009,1.0,0.5,0.0,0.75,C
BR_00089,CR_TK_016,1.0,0.75,0.0,0.875,B
BR_00089,CR_TK_022,1.0,0.5,0.0,0.75,C
BR_00089,CR_TK_024,1.0,0.75,0.72,0.813,B
BR_00089,CR_TK_027,1.0,0.5,0.0,0.75,C
BR_00089,CR_TK_028,1.0,0.5,0.0,0.75,C
BR_00089,CR_TK_034,1.0,0.25,0.0,0.625,D
BR_00089,CR_TK_035,1.0,0.5,0.0,0.75,C
BR_00089,CR_TK_042,1.0,0.5,0.0,0.75,C
BR_00089,CR_TK_052,1.0,0.5,0.0,0.75,C
BR_00089,CR_TK_055,1.0,0.5,0.0,0.75,C
BR_00089,CR_TK_063,1.0,0.5,0.68,0.722,C
BR_00089,CR_TK_064,1.0,0.5,0.72,0.738,C
BR_00089,CR_TK_077,1.0,0.75,0.0,0.875,B
BR_00089,CR_TK_078,1.0,0.5,0.0,0.75,C
BR_00089,CR_TK_079,1.0,0.5,0.0,0.75,C
BR_00089,CR_TK_081,1.0,0.5,0.96,0.834,B
BR_00089,CR_TK_084,1.0,0.5,0.0,0.75,C
BR_00089,CR_TK_087,1.0,0.5,0.0,0.75,C
BR_00089,CR_TK_088,1.0,0.5,0.0,0.75,C
BR_00089,CR_TK_089,1.0,0.75,0.0,0.875,B
BR_00089,CR_TK_091,1.0,0.5,0.98,0.842,B
BR_00089,CR_TK_107,1.0,0.75,0.0,0.875,B
BR_00089,CR_TK_115,1.0,0.5,0.74,0.746,C
BR_00089,CR_TK_125,1.0,0.5,0.0,0.75,C
BR_00089,CR_TK_135,1.0,0.5,0.0,0.75,C
BR_00089,CR_TK_136,1.0,0.5,1.0,0.85,B
BR_00089,CR_TK_150,1.0,0.5,0.7,0.73,C
BR_00089,CR_TK_155,1.0,0.5,0.0,0.75,C
BR_00089,CR_TK_156,1.0,0.5,0.0,0.75,C
BR_00089,CR_TK_162,1.0,0.5,0.0,0.75,C
BR_00089,CR_TK_170,1.0,0.5,0.0,0.75,C
BR_00089,CR_TK_173,1.0,0.5,0.0,0.75,C
BR_00089,CR_TK_183,1.0,0.5,0.0,0.75,C
BR_00089,CR_TK_184,1.0,0.5,0.84,0.786,C
BR_00089,CR_TK_190,1.0,0.5,0.88,0.802,B
BR_00090,CR_YT_003,1.0,1.0,0.86,0.944,A
BR_00090,CR_YT_011,1.0,1.0,0.84,0.936,A
BR_00090,CR_YT_014,1.0,1.0,0.0,1.0,A
BR_00090,CR_YT_026,1.0,1.0,0.0,1.0,A
BR_00090,CR_YT_031,1.0,1.0,0.0,1.0,A
BR_00090,CR_YT_035,1.0,1.0,0.0,1.0,A
BR_00090,CR_YT_040,1.0,1.0,0.0,1.0,A
BR_00090,CR_YT_048,1.0,1.0,0.0,1.0,A
BR_00090,CR_YT_058,1.0,1.0,0.0,1.0,A
BR_00090,CR_YT_060,1.0,1.0,0.0,1.0,A
BR_00090,CR_YT_062,1.0,1.0,0.0,1.0,A
BR_00090,CR_YT_068,1.0,1.0,0.0,1.0,A
BR_00090,CR_YT_069,1.0,1.0,0.0,1.0,A
BR_00090,CR_YT_073,1.0,1.0,0.76,0.904,A
BR_00090,CR_YT_076,1.0,0.75,0.0,0.875,B
BR_00090,CR_YT_079,1.0,1.0,0.0,1.0,A
BR_00090,CR_YT_084,1.0,1.0,0.0,1.0,A
BR_00090,CR_YT_091,1.0,0.75,0.78,0.837,B
BR_00090,CR_YT_094,1.0,1.0,0.0,1.0,A
BR_00090,CR_YT_096,1.0,0.75,0.0,0.875,B
BR_00090,CR_YT_099,1.0,1.0,0.0,1.0,A
BR_00090,CR_YT_102,1.0,1.0,0.0,1.0,A
BR_00090,CR_YT_112,1.0,0.75,0.0,0.875,B
BR_00090,CR_YT_114,1.0,1.0,0.0,1.0,A
BR_00090,CR_YT_123,1.0,0.75,0.74,0.821,B
BR_00090,CR_YT_133,1.0,1.0,0.0,1.0,A
BR_00090,CR_YT_136,1.0,0.75,0.8,0.845,B
BR_00090,CR_YT_145,1.0,1.0,0.0,1.0,A
BR_00090,CR_YT_148,1.0,1.0,0.0,1.0,A
BR_00090,CR_YT_155,1.0,1.0,0.0,1.0,A
BR_00090,CR_YT_158,1.0,1.0,1.0,1.0,A
BR_00090,CR_YT_163,1.0,1.0,0.0,1.0,A
BR_00090,CR_YT_165,1.0,0.75,0.0,0.875,B
BR_00090,CR_YT_175,1.0,0.75,0.0,0.875,B
BR_00090,CR_YT_176,1.0,1.0,0.0,1.0,A
BR_00090,CR_YT_179,1.0,1.0,0.0,1.0,A
BR_00090,CR_YT_188,1.0,0.75,0.0,0.875,B
BR_00090,CR_YT_190,1.0,0.75,0.0,0.875,B
BR_00090,CR_YT_192,1.0,1.0,0.0,1.0,A
BR_00090,CR_YT_203,1.0,1.0,0.0,1.0,A
BR_00090,CR_YT_204,1.0,1.0,0.0,1.0,A
BR_00090,CR_YT_205,1.0,1.0,0.0,1.0,A
BR_00090,CR_YT_209,1.0,0.75,0.0,0.875,B
BR_00090,CR_YT_211,1.0,1.0,0.0,1.0,A
BR_00090,CR_YT_217,1.0,1.0,0.0,1.0,A
BR_00090,CR_YT_218,1.0,0.75,0.0,0.875,B
BR_00090,CR_YT_223,1.0,1.0,0.0,1.0,A
BR_00090,CR_YT_226,1.0,1.0,0.0,1.0,A
BR_00090,CR_YT_235,1.0,0.5,0.0,0.75,C
BR_00090,CR_YT_237,1.0,1.0,0.0,1.0,A
BR_00090,CR_YT_243,1.0,0.75,0.0,0.875,B
BR_00090,CR_YT_247,1.0,1.0,0.0,1.0,A
BR_00090,CR_YT_260,1.0,0.75,0.0,0.875,B
BR_00090,CR_YT_262,1.0,1.0,0.0,1.0,A
BR_00090,CR_YT_265,1.0,1.0,0.0,1.0,A
BR_00090,CR_YT_273,1.0,1.0,0.0,1.0,A
BR_00090,CR_YT_276,1.0,1.0,0.82,0.928,A
BR_00090,CR_YT_283,1.0,0.75,0.0,0.875,B
BR_00090,CR_YT_288,1.0,1.0,0.0,1.0,A
BR_00090,CR_YT_291,1.0,1.0,0.0,1.0,A
BR_00090,CR_YT_298,1.0,0.75,0.0,0.875,B
BR_00090,CR_YT_300,1.0,1.0,0.0,1.0,A
BR_00090,CR_TK_005,1.0,1.0,0.0,1.0,A
BR_00090,CR_TK_016,1.0,1.0,0.0,1.0,A
BR_00090,CR_TK_022,1.0,0.75,0.0,0.875,B
BR_00090,CR_TK_027,1.0,1.0,0.0,1.0,A
BR_00090,CR_TK_028,1.0,0.75,0.0,0.875,B
BR_00090,CR_TK_029,1.0,1.0,0.0,1.0,A
BR_00090,CR_TK_033,1.0,1.0,0.0,1.0,A
BR_00090,CR_TK_034,1.0,0.75,0.0,0.875,B
BR_00090,CR_TK_037,1.0,1.0,0.0,1.0,A
BR_00090,CR_TK_042,1.0,1.0,0.9,0.96,A
BR_00090,CR_TK_043,1.0,1.0,0.0,1.0,A
BR_00090,CR_TK_047,1.0,1.0,0.0,1.0,A
BR_00090,CR_TK_055,1.0,1.0,0.0,1.0,A
BR_00090,CR_TK_063,1.0,1.0,0.0,1.0,A
BR_00090,CR_TK_071,1.0,0.75,0.0,0.875,B
BR_00090,CR_TK_077,1.0,1.0,0.0,1.0,A
BR_00090,CR_TK_078,1.0,1.0,0.0,1.0,A
BR_00090,CR_TK_081,1.0,1.0,0.0,1.0,A
BR_00090,CR_TK_084,1.0,1.0,0.0,1.0,A
BR_00090,CR_TK_087,1.0,0.75,0.0,0.875,B
BR_00090,CR_TK_088,1.0,1.0,0.0,1.0,A
BR_00090,CR_TK_090,1.0,1.0,0.58,0.832,B
BR_00090,CR_TK_091,1.0,1.0,0.0,1.0,A
BR_00090,CR_TK_101,1.0,1.0,0.0,1.0,A
BR_00090,CR_TK_111,1.0,1.0,0.0,1.0,A
BR_00090,CR_TK_121,1.0,0.75,0.0,0.875,B
BR_00090,CR_TK_131,1.0,1.0,0.0,1.0,A
BR_00090,CR_TK_132,1.0,1.0,0.78,0.912,A
BR_00090,CR_TK_149,1.0,1.0,0.0,1.0,A
BR_00090,CR_TK_150,1.0,1.0,0.0,1.0,A
BR_00090,CR_TK_156,1.0,0.75,0.0,0.875,B
BR_00090,CR_TK_162,1.0,1.0,0.0,1.0,A
BR_00090,CR_TK_177,1.0,0.75,0.0,0.875,B
BR_00090,CR_TK_188,1.0,1.0,0.0,1.0,A
BR_00091,CR_YT_003,1.0,0.5,0.0,0.75,C
BR_00091,CR_YT_005,1.0,0.5,0.0,0.75,C
BR_00091,CR_YT_006,1.0,0.5,0.0,0.75,C
BR_00091,CR_YT_009,1.0,0.5,0.62,0.698,D
BR_00091,CR_YT_010,1.0,0.75,0.0,0.875,B
BR_00091,CR_YT_015,1.0,0.75,0.86,0.869,B
BR_00091,CR_YT_023,1.0,0.75,0.0,0.875,B
BR_00091,CR_YT_029,1.0,0.75,0.0,0.875,B
BR_00091,CR_YT_031,1.0,0.75,0.0,0.875,B
BR_00091,CR_YT_036,1.0,0.5,0.0,0.75,C
BR_00091,CR_YT_039,1.0,0.75,0.0,0.875,B
BR_00091,CR_YT_040,1.0,0.75,0.0,0.875,B
BR_00091,CR_YT_048,1.0,0.75,0.0,0.875,B
BR_00091,CR_YT_057,1.0,0.75,0.0,0.875,B
BR_00091,CR_YT_058,1.0,0.75,0.0,0.875,B
BR_00091,CR_YT_060,1.0,0.75,0.0,0.875,B
BR_00091,CR_YT_062,1.0,0.75,0.0,0.875,B
BR_00091,CR_YT_068,1.0,0.75,0.0,0.875,B
BR_00091,CR_YT_073,1.0,0.75,0.0,0.875,B
BR_00091,CR_YT_077,1.0,0.5,0.0,0.75,C
BR_00091,CR_YT_079,1.0,0.75,0.0,0.875,B
BR_00091,CR_YT_090,1.0,0.5,0.0,0.75,C
BR_00091,CR_YT_091,1.0,0.5,0.0,0.75,C
BR_00091,CR_YT_092,1.0,0.5,0.0,0.75,C
BR_00091,CR_YT_099,1.0,0.5,0.0,0.75,C
BR_00091,CR_YT_102,1.0,0.75,1.0,0.925,A
BR_00091,CR_YT_107,1.0,0.75,0.0,0.875,B
BR_00091,CR_YT_108,1.0,0.75,0.0,0.875,B
BR_00091,CR_YT_110,1.0,0.75,0.0,0.875,B
BR_00091,CR_YT_118,1.0,0.5,0.0,0.75,C
BR_00091,CR_YT_123,1.0,0.5,0.0,0.75,C
BR_00091,CR_YT_127,1.0,0.75,0.0,0.875,B
BR_00091,CR_YT_133,1.0,0.5,0.0,0.75,C
BR_00091,CR_YT_136,1.0,0.5,0.0,0.75,C
BR_00091,CR_YT_137,1.0,0.5,0.0,0.75,C
BR_00091,CR_YT_139,1.0,0.75,0.0,0.875,B
BR_00091,CR_YT_148,1.0,0.75,0.0,0.875,B
BR_00091,CR_YT_151,1.0,0.5,0.0,0.75,C
BR_00091,CR_YT_157,1.0,0.75,0.0,0.875,B
BR_00091,CR_YT_158,1.0,0.5,0.0,0.75,C
BR_00091,CR_YT_163,1.0,0.75,0.0,0.875,B
BR_00091,CR_YT_170,1.0,0.75,0.0,0.875,B
BR_00091,CR_YT_179,1.0,0.75,0.0,0.875,B
BR_00091,CR_YT_187,1.0,0.75,0.0,0.875,B
BR_00091,CR_YT_189,1.0,0.5,0.0,0.75,C
BR_00091,CR_YT_203,1.0,0.5,0.0,0.75,C
BR_00091,CR_YT_207,1.0,0.75,0.0,0.875,B
BR_00091,CR_YT_208,1.0,0.75,0.0,0.875,B
BR_00091,CR_YT_210,1.0,0.75,0.0,0.875,B
BR_00091,CR_YT_215,1.0,0.75,0.0,0.875,B
BR_00091,CR_YT_216,1.0,0.5,0.0,0.75,C
BR_00091,CR_YT_217,1.0,0.75,0.0,0.875,B
BR_00091,CR_YT_223,1.0,0.75,0.0,0.875,B
BR_00091,CR_YT_226,1.0,0.75,0.0,0.875,B
BR_00091,CR_YT_234,1.0,0.75,0.0,0.875,B
BR_00091,CR_YT_237,1.0,0.75,0.86,0.869,B
BR_00091,CR_YT_243,1.0,0.5,0.0,0.75,C
BR_00091,CR_YT_256,1.0,0.5,0.0,0.75,C
BR_00091,CR_YT_257,1.0,0.75,0.0,0.875,B
BR_00091,CR_YT_260,1.0,0.5,0.0,0.75,C
BR_00091,CR_YT_264,1.0,0.5,1.0,0.85,B
BR_00091,CR_YT_269,1.0,0.75,0.0,0.875,B
BR_00091,CR_YT_273,1.0,0.75,0.0,0.875,B
BR_00091,CR_YT_274,1.0,0.75,0.0,0.875,B
BR_00091,CR_YT_275,1.0,0.75,0.0,0.875,B
BR_00091,CR_YT_276,1.0,0.75,0.0,0.875,B
BR_00091,CR_YT_283,1.0,0.5,0.0,0.75,C
BR_00091,CR_YT_288,1.0,0.75,0.0,0.875,B
BR_00091,CR_YT_297,1.0,0.75,0.0,0.875,B
BR_00091,CR_YT_300,1.0,0.75,0.0,0.875,B
BR_00091,CR_TK_001,1.0,0.75,0.9107,0.8893,B
BR_00091,CR_TK_009,1.0,0.75,0.0,0.875,B
BR_00091,CR_TK_016,1.0,0.75,0.0,0.875,B
BR_00091,CR_TK_022,1.0,0.5,0.0,0.75,C
BR_00091,CR_TK_024,1.0,0.75,0.88,0.877,B
BR_00091,CR_TK_027,1.0,0.5,0.0,0.75,C
BR_00091,CR_TK_028,1.0,0.5,0.0,0.75,C
BR_00091,CR_TK_034,1.0,0.5,0.0,0.75,C
BR_00091,CR_TK_035,1.0,0.75,0.0,0.875,B
BR_00091,CR_TK_042,1.0,0.75,0.0,0.875,B
BR_00091,CR_TK_052,1.0,0.75,0.0,0.875,B
BR_00091,CR_TK_055,1.0,0.5,0.0,0.75,C
BR_00091,CR_TK_063,1.0,0.75,0.0,0.875,B
BR_00091,CR_TK_064,1.0,0.5,0.0,0.75,C
BR_00091,CR_TK_077,1.0,0.75,0.8,0.845,B
BR_00091,CR_TK_078,1.0,0.75,0.0,0.875,B
BR_00091,CR_TK_079,1.0,0.75,0.0,0.875,B
BR_00091,CR_TK_081,1.0,0.75,0.0,0.875,B
BR_00091,CR_TK_084,1.0,0.75,0.0,0.875,B
BR_00091,CR_TK_087,1.0,0.5,0.7,0.73,C
BR_00091,CR_TK_088,1.0,0.5,0.0,0.75,C
BR_00091,CR_TK_089,1.0,0.75,0.0,0.875,B
BR_00091,CR_TK_091,1.0,0.75,0.0,0.875,B
BR_00091,CR_TK_107,1.0,0.75,0.92,0.893,B
BR_00091,CR_TK_115,1.0,0.5,0.0,0.75,C
BR_00091,CR_TK_125,1.0,0.5,0.0,0.75,C
BR_00091,CR_TK_135,1.0,0.75,0.0,0.875,B
BR_00091,CR_TK_136,1.0,0.5,0.0,0.75,C
BR_00091,CR_TK_150,1.0,0.75,0.0,0.875,B
BR_00091,CR_TK_155,1.0,0.5,0.0,0.75,C
BR_00091,CR_TK_156,1.0,0.5,0.0,0.75,C
BR_00091,CR_TK_162,1.0,0.75,0.0,0.875,B
BR_00091,CR_TK_170,1.0,0.5,0.0,0.75,C
BR_00091,CR_TK_173,1.0,0.5,0.0,0.75,C
BR_00091,CR_TK_183,1.0,0.5,0.0,0.75,C
BR_00091,CR_TK_184,1.0,0.5,0.0,0.75,C
BR_00091,CR_TK_190,1.0,0.75,0.0,0.875,B
BR_00092,CR_YT_003,1.0,1.0,0.86,0.944,A
BR_00092,CR_YT_031,1.0,1.0,0.0,1.0,A
BR_00092,CR_YT_040,1.0,1.0,0.0,1.0,A
BR_00092,CR_YT_048,1.0,1.0,0.0,1.0,A
BR_00092,CR_YT_058,1.0,1.0,0.0,1.0,A
BR_00092,CR_YT_060,1.0,1.0,0.0,1.0,A
BR_00092,CR_YT_062,1.0,1.0,0.0,1.0,A
BR_00092,CR_YT_068,1.0,1.0,0.0,1.0,A
BR_00092,CR_YT_073,1.0,1.0,0.0,1.0,A
BR_00092,CR_YT_079,1.0,1.0,0.0,1.0,A
BR_00092,CR_YT_091,1.0,1.0,0.0,1.0,A
BR_00092,CR_YT_099,1.0,1.0,0.0,1.0,A
BR_00092,CR_YT_102,1.0,1.0,0.92,0.968,A
BR_00092,CR_YT_123,1.0,1.0,0.0,1.0,A
BR_00092,CR_YT_133,1.0,1.0,0.0,1.0,A
BR_00092,CR_YT_136,1.0,1.0,0.0,1.0,A
BR_00092,CR_YT_148,1.0,1.0,0.0,1.0,A
BR_00092,CR_YT_158,1.0,1.0,0.0,1.0,A
BR_00092,CR_YT_163,1.0,1.0,0.0,1.0,A
BR_00092,CR_YT_179,1.0,1.0,0.0,1.0,A
BR_00092,CR_YT_203,1.0,1.0,0.0,1.0,A
BR_00092,CR_YT_217,1.0,1.0,0.0,1.0,A
BR_00092,CR_YT_223,1.0,1.0,0.0,1.0,A
BR_00092,CR_YT_226,1.0,1.0,0.0,1.0,A
BR_00092,CR_YT_237,1.0,1.0,0.0,1.0,A
BR_00092,CR_YT_243,1.0,1.0,0.0,1.0,A
BR_00092,CR_YT_260,1.0,1.0,0.0,1.0,A
BR_00092,CR_YT_273,1.0,1.0,0.0,1.0,A
BR_00092,CR_YT_276,1.0,1.0,0.0,1.0,A
BR_00092,CR_YT_283,1.0,1.0,0.0,1.0,A
BR_00092,CR_YT_288,1.0,1.0,0.0,1.0,A
BR_00092,CR_YT_300,1.0,1.0,0.0,1.0,A
BR_00092,CR_TK_016,1.0,1.0,0.0,1.0,A
BR_00092,CR_TK_022,1.0,1.0,0.0,1.0,A
BR_00092,CR_TK_027,1.0,1.0,0.68,0.872,B
BR_00092,CR_TK_028,1.0,1.0,0.0,1.0,A
BR_00092,CR_TK_034,1.0,0.75,0.0,0.875,B
BR_00092,CR_TK_042,1.0,1.0,0.0,1.0,A
BR_00092,CR_TK_055,1.0,1.0,0.0,1.0,A
BR_00092,CR_TK_063,1.0,1.0,0.0,1.0,A
BR_00092,CR_TK_077,1.0,1.0,0.0,1.0,A
BR_00092,CR_TK_078,1.0,1.0,0.0,1.0,A
BR_00092,CR_TK_081,1.0,1.0,0.0,1.0,A
BR_00092,CR_TK_084,1.0,1.0,0.0,1.0,A
BR_00092,CR_TK_087,1.0,1.0,0.0,1.0,A
BR_00092,CR_TK_088,1.0,1.0,0.0,1.0,A
BR_00092,CR_TK_091,1.0,1.0,0.0,1.0,A
BR_00092,CR_TK_150,1.0,1.0,0.0,1.0,A
BR_00092,CR_TK_156,1.0,1.0,0.0,1.0,A
BR_00092,CR_TK_162,1.0,1.0,0.0,1.0,A
BR_00093,CR_YT_002,1.0,0.75,0.0,0.875,B
BR_00093,CR_YT_004,1.0,0.75,0.0,0.875,B
BR_00093,CR_YT_034,1.0,0.75,0.0,0.875,B
BR_00093,CR_YT_038,1.0,0.75,0.0,0.875,B
BR_00093,CR_YT_055,1.0,0.75,0.0,0.875,B
BR_00093,CR_YT_063,1.0,0.75,0.0,0.875,B
BR_00093,CR_YT_078,1.0,0.75,0.0,0.875,B
BR_00093,CR_YT_093,1.0,0.75,0.66,0.789,C
BR_00093,CR_YT_095,1.0,0.75,0.0,0.875,B
BR_00093,CR_YT_117,1.0,0.75,0.0,0.875,B
BR_00093,CR_YT_121,1.0,0.75,0.996,0.9234,A
BR_00093,CR_YT_128,1.0,0.75,0.0,0.875,B
BR_00093,CR_YT_141,1.0,1.0,0.0,1.0,A
BR_00093,CR_YT_142,1.0,0.75,0.0,0.875,B
BR_00093,CR_YT_143,1.0,0.75,0.0,0.875,B
BR_00093,CR_YT_149,1.0,0.75,0.0,0.875,B
BR_00093,CR_YT_150,1.0,1.0,0.0,1.0,A
BR_00093,CR_YT_154,1.0,0.75,0.92,0.893,B
BR_00093,CR_YT_169,1.0,0.75,0.94,0.901,A
BR_00093,CR_YT_178,1.0,0.75,0.0,0.875,B
BR_00093,CR_YT_185,1.0,0.75,0.0,0.875,B
BR_00093,CR_YT_194,1.0,0.75,0.0,0.875,B
BR_00093,CR_YT_253,1.0,0.75,0.0,0.875,B
BR_00093,CR_YT_266,1.0,0.75,0.0,0.875,B
BR_00093,CR_YT_267,1.0,0.75,0.0,0.875,B
BR_00093,CR_YT_290,1.0,1.0,0.0,1.0,A
BR_00093,CR_YT_296,1.0,0.75,0.0,0.875,B
BR_00093,CR_TK_019,1.0,0.75,0.0,0.875,B
BR_00093,CR_TK_025,1.0,1.0,0.0,1.0,A
BR_00093,CR_TK_038,1.0,0.75,0.0,0.875,B
BR_00093,CR_TK_040,1.0,0.75,0.0,0.875,B
BR_00093,CR_TK_053,1.0,0.75,0.0,0.875,B
BR_00093,CR_TK_060,1.0,1.0,0.0,1.0,A
BR_00093,CR_TK_067,1.0,0.75,0.0,0.875,B
BR_00093,CR_TK_073,1.0,1.0,0.72,0.888,B
BR_00093,CR_TK_080,1.0,1.0,0.0,1.0,A
BR_00093,CR_TK_095,1.0,0.75,0.0,0.875,B
BR_00093,CR_TK_102,1.0,0.75,0.0,0.875,B
BR_00093,CR_TK_106,1.0,0.75,0.0,0.875,B
BR_00093,CR_TK_109,1.0,1.0,0.0,1.0,A
BR_00093,CR_TK_117,1.0,0.75,0.0,0.875,B
BR_00093,CR_TK_126,1.0,1.0,0.0,1.0,A
BR_00093,CR_TK_127,1.0,0.75,0.0,0.875,B
BR_00093,CR_TK_139,1.0,0.75,0.0,0.875,B
BR_00093,CR_TK_143,1.0,0.75,0.0,0.875,B
BR_00093,CR_TK_147,1.0,0.75,0.0,0.875,B
BR_00093,CR_TK_151,1.0,1.0,0.0,1.0,A
BR_00093,CR_TK_164,1.0,0.75,0.0,0.875,B
BR_00093,CR_TK_180,1.0,0.75,0.0,0.875,B
BR_00094,CR_YT_003,1.0,1.0,0.0,1.0,A
BR_00094,CR_YT_011,1.0,1.0,0.0,1.0,A
BR_00094,CR_YT_014,1.0,1.0,0.0,1.0,A
BR_00094,CR_YT_026,1.0,1.0,0.0,1.0,A
BR_00094,CR_YT_031,1.0,1.0,0.0,1.0,A
BR_00094,CR_YT_035,1.0,1.0,0.0,1.0,A
BR_00094,CR_YT_040,1.0,1.0,0.0,1.0,A
BR_00094,CR_YT_048,1.0,1.0,0.0,1.0,A
BR_00094,CR_YT_058,1.0,1.0,0.0,1.0,A
BR_00094,CR_YT_060,1.0,1.0,0.0,1.0,A
BR_00094,CR_YT_062,1.0,1.0,0.0,1.0,A
BR_00094,CR_YT_068,1.0,1.0,1.0,1.0,A
BR_00094,CR_YT_069,1.0,1.0,0.0,1.0,A
BR_00094,CR_YT_073,1.0,1.0,0.0,1.0,A
BR_00094,CR_YT_076,1.0,0.75,0.0,0.875,B
BR_00094,CR_YT_079,1.0,1.0,0.0,1.0,A
BR_00094,CR_YT_084,1.0,1.0,0.0,1.0,A
BR_00094,CR_YT_091,1.0,1.0,0.0,1.0,A
BR_00094,CR_YT_094,1.0,1.0,0.0,1.0,A
BR_00094,CR_YT_096,1.0,1.0,0.0,1.0,A
BR_00094,CR_YT_099,1.0,1.0,0.0,1.0,A
BR_00094,CR_YT_102,1.0,1.0,0.8948,0.9579,A
BR_00094,CR_YT_112,1.0,0.75,0.0,0.875,B
BR_00094,CR_YT_114,1.0,1.0,0.0,1.0,A
BR_00094,CR_YT_123,1.0,0.75,0.0,0.875,B
BR_00094,CR_YT_133,1.0,1.0,0.0,1.0,A
BR_00094,CR_YT_136,1.0,0.75,0.0,0.875,B
BR_00094,CR_YT_145,1.0,1.0,0.0,1.0,A
BR_00094,CR_YT_148,1.0,1.0,0.0,1.0,A
BR_00094,CR_YT_155,1.0,1.0,0.0,1.0,A
BR_00094,CR_YT_158,1.0,1.0,0.0,1.0,A
BR_00094,CR_YT_163,1.0,1.0,0.0,1.0,A
BR_00094,CR_YT_165,1.0,1.0,0.0,1.0,A
BR_00094,CR_YT_175,1.0,0.75,0.0,0.875,B
BR_00094,CR_YT_176,1.0,1.0,0.0,1.0,A
BR_00094,CR_YT_179,1.0,1.0,0.0,1.0,A
BR_00094,CR_YT_188,1.0,0.75,0.0,0.875,B
BR_00094,CR_YT_190,1.0,0.75,0.0,0.875,B
BR_00094,CR_YT_192,1.0,1.0,0.0,1.0,A
BR_00094,CR_YT_203,1.0,1.0,0.0,1.0,A
BR_00094,CR_YT_204,1.0,1.0,0.0,1.0,A
BR_00094,CR_YT_205,1.0,1.0,1.0,1.0,A
BR_00094,CR_YT_209,1.0,0.75,0.0,0.875,B
BR_00094,CR_YT_211,1.0,1.0,0.0,1.0,A
BR_00094,CR_YT_217,1.0,1.0,0.0,1.0,A
BR_00094,CR_YT_218,1.0,0.75,0.0,0.875,B
BR_00094,CR_YT_223,1.0,1.0,0.0,1.0,A
BR_00094,CR_YT_226,1.0,1.0,0.0,1.0,A
BR_00094,CR_YT_235,1.0,0.75,0.0,0.875,B
BR_00094,CR_YT_237,1.0,1.0,0.76,0.904,A
BR_00094,CR_YT_243,1.0,0.75,0.0,0.875,B
BR_00094,CR_YT_247,1.0,1.0,0.0,1.0,A
BR_00094,CR_YT_260,1.0,0.75,0.0,0.875,B
BR_00094,CR_YT_262,1.0,1.0,0.0,1.0,A
BR_00094,CR_YT_265,1.0,1.0,0.0,1.0,A
BR_00094,CR_YT_273,1.0,1.0,0.0,1.0,A
BR_00094,CR_YT_276,1.0,1.0,0.0,1.0,A
BR_00094,CR_YT_283,1.0,0.75,0.0,0.875,B
BR_00094,CR_YT_288,1.0,1.0,0.0,1.0,A
BR_00094,CR_YT_291,1.0,1.0,0.0,1.0,A
BR_00094,CR_YT_298,1.0,0.75,0.0,0.875,B
BR_00094,CR_YT_300,1.0,1.0,0.0,1.0,A
BR_00094,CR_TK_005,1.0,1.0,0.0,1.0,A
BR_00094,CR_TK_016,1.0,1.0,0.0,1.0,A
BR_00094,CR_TK_022,1.0,0.75,0.0,0.875,B
BR_00094,CR_TK_027,1.0,1.0,0.84,0.936,A
BR_00094,CR_TK_028,1.0,0.75,0.0,0.875,B
BR_00094,CR_TK_029,1.0,1.0,0.0,1.0,A
BR_00094,CR_TK_033,1.0,1.0,0.0,1.0,A
BR_00094,CR_TK_034,1.0,0.75,0.0,0.875,B
BR_00094,CR_TK_037,1.0,1.0,0.0,1.0,A
BR_00094,CR_TK_042,1.0,1.0,0.0,1.0,A
BR_00094,CR_TK_043,1.0,1.0,0.0,1.0,A
BR_00094,CR_TK_047,1.0,1.0,0.0,1.0,A
BR_00094,CR_TK_055,1.0,1.0,1.0,1.0,A
BR_00094,CR_TK_063,1.0,1.0,0.0,1.0,A
BR_00094,CR_TK_071,1.0,1.0,0.0,1.0,A
BR_00094,CR_TK_077,1.0,1.0,0.0,1.0,A
BR_00094,CR_TK_078,1.0,1.0,0.0,1.0,A
BR_00094,CR_TK_081,1.0,1.0,0.0,1.0,A
BR_00094,CR_TK_084,1.0,1.0,0.0,1.0,A
BR_00094,CR_TK_087,1.0,1.0,0.0,1.0,A
BR_00094,CR_TK_088,1.0,1.0,0.0,1.0,A
BR_00094,CR_TK_090,1.0,1.0,0.0,1.0,A
BR_00094,CR_TK_091,1.0,1.0,0.0,1.0,A
BR_00094,CR_TK_101,1.0,1.0,0.0,1.0,A
BR_00094,CR_TK_111,1.0,1.0,0.0,1.0,A
BR_00094,CR_TK_121,1.0,1.0,0.0,1.0,A
BR_00094,CR_TK_131,1.0,1.0,0.64,0.856,B
BR_00094,CR_TK_132,1.0,1.0,0.0,1.0,A
BR_00094,CR_TK_149,1.0,1.0,0.0,1.0,A
BR_00094,CR_TK_150,1.0,1.0,0.0,1.0,A
BR_00094,CR_TK_156,1.0,1.0,0.0,1.0,A
BR_00094,CR_TK_162,1.0,1.0,0.0,1.0,A
BR_00094,CR_TK_177,1.0,0.75,0.0,0.875,B
BR_00094,CR_TK_188,1.0,1.0,0.0,1.0,A
BR_00095,CR_YT_003,1.0,0.75,0.0,0.875,B
BR_00095,CR_YT_007,1.0,1.0,0.0,1.0,A
BR_00095,CR_YT_012,1.0,0.75,0.0,0.875,B
BR_00095,CR_YT_020,0.5,1.0,0.0,0.75,C
BR_00095,CR_YT_022,1.0,1.0,0.0,1.0,A
BR_00095,CR_YT_031,1.0,0.75,0.0,0.875,B
BR_00095,CR_YT_032,0.5,1.0,0.0,0.75,C
BR_00095,CR_YT_033,0.5,1.0,0.0,0.75,C
BR_00095,CR_YT_040,1.0,0.75,0.0,0.875,B
BR_00095,CR_YT_041,1.0,1.0,0.0,1.0,A
BR_00095,CR_YT_042,0.5,1.0,0.0,0.75,C
BR_00095,CR_YT_045,1.0,1.0,0.76,0.904,A
BR_00095,CR_YT_046,1.0,1.0,0.0,1.0,A
BR_00095,CR_YT_047,1.0,1.0,0.0,1.0,A
BR_00095,CR_YT_048,1.0,0.75,0.0,0.875,B
BR_00095,CR_YT_049,1.0,1.0,0.0,1.0,A
BR_00095,CR_YT_051,1.0,1.0,0.0,1.0,A
BR_00095,CR_YT_054,1.0,1.0,0.0,1.0,A
BR_00095,CR_YT_058,1.0,0.75,0.78,0.837,B
BR_00095,CR_YT_060,1.0,0.75,0.0,0.875,B
BR_00095,CR_YT_061,1.0,1.0,0.0,1.0,A
BR_00095,CR_YT_062,1.0,0.75,0.0,0.875,B
BR_00095,CR_YT_067,1.0,1.0,0.0,1.0,A
BR_00095,CR_YT_068,1.0,0.75,0.0,0.875,B
BR_00095,CR_YT_070,0.5,1.0,0.0,0.75,C
BR_00095,CR_YT_071,1.0,1.0,0.0,1.0,A
BR_00095,CR_YT_073,1.0,0.75,0.0,0.875,B
BR_00095,CR_YT_075,0.5,1.0,0.0,0.75,C
BR_00095,CR_YT_079,1.0,0.75,0.0,0.875,B
BR_00095,CR_YT_085,1.0,1.0,0.0,1.0,A
BR_00095,CR_YT_088,1.0,1.0,0.0,1.0,A
BR_00095,CR_YT_091,1.0,0.75,0.0,0.875,B
BR_00095,CR_YT_099,1.0,0.75,0.0,0.875,B
BR_00095,CR_YT_102,1.0,0.75,0.0,0.875,B
BR_00095,CR_YT_111,1.0,1.0,0.0,1.0,A
BR_00095,CR_YT_115,1.0,1.0,0.0,1.0,A
BR_00095,CR_YT_120,1.0,1.0,0.0,1.0,A
BR_00095,CR_YT_122,0.5,1.0,0.0,0.75,C
BR_00095,CR_YT_123,1.0,0.75,0.0,0.875,B
BR_00095,CR_YT_125,1.0,1.0,0.0,1.0,A
BR_00095,CR_YT_126,0.5,1.0,0.0,0.75,C
BR_00095,CR_YT_129,0.5,0.75,0.0,0.625,D
BR_00095,CR_YT_130,0.5,1.0,0.0,0.75,C
BR_00095,CR_YT_133,1.0,0.75,0.0,0.875,B
BR_00095,CR_YT_135,1.0,1.0,0.0,1.0,A
BR_00095,CR_YT_136,1.0,0.75,0.0,0.875,B
BR_00095,CR_YT_138,1.0,1.0,0.0,1.0,A
BR_00095,CR_YT_146,0.5,1.0,0.0,0.75,C
BR_00095,CR_YT_148,1.0,0.75,0.0,0.875,B
BR_00095,CR_YT_158,1.0,0.75,0.0,0.875,B
BR_00095,CR_YT_162,0.5,1.0,0.0,0.75,C
BR_00095,CR_YT_163,1.0,0.75,0.62,0.773,C
BR_00095,CR_YT_167,0.5,1.0,0.0,0.75,C
BR_00095,CR_YT_171,1.0,1.0,0.0,1.0,A
BR_00095,CR_YT_179,1.0,0.75,0.64,0.781,C
BR_00095,CR_YT_183,0.5,1.0,0.0,0.75,C
BR_00095,CR_YT_184,0.5,1.0,0.0,0.75,C
BR_00095,CR_YT_186,1.0,1.0,0.0,1.0,A
BR_00095,CR_YT_193,1.0,1.0,0.0,1.0,A
BR_00095,CR_YT_203,1.0,0.75,0.0,0.875,B
BR_00095,CR_YT_212,0.5,1.0,0.0,0.75,C
BR_00095,CR_YT_214,1.0,1.0,0.82,0.928,A
BR_00095,CR_YT_217,1.0,0.75,0.0,0.875,B
BR_00095,CR_YT_221,1.0,1.0,0.0,1.0,A
BR_00095,CR_YT_223,1.0,0.75,0.64,0.781,C
BR_00095,CR_YT_226,1.0,0.75,0.0,0.875,B
BR_00095,CR_YT_228,1.0,1.0,0.0,1.0,A
BR_00095,CR_YT_230,1.0,1.0,0.96,0.984,A
BR_00095,CR_YT_231,0.5,1.0,0.6,0.69,D
BR_00095,CR_YT_237,1.0,0.75,0.0,0.875,B
BR_00095,CR_YT_243,1.0,0.75,0.0,0.875,B
BR_00095,CR_YT_244,1.0,1.0,0.0,1.0,A
BR_00095,CR_YT_245,1.0,1.0,0.0,1.0,A
BR_00095,CR_YT_258,0.5,0.75,0.0,0.625,D
BR_00095,CR_YT_260,1.0,0.75,0.0,0.875,B
BR_00095,CR_YT_270,0.5,1.0,0.0,0.75,C
BR_00095,CR_YT_273,1.0,0.75,0.0,0.875,B
BR_00095,CR_YT_276,1.0,0.75,0.0,0.875,B
BR_00095,CR_YT_281,1.0,1.0,0.0,1.0,A
BR_00095,CR_YT_283,1.0,0.75,0.0,0.875,B
BR_00095,CR_YT_288,1.0,0.75,0.0,0.875,B
BR_00095,CR_YT_299,0.5,1.0,0.0,0.75,C
BR_00095,CR_YT_300,1.0,0.75,0.0,0.875,B
BR_00095,CR_TK_006,0.5,0.75,0.0,0.625,D
BR_00095,CR_TK_011,1.0,1.0,0.0,1.0,A
BR_00095,CR_TK_015,1.0,1.0,0.0,1.0,A
BR_00095,CR_TK_016,1.0,0.75,0.0,0.875,B
BR_00095,CR_TK_018,1.0,1.0,0.0,1.0,A
BR_00095,CR_TK_020,1.0,1.0,0.78,0.912,A
BR_00095,CR_TK_021,1.0,1.0,0.0,1.0,A
BR_00095,CR_TK_022,1.0,0.75,0.0,0.875,B
BR_00095,CR_TK_023,1.0,1.0,0.0,1.0,A
BR_00095,CR_TK_026,0.5,1.0,0.0,0.75,C
BR_00095,CR_TK_027,1.0,0.75,0.0,0.875,B
BR_00095,CR_TK_028,1.0,0.75,0.0,0.875,B
BR_00095,CR_TK_032,0.5,1.0,0.0,0.75,C
BR_00095,CR_TK_034,1.0,0.5,0.0,0.75,C
BR_00095,CR_TK_041,0.5,1.0,0.0,0.75,C
BR_00095,CR_TK_042,1.0,0.75,0.0,0.875,B
BR_00095,CR_TK_045,0.5,1.0,0.0,0.75,C
BR_00095,CR_TK_046,0.5,1.0,0.0,0.75,C
BR_00095,CR_TK_051,1.0,1.0,0.0,1.0,A
BR_00095,CR_TK_055,1.0,0.75,0.0,0.875,B
BR_00095,CR_TK_057,1.0,1.0,0.0,1.0,A
BR_00095,CR_TK_058,0.5,1.0,0.0,0.75,C
BR_00095,CR_TK_061,1.0,1.0,0.0,1.0,A
BR_00095,CR_TK_063,1.0,0.75,0.0,0.875,B
BR_00095,CR_TK_074,1.0,1.0,0.0,1.0,A
BR_00095,CR_TK_076,1.0,1.0,0.0,1.0,A
BR_00095,CR_TK_077,1.0,0.75,0.0,0.875,B
BR_00095,CR_TK_078,1.0,0.75,0.8,0.845,B
BR_00095,CR_TK_081,1.0,0.75,0.0,0.875,B
BR_00095,CR_TK_084,1.0,0.75,0.0,0.875,B
BR_00095,CR_TK_086,0.5,1.0,0.0,0.75,C
BR_00095,CR_TK_087,1.0,0.75,0.0,0.875,B
BR_00095,CR_TK_088,1.0,0.75,0.0,0.875,B
BR_00095,CR_TK_091,1.0,0.75,0.0,0.875,B
BR_00095,CR_TK_108,1.0,1.0,0.0,1.0,A
BR_00095,CR_TK_118,0.5,1.0,0.66,0.714,C
BR_00095,CR_TK_120,1.0,1.0,0.0,1.0,A
BR_00095,CR_TK_128,0.5,1.0,0.0,0.75,C
BR_00095,CR_TK_134,0.5,1.0,0.94,0.826,B
BR_00095,CR_TK_140,1.0,1.0,0.0,1.0,A
BR_00095,CR_TK_142,1.0,1.0,0.0,1.0,A
BR_00095,CR_TK_146,1.0,1.0,0.0,1.0,A
BR_00095,CR_TK_150,1.0,0.75,0.0,0.875,B
BR_00095,CR_TK_152,1.0,1.0,0.0,1.0,A
BR_00095,CR_TK_156,1.0,0.75,0.0,0.875,B
BR_00095,CR_TK_159,0.5,1.0,0.94,0.826,B
BR_00095,CR_TK_161,1.0,1.0,0.0,1.0,A
BR_00095,CR_TK_162,1.0,0.75,0.0,0.875,B
BR_00095,CR_TK_165,1.0,1.0,0.0,1.0,A
BR_00095,CR_TK_166,1.0,1.0,0.0,1.0,A
BR_00095,CR_TK_171,1.0,1.0,0.0,1.0,A
BR_00095,CR_TK_175,1.0,1.0,0.0,1.0,A
BR_00095,CR_TK_179,0.5,1.0,0.62,0.698,D
BR_00095,CR_TK_191,1.0,1.0,0.0,1.0,A
BR_00095,CR_TK_192,1.0,1.0,0.0,1.0,A
BR_00095,CR_TK_196,1.0,1.0,0.72,0.888,B
BR_00095,CR_TK_197,0.5,1.0,0.0,0.75,C
BR_00095,CR_TK_199,0.5,1.0,0.0,0.75,C
BR_00096,CR_YT_003,1.0,0.5,0.0,0.75,C
BR_00096,CR_YT_005,1.0,0.5,0.0,0.75,C
BR_00096,CR_YT_006,1.0,0.5,0.72,0.738,C
BR_00096,CR_YT_009,1.0,0.25,0.0,0.625,D
BR_00096,CR_YT_010,1.0,0.5,0.0,0.75,C
BR_00096,CR_YT_015,1.0,0.75,0.0,0.875,B
BR_00096,CR_YT_023,1.0,0.75,0.0,0.875,B
BR_00096,CR_YT_029,1.0,0.75,0.0,0.875,B
BR_00096,CR_YT_031,1.0,0.75,0.0,0.875,B
BR_00096,CR_YT_036,1.0,0.5,0.0,0.75,C
BR_00096,CR_YT_039,1.0,0.75,0.0,0.875,B
BR_00096,CR_YT_040,1.0,0.75,0.0,0.875,B
BR_00096,CR_YT_048,1.0,0.75,0.58,0.757,C
BR_00096,CR_YT_057,1.0,0.5,0.0,0.75,C
BR_00096,CR_YT_058,1.0,0.5,0.0,0.75,C
BR_00096,CR_YT_060,1.0,0.75,0.0,0.875,B
BR_00096,CR_YT_062,1.0,0.5,0.0,0.75,C
BR_00096,CR_YT_068,1.0,0.75,0.0,0.875,B
BR_00096,CR_YT_073,1.0,0.75,0.0,0.875,B
BR_00096,CR_YT_077,1.0,0.5,0.0,0.75,C
BR_00096,CR_YT_079,1.0,0.75,0.78,0.837,B
BR_00096,CR_YT_090,1.0,0.5,0.0,0.75,C
BR_00096,CR_YT_091,1.0,0.5,0.0,0.75,C
BR_00096,CR_YT_092,1.0,0.5,0.0,0.75,C
BR_00096,CR_YT_099,1.0,0.5,0.0,0.75,C
BR_00096,CR_YT_102,1.0,0.75,0.0,0.875,B
BR_00096,CR_YT_107,1.0,0.5,0.0,0.75,C
BR_00096,CR_YT_108,1.0,0.75,0.0,0.875,B
BR_00096,CR_YT_110,1.0,0.5,0.0,0.75,C
BR_00096,CR_YT_118,1.0,0.5,0.0,0.75,C
BR_00096,CR_YT_123,1.0,0.5,0.0,0.75,C
BR_00096,CR_YT_127,1.0,0.75,0.0,0.875,B
BR_00096,CR_YT_133,1.0,0.5,0.0,0.75,C
BR_00096,CR_YT_136,1.0,0.5,0.0,0.75,C
BR_00096,CR_YT_137,1.0,0.5,0.98,0.842,B
BR_00096,CR_YT_139,1.0,0.75,0.0,0.875,B
BR_00096,CR_YT_148,1.0,0.5,0.0,0.75,C
BR_00096,CR_YT_151,1.0,0.5,0.0,0.75,C
BR_00096,CR_YT_157,1.0,0.5,0.0,0.75,C
BR_00096,CR_YT_158,1.0,0.5,0.0,0.75,C
BR_00096,CR_YT_163,1.0,0.5,0.0,0.75,C
BR_00096,CR_YT_170,1.0,0.75,0.0,0.875,B
BR_00096,CR_YT_179,1.0,0.5,0.0,0.75,C
BR_00096,CR_YT_187,1.0,0.75,0.0,0.875,B
BR_00096,CR_YT_189,1.0,0.5,0.86,0.794,C
BR_00096,CR_YT_203,1.0,0.5,0.0,0.75,C
BR_00096,CR_YT_207,1.0,0.75,0.0,0.875,B
BR_00096,CR_YT_208,1.0,0.75,0.0,0.875,B
BR_00096,CR_YT_210,1.0,0.75,0.0,0.875,B
BR_00096,CR_YT_215,1.0,0.75,0.0,0.875,B
BR_00096,CR_YT_216,1.0,0.5,0.0,0.75,C
BR_00096,CR_YT_217,1.0,0.5,0.0,0.75,C
BR_00096,CR_YT_223,1.0,0.5,0.0,0.75,C
BR_00096,CR_YT_226,1.0,0.5,0.0,0.75,C
BR_00096,CR_YT_234,1.0,0.75,0.0,0.875,B
BR_00096,CR_YT_237,1.0,0.5,0.0,0.75,C
BR_00096,CR_YT_243,1.0,0.5,0.0,0.75,C
BR_00096,CR_YT_256,1.0,0.5,0.0,0.75,C
BR_00096,CR_YT_257,1.0,0.5,0.0,0.75,C
BR_00096,CR_YT_260,1.0,0.5,0.0,0.75,C
BR_00096,CR_YT_264,1.0,0.5,0.0,0.75,C
BR_00096,CR_YT_269,1.0,0.5,0.0,0.75,C
BR_00096,CR_YT_273,1.0,0.75,0.0,0.875,B
BR_00096,CR_YT_274,1.0,0.5,0.0,0.75,C
BR_00096,CR_YT_275,1.0,0.5,0.0,0.75,C
BR_00096,CR_YT_276,1.0,0.75,0.0,0.875,B
BR_00096,CR_YT_283,1.0,0.5,0.0,0.75,C
BR_00096,CR_YT_288,1.0,0.5,0.0,0.75,C
BR_00096,CR_YT_297,1.0,0.5,0.0,0.75,C
BR_00096,CR_YT_300,1.0,0.75,0.0,0.875,B
BR_00096,CR_TK_001,1.0,0.5,0.0,0.75,C
BR_00096,CR_TK_009,1.0,0.5,0.78,0.762,C
BR_00096,CR_TK_016,1.0,0.75,0.0,0.875,B
BR_00096,CR_TK_022,1.0,0.5,0.0,0.75,C
BR_00096,CR_TK_024,1.0,0.75,0.0,0.875,B
BR_00096,CR_TK_027,1.0,0.5,0.0,0.75,C
BR_00096,CR_TK_028,1.0,0.5,0.0,0.75,C
BR_00096,CR_TK_034,1.0,0.5,0.0,0.75,C
BR_00096,CR_TK_035,1.0,0.5,0.0,0.75,C
BR_00096,CR_TK_042,1.0,0.5,0.0,0.75,C
BR_00096,CR_TK_052,1.0,0.75,0.0,0.875,B
BR_00096,CR_TK_055,1.0,0.5,0.0,0.75,C
BR_00096,CR_TK_063,1.0,0.75,0.0,0.875,B
BR_00096,CR_TK_064,1.0,0.5,0.0,0.75,C
BR_00096,CR_TK_077,1.0,0.75,0.0,0.875,B
BR_00096,CR_TK_078,1.0,0.5,0.0,0.75,C
BR_00096,CR_TK_079,1.0,0.5,0.0,0.75,C
BR_00096,CR_TK_081,1.0,0.5,0.72,0.738,C
BR_00096,CR_TK_084,1.0,0.75,0.0,0.875,B
BR_00096,CR_TK_087,1.0,0.5,0.86,0.794,C
BR_00096,CR_TK_088,1.0,0.5,0.0,0.75,C
BR_00096,CR_TK_089,1.0,0.75,0.0,0.875,B
BR_00096,CR_TK_091,1.0,0.75,0.86,0.869,B
BR_00096,CR_TK_107,1.0,0.75,0.8,0.845,B
BR_00096,CR_TK_115,1.0,0.5,0.0,0.75,C
BR_00096,CR_TK_125,1.0,0.5,0.0,0.75,C
BR_00096,CR_TK_135,1.0,0.75,0.0,0.875,B
BR_00096,CR_TK_136,1.0,0.5,0.0,0.75,C
BR_00096,CR_TK_150,1.0,0.5,0.0,0.75,C
BR_00096,CR_TK_155,1.0,0.5,0.0,0.75,C
BR_00096,CR_TK_156,1.0,0.5,0.0,0.75,C
BR_00096,CR_TK_162,1.0,0.5,0.0,0.75,C
BR_00096,CR_TK_170,1.0,0.5,0.0,0.75,C
BR_00096,CR_TK_173,1.0,0.5,0.0,0.75,C
BR_00096,CR_TK_183,1.0,0.5,0.0,0.75,C
BR_00096,CR_TK_184,1.0,0.5,0.0,0.75,C
BR_00096,CR_TK_190,1.0,0.5,0.0,0.75,C
BR_00097,CR_YT_007,0.5,1.0,0.0,0.75,C
BR_00097,CR_YT_012,0.5,0.75,0.0,0.625,D
BR_00097,CR_YT_020,1.0,1.0,0.0,1.0,A
BR_00097,CR_YT_022,0.5,0.75,0.68,0.647,D
BR_00097,CR_YT_032,1.0,0.75,0.78,0.837,B
BR_00097,CR_YT_033,1.0,0.75,0.0,0.875,B
BR_00097,CR_YT_041,0.5,1.0,0.0,0.75,C
BR_00097,CR_YT_042,1.0,1.0,0.0,1.0,A
BR_00097,CR_YT_045,0.5,0.75,0.0,0.625,D
BR_00097,CR_YT_046,0.5,1.0,0.0,0.75,C
BR_00097,CR_YT_047,0.5,1.0,0.0,0.75,C
BR_00097,CR_YT_049,0.5,1.0,0.0,0.75,C
BR_00097,CR_YT_051,0.5,0.75,0.0,0.625,D
BR_00097,CR_YT_054,0.5,1.0,0.0,0.75,C
BR_00097,CR_YT_061,0.5,1.0,0.0,0.75,C
BR_00097,CR_YT_067,0.5,1.0,0.0,0.75,C
BR_00097,CR_YT_070,1.0,0.75,0.0,0.875,B
BR_00097,CR_YT_071,0.5,1.0,0.0,0.75,C
BR_00097,CR_YT_075,1.0,0.75,0.0,0.875,B
BR_00097,CR_YT_085,0.5,1.0,0.0,0.75,C
BR_00097,CR_YT_088,0.5,1.0,0.7807,0.7623,C
BR_00097,CR_YT_111,0.5,1.0,0.0,0.75,C
BR_00097,CR_YT_115,0.5,1.0,0.0,0.75,C
BR_00097,CR_YT_120,0.5,0.75,0.8,0.695,D
BR_00097,CR_YT_122,1.0,0.75,0.0,0.875,B
BR_00097,CR_YT_125,0.5,1.0,0.0,0.75,C
BR_00097,CR_YT_126,1.0,0.75,0.0,0.875,B
BR_00097,CR_YT_129,1.0,0.5,0.82,0.778,C
BR_00097,CR_YT_130,1.0,1.0,0.0,1.0,A
BR_00097,CR_YT_135,0.5,0.75,0.0,0.625,D
BR_00097,CR_YT_138,0.5,0.75,0.0,0.625,D
BR_00097,CR_YT_146,1.0,1.0,0.0,1.0,A
BR_00097,CR_YT_162,1.0,0.75,0.0,0.875,B
BR_00097,CR_YT_167,1.0,1.0,0.74,0.896,B
BR_00097,CR_YT_171,0.5,1.0,0.0,0.75,C
BR_00097,CR_YT_183,1.0,0.75,0.0,0.875,B
BR_00097,CR_YT_184,1.0,1.0,0.0,1.0,A
BR_00097,CR_YT_186,0.5,1.0,0.0,0.75,C
BR_00097,CR_YT_193,0.5,0.75,0.909,0.7386,C
BR_00097,CR_YT_212,1.0,0.75,0.0,0.875,B
BR_00097,CR_YT_214,0.5,1.0,0.76,0.754,C
BR_00097,CR_YT_221,0.5,0.75,0.0,0.625,D
BR_00097,CR_YT_228,0.5,1.0,0.0,0.75,C
BR_00097,CR_YT_230,0.5,0.75,0.0,0.625,D
BR_00097,CR_YT_231,1.0,0.75,0.0,0.875,B
BR_00097,CR_YT_244,0.5,1.0,0.0,0.75,C
BR_00097,CR_YT_245,0.5,1.0,0.0,0.75,C
BR_00097,CR_YT_258,1.0,0.75,0.0,0.875,B
BR_00097,CR_YT_270,1.0,1.0,0.94,0.976,A
BR_00097,CR_YT_281,0.5,0.75,0.0,0.625,D
BR_00097,CR_YT_299,1.0,0.75,0.0,0.875,B
BR_00097,CR_TK_006,1.0,0.75,0.0,0.875,B
BR_00097,CR_TK_011,0.5,1.0,0.0,0.75,C
BR_00097,CR_TK_015,0.5,0.75,0.0,0.625,D
BR_00097,CR_TK_018,0.5,0.75,0.0,0.625,D
BR_00097,CR_TK_020,0.5,1.0,0.0,0.75,C
BR_00097,CR_TK_021,0.5,0.75,0.0,0.625,D
BR_00097,CR_TK_023,0.5,1.0,0.66,0.714,C
BR_00097,CR_TK_026,1.0,0.75,0.0,0.875,B
BR_00097,CR_TK_032,1.0,1.0,0.0,1.0,A
BR_00097,CR_TK_041,1.0,1.0,0.0,1.0,A
BR_00097,CR_TK_045,1.0,1.0,0.0,1.0,A
BR_00097,CR_TK_046,1.0,1.0,0.0,1.0,A
BR_00097,CR_TK_051,0.5,1.0,0.0,0.75,C
BR_00097,CR_TK_057,0.5,0.75,0.0,0.625,D
BR_00097,CR_TK_058,1.0,1.0,0.0,1.0,A
BR_00097,CR_TK_061,0.5,1.0,0.0,0.75,C
BR_00097,CR_TK_074,0.5,0.75,0.0,0.625,D
BR_00097,CR_TK_076,0.5,0.75,0.0,0.625,D
BR_00097,CR_TK_086,1.0,0.75,0.0,0.875,B
BR_00097,CR_TK_108,0.5,0.75,0.0,0.625,D
BR_00097,CR_TK_118,1.0,0.75,0.8002,0.8451,B
BR_00097,CR_TK_120,0.5,0.75,0.0,0.625,D
BR_00097,CR_TK_128,1.0,1.0,0.0,1.0,A
BR_00097,CR_TK_134,1.0,1.0,0.0,1.0,A
BR_00097,CR_TK_140,0.5,1.0,0.0,0.75,C
BR_00097,CR_TK_142,0.5,1.0,0.0,0.75,C
BR_00097,CR_TK_146,0.5,0.75,0.0,0.625,D
BR_00097,CR_TK_152,0.5,1.0,0.9,0.81,B
BR_00097,CR_TK_159,1.0,0.75,0.0,0.875,B
BR_00097,CR_TK_161,0.5,0.75,0.0,0.625,D
BR_00097,CR_TK_165,0.5,1.0,0.0,0.75,C
BR_00097,CR_TK_166,0.5,1.0,0.0,0.75,C
BR_00097,CR_TK_171,0.5,0.75,0.0,0.625,D
BR_00097,CR_TK_175,0.5,0.75,0.0,0.625,D
BR_00097,CR_TK_179,1.0,0.75,0.0,0.875,B
BR_00097,CR_TK_191,0.5,1.0,0.0,0.75,C
BR_00097,CR_TK_192,0.5,1.0,0.0,0.75,C
BR_00097,CR_TK_196,0.5,0.75,0.6,0.615,D
BR_00097,CR_TK_197,1.0,0.75,0.0,0.875,B
BR_00097,CR_TK_199,1.0,1.0,0.0,1.0,A
BR_00098,CR_YT_003,1.0,0.5,0.0,0.75,C
BR_00098,CR_YT_005,1.0,0.5,0.0,0.75,C
BR_00098,CR_YT_006,1.0,0.5,0.0,0.75,C
BR_00098,CR_YT_009,1.0,0.25,0.0,0.625,D
BR_00098,CR_YT_010,1.0,0.5,0.0,0.75,C
BR_00098,CR_YT_015,1.0,0.5,0.0,0.75,C
BR_00098,CR_YT_023,1.0,0.75,0.0,0.875,B
BR_00098,CR_YT_029,1.0,0.5,0.0,0.75,C
BR_00098,CR_YT_031,1.0,0.5,0.0,0.75,C
BR_00098,CR_YT_036,1.0,0.5,0.0,0.75,C
BR_00098,CR_YT_039,1.0,0.75,0.76,0.829,B
BR_00098,CR_YT_040,1.0,0.5,0.0,0.75,C
BR_00098,CR_YT_048,1.0,0.75,0.0,0.875,B
BR_00098,CR_YT_057,1.0,0.5,0.0,0.75,C
BR_00098,CR_YT_058,1.0,0.5,0.64,0.706,C
BR_00098,CR_YT_060,1.0,0.75,0.0,0.875,B
BR_00098,CR_YT_062,1.0,0.5,0.0,0.75,C
BR_00098,CR_YT_068,1.0,0.5,0.0,0.75,C
BR_00098,CR_YT_073,1.0,0.75,0.0,0.875,B
BR_00098,CR_YT_077,1.0,0.5,0.74,0.746,C
BR_00098,CR_YT_079,1.0,0.75,0.8,0.845,B
BR_00098,CR_YT_090,1.0,0.5,0.0,0.75,C
BR_00098,CR_YT_091,1.0,0.5,0.0,0.75,C
BR_00098,CR_YT_092,1.0,0.5,0.0,0.75,C
BR_00098,CR_YT_099,1.0,0.5,0.0,0.75,C
BR_00098,CR_YT_102,1.0,0.75,0.0,0.875,B
BR_00098,CR_YT_107,1.0,0.5,0.0,0.75,C
BR_00098,CR_YT_108,1.0,0.5,0.0,0.75,C
BR_00098,CR_YT_110,1.0,0.5,0.0,0.75,C
BR_00098,CR_YT_118,1.0,0.5,0.0,0.75,C
BR_00098,CR_YT_123,1.0,0.5,0.74,0.746,C
BR_00098,CR_YT_127,1.0,0.75,0.0,0.875,B
BR_00098,CR_YT_133,1.0,0.5,0.0,0.75,C
BR_00098,CR_YT_136,1.0,0.5,0.7192,0.7377,C
BR_00098,CR_YT_137,1.0,0.5,0.0,0.75,C
BR_00098,CR_YT_139,1.0,0.5,0.62,0.698,D
BR_00098,CR_YT_148,1.0,0.5,0.0,0.75,C
BR_00098,CR_YT_151,1.0,0.5,0.8425,0.787,C
BR_00098,CR_YT_157,1.0,0.5,0.0,0.75,C
BR_00098,CR_YT_158,1.0,0.5,0.0,0.75,C
BR_00098,CR_YT_163,1.0,0.5,0.74,0.746,C
BR_00098,CR_YT_170,1.0,0.5,0.0,0.75,C
BR_00098,CR_YT_179,1.0,0.5,0.0,0.75,C
BR_00098,CR_YT_187,1.0,0.75,0.0,0.875,B
BR_00098,CR_YT_189,1.0,0.5,0.0,0.75,C
BR_00098,CR_YT_203,1.0,0.5,0.0,0.75,C
BR_00098,CR_YT_207,1.0,0.75,1.0,0.925,A
BR_00098,CR_YT_208,1.0,0.5,0.0,0.75,C
BR_00098,CR_YT_210,1.0,0.5,0.0,0.75,C
BR_00098,CR_YT_215,1.0,0.75,0.0,0.875,B
BR_00098,CR_YT_216,1.0,0.5,0.0,0.75,C
BR_00098,CR_YT_217,1.0,0.5,0.0,0.75,C
BR_00098,CR_YT_223,1.0,0.5,0.0,0.75,C
BR_00098,CR_YT_226,1.0,0.5,0.0,0.75,C
BR_00098,CR_YT_234,1.0,0.5,0.0,0.75,C
BR_00098,CR_YT_237,1.0,0.5,0.0,0.75,C
BR_00098,CR_YT_243,1.0,0.5,0.0,0.75,C
BR_00098,CR_YT_256,1.0,0.5,0.0,0.75,C
BR_00098,CR_YT_257,1.0,0.5,0.0,0.75,C
BR_00098,CR_YT_260,1.0,0.5,0.0,0.75,C
BR_00098,CR_YT_264,1.0,0.5,0.0,0.75,C
BR_00098,CR_YT_269,1.0,0.5,0.0,0.75,C
BR_00098,CR_YT_273,1.0,0.75,0.0,0.875,B
BR_00098,CR_YT_274,1.0,0.5,0.0,0.75,C
BR_00098,CR_YT_275,1.0,0.5,0.0,0.75,C
BR_00098,CR_YT_276,1.0,0.5,0.0,0.75,C
BR_00098,CR_YT_283,1.0,0.5,0.0,0.75,C
BR_00098,CR_YT_288,1.0,0.5,0.0,0.75,C
BR_00098,CR_YT_297,1.0,0.5,0.0,0.75,C
BR_00098,CR_YT_300,1.0,0.75,0.0,0.875,B
BR_00098,CR_TK_001,1.0,0.5,0.0,0.75,C
BR_00098,CR_TK_009,1.0,0.5,0.0,0.75,C
BR_00098,CR_TK_016,1.0,0.5,0.0,0.75,C
BR_00098,CR_TK_022,1.0,0.5,0.0,0.75,C
BR_00098,CR_TK_024,1.0,0.5,0.0,0.75,C
BR_00098,CR_TK_027,1.0,0.5,0.0,0.75,C
BR_00098,CR_TK_028,1.0,0.5,0.0,0.75,C
BR_00098,CR_TK_034,1.0,0.25,0.0,0.625,D
BR_00098,CR_TK_035,1.0,0.5,0.0,0.75,C
BR_00098,CR_TK_042,1.0,0.5,0.0,0.75,C
BR_00098,CR_TK_052,1.0,0.5,0.0,0.75,C
BR_00098,CR_TK_055,1.0,0.5,0.0,0.75,C
BR_00098,CR_TK_063,1.0,0.5,0.0,0.75,C
BR_00098,CR_TK_064,1.0,0.5,0.8295,0.7818,C
BR_00098,CR_TK_077,1.0,0.75,0.0,0.875,B
BR_00098,CR_TK_078,1.0,0.5,0.0,0.75,C
BR_00098,CR_TK_079,1.0,0.5,0.82,0.778,C
BR_00098,CR_TK_081,1.0,0.5,0.0,0.75,C
BR_00098,CR_TK_084,1.0,0.5,0.94,0.826,B
BR_00098,CR_TK_087,1.0,0.5,0.0,0.75,C
BR_00098,CR_TK_088,1.0,0.5,0.0,0.75,C
BR_00098,CR_TK_089,1.0,0.75,0.0,0.875,B
BR_00098,CR_TK_091,1.0,0.5,0.0,0.75,C
BR_00098,CR_TK_107,1.0,0.75,0.0,0.875,B
BR_00098,CR_TK_115,1.0,0.5,0.0,0.75,C
BR_00098,CR_TK_125,1.0,0.5,0.0,0.75,C
BR_00098,CR_TK_135,1.0,0.5,1.0,0.85,B
BR_00098,CR_TK_136,1.0,0.5,0.0,0.75,C
BR_00098,CR_TK_150,1.0,0.5,0.0,0.75,C
BR_00098,CR_TK_155,1.0,0.5,0.0,0.75,C
BR_00098,CR_TK_156,1.0,0.5,0.0,0.75,C
BR_00098,CR_TK_162,1.0,0.5,0.0,0.75,C
BR_00098,CR_TK_170,1.0,0.5,0.88,0.802,B
BR_00098,CR_TK_173,1.0,0.5,0.0,0.75,C
BR_00098,CR_TK_183,1.0,0.5,0.64,0.706,C
BR_00098,CR_TK_184,1.0,0.5,0.0,0.75,C
BR_00098,CR_TK_190,1.0,0.5,0.0,0.75,C
BR_00099,CR_YT_003,1.0,0.5,0.0,0.75,C
BR_00099,CR_YT_005,1.0,0.75,0.0,0.875,B
BR_00099,CR_YT_006,1.0,0.75,0.0,0.875,B
BR_00099,CR_YT_009,1.0,0.5,0.0,0.75,C
BR_00099,CR_YT_010,1.0,0.75,0.0,0.875,B
BR_00099,CR_YT_015,1.0,1.0,0.0,1.0,A
BR_00099,CR_YT_023,1.0,1.0,0.0,1.0,A
BR_00099,CR_YT_029,1.0,1.0,0.0,1.0,A
BR_00099,CR_YT_031,1.0,0.75,0.0,0.875,B
BR_00099,CR_YT_036,1.0,0.75,0.0,0.875,B
BR_00099,CR_YT_039,1.0,1.0,0.0,1.0,A
BR_00099,CR_YT_040,1.0,0.75,0.0,0.875,B
BR_00099,CR_YT_048,1.0,0.75,0.0,0.875,B
BR_00099,CR_YT_057,1.0,0.75,0.0,0.875,B
BR_00099,CR_YT_058,1.0,0.5,0.0,0.75,C
BR_00099,CR_YT_060,1.0,0.75,0.0,0.875,B
BR_00099,CR_YT_062,1.0,0.5,0.0,0.75,C
BR_00099,CR_YT_068,1.0,0.75,0.0,0.875,B
BR_00099,CR_YT_073,1.0,0.75,0.0,0.875,B
BR_00099,CR_YT_077,1.0,0.75,0.0,0.875,B
BR_00099,CR_YT_079,1.0,0.75,0.0,0.875,B
BR_00099,CR_YT_090,1.0,0.75,0.86,0.869,B
BR_00099,CR_YT_091,1.0,0.5,0.0,0.75,C
BR_00099,CR_YT_092,1.0,0.75,0.0,0.875,B
BR_00099,CR_YT_099,1.0,0.5,0.0,0.75,C
BR_00099,CR_YT_102,1.0,0.75,0.0,0.875,B
BR_00099,CR_YT_107,1.0,0.75,0.0,0.875,B
BR_00099,CR_YT_108,1.0,1.0,0.0,1.0,A
BR_00099,CR_YT_110,1.0,0.75,0.9,0.885,B
BR_00099,CR_YT_118,1.0,0.75,0.0,0.875,B
BR_00099,CR_YT_123,1.0,0.5,0.0,0.75,C
BR_00099,CR_YT_127,1.0,1.0,0.0,1.0,A
BR_00099,CR_YT_133,1.0,0.5,0.0,0.75,C
BR_00099,CR_YT_136,1.0,0.5,0.0,0.75,C
BR_00099,CR_YT_137,1.0,0.75,0.0,0.875,B
BR_00099,CR_YT_139,1.0,1.0,0.84,0.936,A
BR_00099,CR_YT_148,1.0,0.5,0.0,0.75,C
BR_00099,CR_YT_151,1.0,0.75,0.0,0.875,B
BR_00099,CR_YT_157,1.0,0.75,0.0,0.875,B
BR_00099,CR_YT_158,1.0,0.5,0.0,0.75,C
BR_00099,CR_YT_163,1.0,0.5,0.0,0.75,C
BR_00099,CR_YT_170,1.0,1.0,0.0,1.0,A
BR_00099,CR_YT_179,1.0,0.5,0.0,0.75,C
BR_00099,CR_YT_187,1.0,1.0,0.0,1.0,A
BR_00099,CR_YT_189,1.0,0.75,0.0,0.875,B
BR_00099,CR_YT_203,1.0,0.5,0.0,0.75,C
BR_00099,CR_YT_207,1.0,1.0,0.0,1.0,A
BR_00099,CR_YT_208,1.0,1.0,0.78,0.912,A
BR_00099,CR_YT_210,1.0,1.0,0.0,1.0,A
BR_00099,CR_YT_215,1.0,1.0,0.0,1.0,A
BR_00099,CR_YT_216,1.0,0.75,0.0,0.875,B
BR_00099,CR_YT_217,1.0,0.5,0.0,0.75,C
BR_00099,CR_YT_223,1.0,0.5,0.0,0.75,C
BR_00099,CR_YT_226,1.0,0.5,0.0,0.75,C
BR_00099,CR_YT_234,1.0,1.0,0.0,1.0,A
BR_00099,CR_YT_237,1.0,0.5,0.0,0.75,C
BR_00099,CR_YT_243,1.0,0.5,0.0,0.75,C
BR_00099,CR_YT_256,1.0,0.75,0.0,0.875,B
BR_00099,CR_YT_257,1.0,0.75,0.0,0.875,B
BR_00099,CR_YT_260,1.0,0.5,0.0,0.75,C
BR_00099,CR_YT_264,1.0,0.75,0.0,0.875,B
BR_00099,CR_YT_269,1.0,0.75,0.0,0.875,B
BR_00099,CR_YT_273,1.0,0.75,0.0,0.875,B
BR_00099,CR_YT_274,1.0,0.75,0.0,0.875,B
BR_00099,CR_YT_275,1.0,0.75,0.8,0.845,B
BR_00099,CR_YT_276,1.0,0.75,0.0,0.875,B
BR_00099,CR_YT_283,1.0,0.5,0.0,0.75,C
BR_00099,CR_YT_288,1.0,0.5,0.94,0.826,B
BR_00099,CR_YT_297,1.0,0.75,0.0,0.875,B
BR_00099,CR_YT_300,1.0,0.75,1.0,0.925,A
BR_00099,CR_TK_001,1.0,0.75,0.0,0.875,B
BR_00099,CR_TK_009,1.0,0.75,0.0,0.875,B
BR_00099,CR_TK_016,1.0,0.75,0.0,0.875,B
BR_00099,CR_TK_022,1.0,0.5,0.72,0.738,C
BR_00099,CR_TK_024,1.0,1.0,0.0,1.0,A
BR_00099,CR_TK_027,1.0,0.5,0.0,0.75,C
BR_00099,CR_TK_028,1.0,0.5,0.0,0.75,C
BR_00099,CR_TK_034,1.0,0.5,0.0,0.75,C
BR_00099,CR_TK_035,1.0,0.75,0.0,0.875,B
BR_00099,CR_TK_042,1.0,0.5,0.76,0.754,C
BR_00099,CR_TK_052,1.0,1.0,0.0,1.0,A
BR_00099,CR_TK_055,1.0,0.5,0.0,0.75,C
BR_00099,CR_TK_063,1.0,0.75,0.0,0.875,B
BR_00099,CR_TK_064,1.0,0.75,0.0,0.875,B
BR_00099,CR_TK_077,1.0,0.75,0.0,0.875,B
BR_00099,CR_TK_078,1.0,0.5,0.0,0.75,C
BR_00099,CR_TK_079,1.0,0.75,0.0,0.875,B
BR_00099,CR_TK_081,1.0,0.5,0.0,0.75,C
BR_00099,CR_TK_084,1.0,0.75,0.0,0.875,B
BR_00099,CR_TK_087,1.0,0.5,0.0,0.75,C
BR_00099,CR_TK_088,1.0,0.5,0.0,0.75,C
BR_00099,CR_TK_089,1.0,1.0,0.0,1.0,A
BR_00099,CR_TK_091,1.0,0.75,0.0,0.875,B
BR_00099,CR_TK_107,1.0,1.0,0.0,1.0,A
BR_00099,CR_TK_115,1.0,0.75,0.0,0.875,B
BR_00099,CR_TK_125,1.0,0.75,0.0,0.875,B
BR_00099,CR_TK_135,1.0,1.0,0.0,1.0,A
BR_00099,CR_TK_136,1.0,0.75,0.0,0.875,B
BR_00099,CR_TK_150,1.0,0.5,0.0,0.75,C
BR_00099,CR_TK_155,1.0,0.75,0.0,0.875,B
BR_00099,CR_TK_156,1.0,0.5,0.0,0.75,C
BR_00099,CR_TK_162,1.0,0.5,0.0,0.75,C
BR_00099,CR_TK_170,1.0,0.75,0.0,0.875,B
BR_00099,CR_TK_173,1.0,0.75,0.0,0.875,B
BR_00099,CR_TK_183,1.0,0.75,0.68,0.797,C
BR_00099,CR_TK_184,1.0,0.75,0.0,0.875,B
BR_00099,CR_TK_190,1.0,0.75,0.0,0.875,B
BR_00100,CR_YT_001,1.0,1.0,0.0,1.0,A
BR_00100,CR_YT_013,1.0,1.0,0.74,0.896,B
BR_00100,CR_YT_019,1.0,1.0,0.0,1.0,A
BR_00100,CR_YT_044,1.0,1.0,0.0,1.0,A
BR_00100,CR_YT_053,1.0,1.0,0.0,1.0,A
BR_00100,CR_YT_064,1.0,1.0,0.0,1.0,A
BR_00100,CR_YT_065,1.0,0.75,0.0,0.875,B
BR_00100,CR_YT_080,1.0,1.0,0.0,1.0,A
BR_00100,CR_YT_081,1.0,1.0,0.0,1.0,A
BR_00100,CR_YT_083,1.0,0.75,0.0,0.875,B
BR_00100,CR_YT_087,1.0,1.0,0.0,1.0,A
BR_00100,CR_YT_104,1.0,1.0,0.0,1.0,A
BR_00100,CR_YT_106,1.0,1.0,0.0,1.0,A
BR_00100,CR_YT_109,1.0,1.0,0.72,0.888,B
BR_00100,CR_YT_134,1.0,0.75,0.0,0.875,B
BR_00100,CR_YT_161,1.0,1.0,0.0,1.0,A
BR_00100,CR_YT_172,1.0,1.0,0.0,1.0,A
BR_00100,CR_YT_195,1.0,0.5,0.7,0.73,C
BR_00100,CR_YT_202,1.0,1.0,0.0,1.0,A
BR_00100,CR_YT_225,1.0,1.0,0.0,1.0,A
BR_00100,CR_YT_227,1.0,0.75,0.0,0.875,B
BR_00100,CR_YT_229,1.0,0.75,0.0,0.875,B
BR_00100,CR_YT_241,1.0,0.75,0.0,0.875,B
BR_00100,CR_YT_252,1.0,1.0,0.56,0.824,B
BR_00100,CR_YT_255,1.0,0.75,0.0,0.875,B
BR_00100,CR_YT_277,1.0,0.75,0.0,0.875,B
BR_00100,CR_YT_278,1.0,1.0,0.0,1.0,A
BR_00100,CR_YT_279,1.0,1.0,0.0,1.0,A
BR_00100,CR_YT_285,1.0,1.0,0.0,1.0,A
BR_00100,CR_YT_294,1.0,1.0,0.9,0.96,A
BR_00100,CR_TK_008,1.0,0.75,0.0,0.875,B
BR_00100,CR_TK_012,1.0,1.0,0.0,1.0,A
BR_00100,CR_TK_014,1.0,1.0,0.0,1.0,A
BR_00100,CR_TK_030,1.0,1.0,0.0,1.0,A
BR_00100,CR_TK_048,1.0,1.0,0.78,0.912,A
BR_00100,CR_TK_050,1.0,1.0,0.0,1.0,A
BR_00100,CR_TK_065,1.0,1.0,0.0,1.0,A
BR_00100,CR_TK_092,1.0,0.75,0.0,0.875,B
BR_00100,CR_TK_099,1.0,1.0,0.0,1.0,A
BR_00100,CR_TK_110,1.0,1.0,0.0,1.0,A
BR_00100,CR_TK_113,1.0,0.75,0.0,0.875,B
BR_00100,CR_TK_124,1.0,0.75,0.0,0.875,B
BR_00100,CR_TK_133,1.0,0.75,0.0,0.875,B
BR_00100,CR_TK_137,1.0,0.75,0.0,0.875,B
BR_00100,CR_TK_141,1.0,1.0,0.0,1.0,A
BR_00100,CR_TK_145,1.0,1.0,0.0,1.0,A
BR_00100,CR_TK_157,1.0,0.75,0.0,0.875,B
BR_00100,CR_TK_160,1.0,0.75,0.0,0.875,B
BR_00100,CR_TK_181,1.0,0.75,0.0,0.875,B
BR_00100,CR_TK_195,1.0,1.0,0.0,1.0,A
BR_00100,CR_TK_198,1.0,0.75,0.0,0.875,B
BR_00100,CR_TK_200,1.0,1.0,0.0,1.0,A
